!Copyright (C) 2020  Intel Corporation. All rights reserved.
!Your use of Intel Corporation's design tools, logic functions 
!and other software and tools, and any partner logic 
!functions, and any output files from any of the foregoing 
!(including device programming or simulation files), and any 
!associated documentation or information are expressly subject 
!to the terms and conditions of the Intel Program License 
!Subscription Agreement, the Intel Quartus Prime License Agreement,
!the Intel FPGA IP License Agreement, or other applicable license
!agreement, including, without limitation, that your use is for
!the sole purpose of programming logic devices manufactured by
!Intel and sold by Intel or its authorized distributors.  Please
!refer to the applicable agreement for further details, at
!https://fpgasoftware.intel.com/eula.
!
!Quartus Prime SVF converter 20.1
!
!Device #1: EPM240 - G:/fw_builds/output_files/PICLK1_stage1.pof Wed Aug 26 16:20:29 2026
!
!NOTE "USERCODE" "0017497C";
!
!NOTE "CHECKSUM" "00174C74";
!
!
!
FREQUENCY 1.00E+05 HZ;
!
!
!
TRST ABSENT;
ENDDR IDLE;
ENDIR IRPAUSE;
STATE IDLE;
SIR 10 TDI (005);
RUNTEST IDLE 4 TCK ENDSTATE IDLE;
SDR 240 TDI (FFFFFFFFFFFFFFFFFFFFFFFFFFFFFFFFFFFFFFFFFFFFFFFFFFFFFFFFFFFF);
SIR 10 TDI (3FF);
RUNTEST 103 TCK;
SIR 10 TDI (2CC);
RUNTEST 103 TCK;
!
!
!
!CHECKING SILICON ID
!
!
!
SIR 10 TDI (203);
RUNTEST 4 TCK;
SDR 13 TDI (0089);
SIR 10 TDI (205);
RUNTEST 4 TCK;
SDR 16 TDI (FFFF) TDO (8232) MASK (FFFF);
SDR 16 TDI (FFFF) TDO (2AA2);
SDR 16 TDI (FFFF) TDO (4A82);
SDR 16 TDI (FFFF) TDO (0C2C);
SDR 16 TDI (FFFF) TDO (0000);
!
!
!
!BULK ERASE
!
!
!
SIR 10 TDI (203);
RUNTEST 4 TCK;
SDR 13 TDI (0011);
SIR 10 TDI (2F2);
RUNTEST 50003 TCK;
SIR 10 TDI (203);
RUNTEST 4 TCK;
SDR 13 TDI (0001);
SIR 10 TDI (2F2);
RUNTEST 50003 TCK;
SIR 10 TDI (203);
RUNTEST 4 TCK;
SDR 13 TDI (0000);
SIR 10 TDI (2F2);
RUNTEST 50003 TCK;
!
!
!
!PROGRAM
!
!
!
SIR 10 TDI (203);
RUNTEST 4 TCK;
SDR 13 TDI (0000);
SIR 10 TDI (2F4);
RUNTEST 4 TCK;
SDR 16 TDI (7FFF);
RUNTEST 10 TCK;
SDR 16 TDI (FFFF);
RUNTEST 10 TCK;
SDR 16 TDI (BFFF);
RUNTEST 10 TCK;
SDR 16 TDI (FFFF);
RUNTEST 10 TCK;
SDR 16 TDI (7FFF);
RUNTEST 10 TCK;
SDR 16 TDI (FFFF);
RUNTEST 10 TCK;
SDR 16 TDI (BFFF);
RUNTEST 10 TCK;
SDR 16 TDI (FFFF);
RUNTEST 10 TCK;
SDR 16 TDI (7FFF);
RUNTEST 10 TCK;
SDR 16 TDI (FFFF);
RUNTEST 10 TCK;
SDR 16 TDI (BFFF);
RUNTEST 10 TCK;
SDR 16 TDI (FFFF);
RUNTEST 10 TCK;
SDR 16 TDI (7FFF);
RUNTEST 10 TCK;
SDR 16 TDI (FFFF);
RUNTEST 10 TCK;
SDR 16 TDI (BFFF);
RUNTEST 10 TCK;
SDR 16 TDI (FFFF);
RUNTEST 10 TCK;
SDR 16 TDI (7FFF);
RUNTEST 10 TCK;
SDR 16 TDI (FFFF);
RUNTEST 10 TCK;
SDR 16 TDI (BFF7);
RUNTEST 10 TCK;
SDR 16 TDI (FFFF);
RUNTEST 10 TCK;
SDR 16 TDI (7FFF);
RUNTEST 10 TCK;
SDR 16 TDI (FFFF);
RUNTEST 10 TCK;
SDR 16 TDI (BFFF);
RUNTEST 10 TCK;
SDR 16 TDI (FFFF);
RUNTEST 10 TCK;
SDR 16 TDI (7FFF);
RUNTEST 10 TCK;
SDR 16 TDI (FFFF);
RUNTEST 10 TCK;
SDR 16 TDI (BF7F);
RUNTEST 10 TCK;
SDR 16 TDI (EFFF);
RUNTEST 10 TCK;
SDR 16 TDI (7FFF);
RUNTEST 10 TCK;
SDR 16 TDI (FFFF);
RUNTEST 10 TCK;
SDR 16 TDI (BFFF);
RUNTEST 10 TCK;
SDR 16 TDI (FFFF);
RUNTEST 10 TCK;
SDR 16 TDI (77FF);
RUNTEST 10 TCK;
SDR 16 TDI (FFFF);
RUNTEST 10 TCK;
SDR 16 TDI (BFFF);
RUNTEST 10 TCK;
SDR 16 TDI (CFDF);
RUNTEST 10 TCK;
SDR 16 TDI (7FFD);
RUNTEST 10 TCK;
SDR 16 TDI (FF7F);
RUNTEST 10 TCK;
SDR 16 TDI (BFFF);
RUNTEST 10 TCK;
SDR 16 TDI (DFF9);
RUNTEST 10 TCK;
SDR 16 TDI (733F);
RUNTEST 10 TCK;
SDR 16 TDI (FF5F);
RUNTEST 10 TCK;
SDR 16 TDI (AFFF);
RUNTEST 10 TCK;
SDR 16 TDI (FCCF);
RUNTEST 10 TCK;
SDR 16 TDI (7FF3);
RUNTEST 10 TCK;
SDR 16 TDI (FFFF);
RUNTEST 10 TCK;
SDR 16 TDI (BF4C);
RUNTEST 10 TCK;
SDR 16 TDI (CFFF);
RUNTEST 10 TCK;
SDR 16 TDI (6FFF);
RUNTEST 10 TCK;
SDR 16 TDI (FFFF);
RUNTEST 10 TCK;
SDR 16 TDI (BFFF);
RUNTEST 10 TCK;
SDR 16 TDI (FE76);
RUNTEST 10 TCK;
SDR 16 TDI (6FF7);
RUNTEST 10 TCK;
SDR 16 TDI (FFFF);
RUNTEST 10 TCK;
SDR 16 TDI (BFE6);
RUNTEST 10 TCK;
SDR 16 TDI (77FF);
RUNTEST 10 TCK;
SDR 16 TDI (777F);
RUNTEST 10 TCK;
SDR 16 TDI (FFF5);
RUNTEST 10 TCK;
SDR 16 TDI (BBBF);
RUNTEST 10 TCK;
SDR 16 TDI (DFFF);
RUNTEST 10 TCK;
SDR 16 TDI (7FFF);
RUNTEST 10 TCK;
SDR 16 TDI (559F);
RUNTEST 10 TCK;
SDR 16 TDI (BDFF);
RUNTEST 10 TCK;
SDR 16 TDI (FEFE);
RUNTEST 10 TCK;
SDR 16 TDI (7FFF);
RUNTEST 10 TCK;
SDR 16 TDI (FFFF);
RUNTEST 10 TCK;
SDR 16 TDI (BFFF);
RUNTEST 10 TCK;
SDR 16 TDI (FFED);
RUNTEST 10 TCK;
SDR 16 TDI (7FFF);
RUNTEST 10 TCK;
SDR 16 TDI (FFFF);
RUNTEST 10 TCK;
SDR 16 TDI (BFFD);
RUNTEST 10 TCK;
SDR 16 TDI (FFFF);
RUNTEST 10 TCK;
SDR 16 TDI (7FFF);
RUNTEST 10 TCK;
SDR 16 TDI (FFFB);
RUNTEST 10 TCK;
SDR 16 TDI (BFF7);
RUNTEST 10 TCK;
SDR 16 TDI (FFFF);
RUNTEST 10 TCK;
SDR 16 TDI (7FFF);
RUNTEST 10 TCK;
SDR 16 TDI (FFFF);
RUNTEST 10 TCK;
SDR 16 TDI (BFFF);
RUNTEST 10 TCK;
SDR 16 TDI (FFFE);
RUNTEST 10 TCK;
SDR 16 TDI (7FFF);
RUNTEST 10 TCK;
SDR 16 TDI (FFFF);
RUNTEST 10 TCK;
SDR 16 TDI (BFFF);
RUNTEST 10 TCK;
SDR 16 TDI (FDFF);
RUNTEST 10 TCK;
SDR 16 TDI (7FFF);
RUNTEST 10 TCK;
SDR 16 TDI (FFFF);
RUNTEST 10 TCK;
SDR 16 TDI (BFEF);
RUNTEST 10 TCK;
SDR 16 TDI (FFFF);
RUNTEST 10 TCK;
SDR 16 TDI (7EFF);
RUNTEST 10 TCK;
SDR 16 TDI (EFFF);
RUNTEST 10 TCK;
SDR 16 TDI (BFFF);
RUNTEST 10 TCK;
SDR 16 TDI (FFFF);
RUNTEST 10 TCK;
SDR 16 TDI (7FFF);
RUNTEST 10 TCK;
SDR 16 TDI (7F7F);
RUNTEST 10 TCK;
SDR 16 TDI (BEFF);
RUNTEST 10 TCK;
SDR 16 TDI (FFFE);
RUNTEST 10 TCK;
SDR 16 TDI (6FFF);
RUNTEST 10 TCK;
SDR 16 TDI (FFFF);
RUNTEST 10 TCK;
SDR 16 TDI (BFFF);
RUNTEST 10 TCK;
SDR 16 TDI (FFBB);
RUNTEST 10 TCK;
SDR 16 TDI (77ED);
RUNTEST 10 TCK;
SDR 16 TDI (FFFF);
RUNTEST 10 TCK;
SDR 16 TDI (BFFB);
RUNTEST 10 TCK;
SDR 16 TDI (9BFF);
RUNTEST 10 TCK;
SDR 16 TDI (77FF);
RUNTEST 10 TCK;
SDR 16 TDI (EBFE);
RUNTEST 10 TCK;
SDR 16 TDI (ADDF);
RUNTEST 10 TCK;
SDR 16 TDI (BFFF);
RUNTEST 10 TCK;
SDR 16 TDI (7FEF);
RUNTEST 10 TCK;
SDR 16 TDI (D5DF);
RUNTEST 10 TCK;
SDR 16 TDI (BDFF);
RUNTEST 10 TCK;
SDR 16 TDI (FFFE);
RUNTEST 10 TCK;
SDR 16 TDI (7FFF);
RUNTEST 10 TCK;
SDR 16 TDI (FFFF);
RUNTEST 10 TCK;
SDR 16 TDI (BFFF);
RUNTEST 10 TCK;
SDR 16 TDI (F7FF);
RUNTEST 10 TCK;
SDR 16 TDI (6FFF);
RUNTEST 10 TCK;
SDR 16 TDI (FFFD);
RUNTEST 10 TCK;
SDR 16 TDI (BFBF);
RUNTEST 10 TCK;
SDR 16 TDI (F7F7);
RUNTEST 10 TCK;
SDR 16 TDI (7FF7);
RUNTEST 10 TCK;
SDR 16 TDI (EFFB);
RUNTEST 10 TCK;
SDR 16 TDI (BFFF);
RUNTEST 10 TCK;
SDR 16 TDI (FFFF);
RUNTEST 10 TCK;
SDR 16 TDI (7FFF);
RUNTEST 10 TCK;
SDR 16 TDI (FEEF);
RUNTEST 10 TCK;
SDR 16 TDI (BDFE);
RUNTEST 10 TCK;
SDR 16 TDI (FFFE);
RUNTEST 10 TCK;
SDR 16 TDI (6FFF);
RUNTEST 10 TCK;
SDR 16 TDI (FFFF);
RUNTEST 10 TCK;
SDR 16 TDI (BFFF);
RUNTEST 10 TCK;
SDR 16 TDI (FF7F);
RUNTEST 10 TCK;
SDR 16 TDI (7FFF);
RUNTEST 10 TCK;
SDR 16 TDI (D7FF);
RUNTEST 10 TCK;
SDR 16 TDI (BFFF);
RUNTEST 10 TCK;
SDR 16 TDI (FFFF);
RUNTEST 10 TCK;
SDR 16 TDI (7D7F);
RUNTEST 10 TCK;
SDR 16 TDI (EBFF);
RUNTEST 10 TCK;
SDR 16 TDI (BFFF);
RUNTEST 10 TCK;
SDR 16 TDI (FF5F);
RUNTEST 10 TCK;
SDR 16 TDI (7FFF);
RUNTEST 10 TCK;
SDR 16 TDI (FFFF);
RUNTEST 10 TCK;
SDR 16 TDI (BFFF);
RUNTEST 10 TCK;
SDR 16 TDI (F7FF);
RUNTEST 10 TCK;
SDR 16 TDI (6FFF);
RUNTEST 10 TCK;
SDR 16 TDI (FFFF);
RUNTEST 10 TCK;
SDR 16 TDI (BFFF);
RUNTEST 10 TCK;
SDR 16 TDI (F77F);
RUNTEST 10 TCK;
SDR 16 TDI (6FFF);
RUNTEST 10 TCK;
SDR 16 TDI (DFFB);
RUNTEST 10 TCK;
SDR 16 TDI (BFFF);
RUNTEST 10 TCK;
SDR 16 TDI (FBFF);
RUNTEST 10 TCK;
SDR 16 TDI (7D77);
RUNTEST 10 TCK;
SDR 16 TDI (EFFF);
RUNTEST 10 TCK;
SDR 16 TDI (BFFF);
RUNTEST 10 TCK;
SDR 16 TDI (FEFF);
RUNTEST 10 TCK;
SDR 16 TDI (7FFF);
RUNTEST 10 TCK;
SDR 16 TDI (FDEF);
RUNTEST 10 TCK;
SDR 16 TDI (BBFF);
RUNTEST 10 TCK;
SDR 16 TDI (6FFE);
RUNTEST 10 TCK;
SDR 16 TDI (6FFF);
RUNTEST 10 TCK;
SDR 16 TDI (FFFF);
RUNTEST 10 TCK;
SDR 16 TDI (BFFF);
RUNTEST 10 TCK;
SDR 16 TDI (FFFF);
RUNTEST 10 TCK;
SDR 16 TDI (7FFF);
RUNTEST 10 TCK;
SDR 16 TDI (EFFF);
RUNTEST 10 TCK;
SDR 16 TDI (BF7F);
RUNTEST 10 TCK;
SDR 16 TDI (FFF7);
RUNTEST 10 TCK;
SDR 16 TDI (7FFF);
RUNTEST 10 TCK;
SDR 16 TDI (FFF7);
RUNTEST 10 TCK;
SDR 16 TDI (BFFF);
RUNTEST 10 TCK;
SDR 16 TDI (FFDF);
RUNTEST 10 TCK;
SDR 16 TDI (7FFF);
RUNTEST 10 TCK;
SDR 16 TDI (FFFF);
RUNTEST 10 TCK;
SDR 16 TDI (BFFF);
RUNTEST 10 TCK;
SDR 16 TDI (FFFF);
RUNTEST 10 TCK;
SDR 16 TDI (7FFF);
RUNTEST 10 TCK;
SDR 16 TDI (FFFF);
RUNTEST 10 TCK;
SDR 16 TDI (BFFD);
RUNTEST 10 TCK;
SDR 16 TDI (FFFF);
RUNTEST 10 TCK;
SDR 16 TDI (7FFF);
RUNTEST 10 TCK;
SDR 16 TDI (F7FF);
RUNTEST 10 TCK;
SDR 16 TDI (BF7F);
RUNTEST 10 TCK;
SDR 16 TDI (FFF9);
RUNTEST 10 TCK;
SDR 16 TDI (7FFF);
RUNTEST 10 TCK;
SDR 16 TDI (EFFD);
RUNTEST 10 TCK;
SDR 16 TDI (BFFF);
RUNTEST 10 TCK;
SDR 16 TDI (FFFF);
RUNTEST 10 TCK;
SDR 16 TDI (7FFF);
RUNTEST 10 TCK;
SDR 16 TDI (FFFF);
RUNTEST 10 TCK;
SDR 16 TDI (BFEB);
RUNTEST 10 TCK;
SDR 16 TDI (FFFF);
RUNTEST 10 TCK;
SDR 16 TDI (7FFF);
RUNTEST 10 TCK;
SDR 16 TDI (FFFF);
RUNTEST 10 TCK;
SDR 16 TDI (BFFF);
RUNTEST 10 TCK;
SDR 16 TDI (BEEF);
RUNTEST 10 TCK;
SDR 16 TDI (7FFF);
RUNTEST 10 TCK;
SDR 16 TDI (FFFE);
RUNTEST 10 TCK;
SDR 16 TDI (BFFF);
RUNTEST 10 TCK;
SDR 16 TDI (FFFF);
RUNTEST 10 TCK;
SDR 16 TDI (7F7F);
RUNTEST 10 TCK;
SDR 16 TDI (EFFF);
RUNTEST 10 TCK;
SDR 16 TDI (BFFF);
RUNTEST 10 TCK;
SDR 16 TDI (FFFF);
RUNTEST 10 TCK;
SDR 16 TDI (7B7F);
RUNTEST 10 TCK;
SDR 16 TDI (FFFF);
RUNTEST 10 TCK;
SDR 16 TDI (BFFF);
RUNTEST 10 TCK;
SDR 16 TDI (FFFF);
RUNTEST 10 TCK;
SDR 16 TDI (7FFF);
RUNTEST 10 TCK;
SDR 16 TDI (FFFF);
RUNTEST 10 TCK;
SDR 16 TDI (BFFD);
RUNTEST 10 TCK;
SDR 16 TDI (FBFF);
RUNTEST 10 TCK;
SDR 16 TDI (7FFF);
RUNTEST 10 TCK;
SDR 16 TDI (FFFE);
RUNTEST 10 TCK;
SDR 16 TDI (BFFF);
RUNTEST 10 TCK;
SDR 16 TDI (FFFF);
RUNTEST 10 TCK;
SDR 16 TDI (7F7F);
RUNTEST 10 TCK;
SDR 16 TDI (EEBD);
RUNTEST 10 TCK;
SDR 16 TDI (BDFF);
RUNTEST 10 TCK;
SDR 16 TDI (FEEE);
RUNTEST 10 TCK;
SDR 16 TDI (7F7F);
RUNTEST 10 TCK;
SDR 16 TDI (FFFF);
RUNTEST 10 TCK;
SDR 16 TDI (BFFF);
RUNTEST 10 TCK;
SDR 16 TDI (FFF7);
RUNTEST 10 TCK;
SDR 16 TDI (7FFF);
RUNTEST 10 TCK;
SDR 16 TDI (FFFF);
RUNTEST 10 TCK;
SDR 16 TDI (BFFF);
RUNTEST 10 TCK;
SDR 16 TDI (7EDF);
RUNTEST 10 TCK;
SDR 16 TDI (7FFF);
RUNTEST 10 TCK;
SDR 16 TDI (EFFF);
RUNTEST 10 TCK;
SDR 16 TDI (BF7F);
RUNTEST 10 TCK;
SDR 16 TDI (FFFA);
RUNTEST 10 TCK;
SDR 16 TDI (7FFF);
RUNTEST 10 TCK;
SDR 16 TDI (FFFF);
RUNTEST 10 TCK;
SDR 16 TDI (BFFF);
RUNTEST 10 TCK;
SDR 16 TDI (FFFF);
RUNTEST 10 TCK;
SDR 16 TDI (77FF);
RUNTEST 10 TCK;
SDR 16 TDI (FFFF);
RUNTEST 10 TCK;
SDR 16 TDI (BFF5);
RUNTEST 10 TCK;
SDR 16 TDI (FFFF);
RUNTEST 10 TCK;
SDR 16 TDI (7FFF);
RUNTEST 10 TCK;
SDR 16 TDI (FFFF);
RUNTEST 10 TCK;
SDR 16 TDI (BFFF);
RUNTEST 10 TCK;
SDR 16 TDI (FFFF);
RUNTEST 10 TCK;
SDR 16 TDI (7FFF);
RUNTEST 10 TCK;
SDR 16 TDI (FFFE);
RUNTEST 10 TCK;
SDR 16 TDI (B7FF);
RUNTEST 10 TCK;
SDR 16 TDI (BFFF);
RUNTEST 10 TCK;
SDR 16 TDI (7FFF);
RUNTEST 10 TCK;
SDR 16 TDI (FFFF);
RUNTEST 10 TCK;
SDR 16 TDI (BFFF);
RUNTEST 10 TCK;
SDR 16 TDI (FAFF);
RUNTEST 10 TCK;
SDR 16 TDI (7FFF);
RUNTEST 10 TCK;
SDR 16 TDI (FFFF);
RUNTEST 10 TCK;
SDR 16 TDI (BFFF);
RUNTEST 10 TCK;
SDR 16 TDI (FFDF);
RUNTEST 10 TCK;
SDR 16 TDI (7FFF);
RUNTEST 10 TCK;
SDR 16 TDI (FFFF);
RUNTEST 10 TCK;
SDR 16 TDI (BFFF);
RUNTEST 10 TCK;
SDR 16 TDI (FFFF);
RUNTEST 10 TCK;
SDR 16 TDI (7FFF);
RUNTEST 10 TCK;
SDR 16 TDI (FFFF);
RUNTEST 10 TCK;
SDR 16 TDI (BF9D);
RUNTEST 10 TCK;
SDR 16 TDI (FFFB);
RUNTEST 10 TCK;
SDR 16 TDI (6FFD);
RUNTEST 10 TCK;
SDR 16 TDI (6FFF);
RUNTEST 10 TCK;
SDR 16 TDI (B7FF);
RUNTEST 10 TCK;
SDR 16 TDI (FFBF);
RUNTEST 10 TCK;
SDR 16 TDI (7FFF);
RUNTEST 10 TCK;
SDR 16 TDI (FFFF);
RUNTEST 10 TCK;
SDR 16 TDI (BFFF);
RUNTEST 10 TCK;
SDR 16 TDI (FFFD);
RUNTEST 10 TCK;
SDR 16 TDI (7FFF);
RUNTEST 10 TCK;
SDR 16 TDI (FFFF);
RUNTEST 10 TCK;
SDR 16 TDI (BFFF);
RUNTEST 10 TCK;
SDR 16 TDI (FFFF);
RUNTEST 10 TCK;
SDR 16 TDI (7FFF);
RUNTEST 10 TCK;
SDR 16 TDI (FFFE);
RUNTEST 10 TCK;
SDR 16 TDI (B7FD);
RUNTEST 10 TCK;
SDR 16 TDI (FFFF);
RUNTEST 10 TCK;
SDR 16 TDI (7FFF);
RUNTEST 10 TCK;
SDR 16 TDI (FFFF);
RUNTEST 10 TCK;
SDR 16 TDI (BFFF);
RUNTEST 10 TCK;
SDR 16 TDI (FF5F);
RUNTEST 10 TCK;
SDR 16 TDI (7FFF);
RUNTEST 10 TCK;
SDR 16 TDI (FFFF);
RUNTEST 10 TCK;
SDR 16 TDI (BFFF);
RUNTEST 10 TCK;
SDR 16 TDI (FFDF);
RUNTEST 10 TCK;
SDR 16 TDI (7FFF);
RUNTEST 10 TCK;
SDR 16 TDI (FFFF);
RUNTEST 10 TCK;
SDR 16 TDI (BFFF);
RUNTEST 10 TCK;
SDR 16 TDI (FFFF);
RUNTEST 10 TCK;
SDR 16 TDI (7FFF);
RUNTEST 10 TCK;
SDR 16 TDI (FFFF);
RUNTEST 10 TCK;
SDR 16 TDI (BF5F);
RUNTEST 10 TCK;
SDR 16 TDI (7FFF);
RUNTEST 10 TCK;
SDR 16 TDI (6FFB);
RUNTEST 10 TCK;
SDR 16 TDI (7FFF);
RUNTEST 10 TCK;
SDR 16 TDI (AFFF);
RUNTEST 10 TCK;
SDR 16 TDI (FDFF);
RUNTEST 10 TCK;
SDR 16 TDI (7FFF);
RUNTEST 10 TCK;
SDR 16 TDI (FFFF);
RUNTEST 10 TCK;
SDR 16 TDI (BFFF);
RUNTEST 10 TCK;
SDR 16 TDI (FFFD);
RUNTEST 10 TCK;
SDR 16 TDI (7FFF);
RUNTEST 10 TCK;
SDR 16 TDI (FFFF);
RUNTEST 10 TCK;
SDR 16 TDI (A55F);
RUNTEST 10 TCK;
SDR 16 TDI (FFFF);
RUNTEST 10 TCK;
SDR 16 TDI (7FFF);
RUNTEST 10 TCK;
SDR 16 TDI (FFFF);
RUNTEST 10 TCK;
SDR 16 TDI (ADFD);
RUNTEST 10 TCK;
SDR 16 TDI (EFBF);
RUNTEST 10 TCK;
SDR 16 TDI (7FFF);
RUNTEST 10 TCK;
SDR 16 TDI (FBBB);
RUNTEST 10 TCK;
SDR 16 TDI (BEFF);
RUNTEST 10 TCK;
SDR 16 TDI (FEF6);
RUNTEST 10 TCK;
SDR 16 TDI (7FFF);
RUNTEST 10 TCK;
SDR 16 TDI (FFFF);
RUNTEST 10 TCK;
SDR 16 TDI (BFFF);
RUNTEST 10 TCK;
SDR 16 TDI (FFED);
RUNTEST 10 TCK;
SDR 16 TDI (7BFF);
RUNTEST 10 TCK;
SDR 16 TDI (FFFF);
RUNTEST 10 TCK;
SDR 16 TDI (AFFF);
RUNTEST 10 TCK;
SDR 16 TDI (FFFF);
RUNTEST 10 TCK;
SDR 16 TDI (7FFF);
RUNTEST 10 TCK;
SDR 16 TDI (FFFF);
RUNTEST 10 TCK;
SDR 16 TDI (BFFF);
RUNTEST 10 TCK;
SDR 16 TDI (FFFF);
RUNTEST 10 TCK;
SDR 16 TDI (7FFD);
RUNTEST 10 TCK;
SDR 16 TDI (FFFF);
RUNTEST 10 TCK;
SDR 16 TDI (AFFF);
RUNTEST 10 TCK;
SDR 16 TDI (FFFF);
RUNTEST 10 TCK;
SDR 16 TDI (7FFF);
RUNTEST 10 TCK;
SDR 16 TDI (FFFF);
RUNTEST 10 TCK;
SDR 16 TDI (BFFF);
RUNTEST 10 TCK;
SDR 16 TDI (FFFF);
RUNTEST 10 TCK;
SDR 16 TDI (6FFF);
RUNTEST 10 TCK;
SDR 16 TDI (FFFF);
RUNTEST 10 TCK;
SDR 16 TDI (A55F);
RUNTEST 10 TCK;
SDR 16 TDI (FFFF);
RUNTEST 10 TCK;
SDR 16 TDI (7FFF);
RUNTEST 10 TCK;
SDR 16 TDI (FFFF);
RUNTEST 10 TCK;
SDR 16 TDI (BFDF);
RUNTEST 10 TCK;
SDR 16 TDI (DFF7);
RUNTEST 10 TCK;
SDR 16 TDI (6FFF);
RUNTEST 10 TCK;
SDR 16 TDI (FD5D);
RUNTEST 10 TCK;
SDR 16 TDI (BBBF);
RUNTEST 10 TCK;
SDR 16 TDI (DDDD);
RUNTEST 10 TCK;
SDR 16 TDI (7BFF);
RUNTEST 10 TCK;
SDR 16 TDI (FFFF);
RUNTEST 10 TCK;
SDR 16 TDI (BFFF);
RUNTEST 10 TCK;
SDR 16 TDI (FFED);
RUNTEST 10 TCK;
SDR 16 TDI (7BFF);
RUNTEST 10 TCK;
SDR 16 TDI (FFFF);
RUNTEST 10 TCK;
SDR 16 TDI (AAAF);
RUNTEST 10 TCK;
SDR 16 TDI (FFFF);
RUNTEST 10 TCK;
SDR 16 TDI (7FFF);
RUNTEST 10 TCK;
SDR 16 TDI (FFFF);
RUNTEST 10 TCK;
SDR 16 TDI (ADFE);
RUNTEST 10 TCK;
SDR 16 TDI (FFFB);
RUNTEST 10 TCK;
SDR 16 TDI (7DFB);
RUNTEST 10 TCK;
SDR 16 TDI (FFFB);
RUNTEST 10 TCK;
SDR 16 TDI (AFBF);
RUNTEST 10 TCK;
SDR 16 TDI (DDDB);
RUNTEST 10 TCK;
SDR 16 TDI (7BFF);
RUNTEST 10 TCK;
SDR 16 TDI (FFFF);
RUNTEST 10 TCK;
SDR 16 TDI (BFFF);
RUNTEST 10 TCK;
SDR 16 TDI (FFFB);
RUNTEST 10 TCK;
SDR 16 TDI (67FF);
RUNTEST 10 TCK;
SDR 16 TDI (FFFF);
RUNTEST 10 TCK;
SDR 16 TDI (BFFF);
RUNTEST 10 TCK;
SDR 16 TDI (FFFF);
RUNTEST 10 TCK;
SDR 16 TDI (7FFF);
RUNTEST 10 TCK;
SDR 16 TDI (FFFF);
RUNTEST 10 TCK;
SDR 16 TDI (BFFF);
RUNTEST 10 TCK;
SDR 16 TDI (FFFE);
RUNTEST 10 TCK;
SDR 16 TDI (7FFF);
RUNTEST 10 TCK;
SDR 16 TDI (B5DD);
RUNTEST 10 TCK;
SDR 16 TDI (BAFF);
RUNTEST 10 TCK;
SDR 16 TDI (F777);
RUNTEST 10 TCK;
SDR 16 TDI (6EFF);
RUNTEST 10 TCK;
SDR 16 TDI (FFFF);
RUNTEST 10 TCK;
SDR 16 TDI (BFFF);
RUNTEST 10 TCK;
SDR 16 TDI (FFFF);
RUNTEST 10 TCK;
SDR 16 TDI (7FFF);
RUNTEST 10 TCK;
SDR 16 TDI (FFFF);
RUNTEST 10 TCK;
SDR 16 TDI (BFFF);
RUNTEST 10 TCK;
SDR 16 TDI (FFFF);
RUNTEST 10 TCK;
SDR 16 TDI (7FFF);
RUNTEST 10 TCK;
SDR 16 TDI (FFFF);
RUNTEST 10 TCK;
SDR 16 TDI (BFDF);
RUNTEST 10 TCK;
SDR 16 TDI (FFFE);
RUNTEST 10 TCK;
SDR 16 TDI (753F);
RUNTEST 10 TCK;
SDR 16 TDI (BFFF);
RUNTEST 10 TCK;
SDR 16 TDI (BFFF);
RUNTEST 10 TCK;
SDR 16 TDI (F7FF);
RUNTEST 10 TCK;
SDR 16 TDI (7EFF);
RUNTEST 10 TCK;
SDR 16 TDI (FFFF);
RUNTEST 10 TCK;
SDR 16 TDI (BFFF);
RUNTEST 10 TCK;
SDR 16 TDI (FFFF);
RUNTEST 10 TCK;
SDR 16 TDI (7FFF);
RUNTEST 10 TCK;
SDR 16 TDI (FFFF);
RUNTEST 10 TCK;
SDR 16 TDI (BFFF);
RUNTEST 10 TCK;
SDR 16 TDI (FFFF);
RUNTEST 10 TCK;
SDR 16 TDI (7FFF);
RUNTEST 10 TCK;
SDR 16 TDI (FFFE);
RUNTEST 10 TCK;
SDR 16 TDI (AFDF);
RUNTEST 10 TCK;
SDR 16 TDI (EFFF);
RUNTEST 10 TCK;
SDR 16 TDI (6EFF);
RUNTEST 10 TCK;
SDR 16 TDI (99FD);
RUNTEST 10 TCK;
SDR 16 TDI (BABF);
RUNTEST 10 TCK;
SDR 16 TDI (D5D9);
RUNTEST 10 TCK;
SDR 16 TDI (7BFF);
RUNTEST 10 TCK;
SDR 16 TDI (FFFF);
RUNTEST 10 TCK;
SDR 16 TDI (BFFF);
RUNTEST 10 TCK;
SDR 16 TDI (FFFF);
RUNTEST 10 TCK;
SDR 16 TDI (7FFF);
RUNTEST 10 TCK;
SDR 16 TDI (FFFF);
RUNTEST 10 TCK;
SDR 16 TDI (BAAF);
RUNTEST 10 TCK;
SDR 16 TDI (FFFF);
RUNTEST 10 TCK;
SDR 16 TDI (7FFF);
RUNTEST 10 TCK;
SDR 16 TDI (FFFF);
RUNTEST 10 TCK;
SDR 16 TDI (BCFF);
RUNTEST 10 TCK;
SDR 16 TDI (DFFE);
RUNTEST 10 TCK;
SDR 16 TDI (7DFB);
RUNTEST 10 TCK;
SDR 16 TDI (F662);
RUNTEST 10 TCK;
SDR 16 TDI (BD7F);
RUNTEST 10 TCK;
SDR 16 TDI (EEE6);
RUNTEST 10 TCK;
SDR 16 TDI (6DFF);
RUNTEST 10 TCK;
SDR 16 TDI (FFFF);
RUNTEST 10 TCK;
SDR 16 TDI (BFFF);
RUNTEST 10 TCK;
SDR 16 TDI (FFEE);
RUNTEST 10 TCK;
SDR 16 TDI (7FFF);
RUNTEST 10 TCK;
SDR 16 TDI (FFFF);
RUNTEST 10 TCK;
SDR 16 TDI (BFFF);
RUNTEST 10 TCK;
SDR 16 TDI (FFFF);
RUNTEST 10 TCK;
SDR 16 TDI (7FFF);
RUNTEST 10 TCK;
SDR 16 TDI (FFFF);
RUNTEST 10 TCK;
SDR 16 TDI (BFEC);
RUNTEST 10 TCK;
SDR 16 TDI (FF71);
RUNTEST 10 TCK;
SDR 16 TDI (73DD);
RUNTEST 10 TCK;
SDR 16 TDI (FF9F);
RUNTEST 10 TCK;
SDR 16 TDI (A7DF);
RUNTEST 10 TCK;
SDR 16 TDI (BB3F);
RUNTEST 10 TCK;
SDR 16 TDI (76FF);
RUNTEST 10 TCK;
SDR 16 TDI (FFFF);
RUNTEST 10 TCK;
SDR 16 TDI (BFFF);
RUNTEST 10 TCK;
SDR 16 TDI (FFFF);
RUNTEST 10 TCK;
SDR 16 TDI (7FFF);
RUNTEST 10 TCK;
SDR 16 TDI (FFFF);
RUNTEST 10 TCK;
SDR 16 TDI (A55F);
RUNTEST 10 TCK;
SDR 16 TDI (FFFF);
RUNTEST 10 TCK;
SDR 16 TDI (7FDF);
RUNTEST 10 TCK;
SDR 16 TDI (FFFF);
RUNTEST 10 TCK;
SDR 16 TDI (BBBB);
RUNTEST 10 TCK;
SDR 16 TDI (B7E0);
RUNTEST 10 TCK;
SDR 16 TDI (601F);
RUNTEST 10 TCK;
SDR 16 TDI (FA8A);
RUNTEST 10 TCK;
SDR 16 TDI (BFFF);
RUNTEST 10 TCK;
SDR 16 TDI (7FF9);
RUNTEST 10 TCK;
SDR 16 TDI (7FFF);
RUNTEST 10 TCK;
SDR 16 TDI (FFFF);
RUNTEST 10 TCK;
SDR 16 TDI (B7FF);
RUNTEST 10 TCK;
SDR 16 TDI (FFF5);
RUNTEST 10 TCK;
SDR 16 TDI (6BFF);
RUNTEST 10 TCK;
SDR 16 TDI (FFFF);
RUNTEST 10 TCK;
SDR 16 TDI (AFFF);
RUNTEST 10 TCK;
SDR 16 TDI (FFFF);
RUNTEST 10 TCK;
SDR 16 TDI (7FBF);
RUNTEST 10 TCK;
SDR 16 TDI (FFFF);
RUNTEST 10 TCK;
SDR 16 TDI (BFFF);
RUNTEST 10 TCK;
SDR 16 TDI (F3F0);
RUNTEST 10 TCK;
SDR 16 TDI (6077);
RUNTEST 10 TCK;
SDR 16 TDI (7A0A);
RUNTEST 10 TCK;
SDR 16 TDI (A01E);
RUNTEST 10 TCK;
SDR 16 TDI (8001);
RUNTEST 10 TCK;
SDR 16 TDI (70FF);
RUNTEST 10 TCK;
SDR 16 TDI (FFFF);
RUNTEST 10 TCK;
SDR 16 TDI (AFFF);
RUNTEST 10 TCK;
SDR 16 TDI (FFFF);
RUNTEST 10 TCK;
SDR 16 TDI (7FFF);
RUNTEST 10 TCK;
SDR 16 TDI (FFFF);
RUNTEST 10 TCK;
SDR 16 TDI (B55F);
RUNTEST 10 TCK;
SDR 16 TDI (FFFF);
RUNTEST 10 TCK;
SDR 16 TDI (7FFF);
RUNTEST 10 TCK;
SDR 16 TDI (FFFF);
RUNTEST 10 TCK;
SDR 16 TDI (B733);
RUNTEST 10 TCK;
SDR 16 TDI (3FF1);
RUNTEST 10 TCK;
SDR 16 TDI (626E);
RUNTEST 10 TCK;
SDR 16 TDI (F1FD);
RUNTEST 10 TCK;
SDR 16 TDI (BFFF);
RUNTEST 10 TCK;
SDR 16 TDI (F7F1);
RUNTEST 10 TCK;
SDR 16 TDI (6EFF);
RUNTEST 10 TCK;
SDR 16 TDI (FFFF);
RUNTEST 10 TCK;
SDR 16 TDI (BFFF);
RUNTEST 10 TCK;
SDR 16 TDI (FFF5);
RUNTEST 10 TCK;
SDR 16 TDI (67FF);
RUNTEST 10 TCK;
SDR 16 TDI (FFFF);
RUNTEST 10 TCK;
SDR 16 TDI (BFFF);
RUNTEST 10 TCK;
SDR 16 TDI (FFFF);
RUNTEST 10 TCK;
SDR 16 TDI (7FFF);
RUNTEST 10 TCK;
SDR 16 TDI (FFFF);
RUNTEST 10 TCK;
SDR 16 TDI (BF77);
RUNTEST 10 TCK;
SDR 16 TDI (7BF9);
RUNTEST 10 TCK;
SDR 16 TDI (67E6);
RUNTEST 10 TCK;
SDR 16 TDI (79F9);
RUNTEST 10 TCK;
SDR 16 TDI (B11F);
RUNTEST 10 TCK;
SDR 16 TDI (8081);
RUNTEST 10 TCK;
SDR 16 TDI (70FF);
RUNTEST 10 TCK;
SDR 16 TDI (FFFF);
RUNTEST 10 TCK;
SDR 16 TDI (BFFF);
RUNTEST 10 TCK;
SDR 16 TDI (FFFF);
RUNTEST 10 TCK;
SDR 16 TDI (7BFF);
RUNTEST 10 TCK;
SDR 16 TDI (FFFF);
RUNTEST 10 TCK;
SDR 16 TDI (BFFF);
RUNTEST 10 TCK;
SDR 16 TDI (3333);
RUNTEST 10 TCK;
SDR 16 TDI (63E6);
RUNTEST 10 TCK;
SDR 16 TDI (6667);
RUNTEST 10 TCK;
SDR 16 TDI (B333);
RUNTEST 10 TCK;
SDR 16 TDI (31F7);
RUNTEST 10 TCK;
SDR 16 TDI (6E26);
RUNTEST 10 TCK;
SDR 16 TDI (7CC8);
RUNTEST 10 TCK;
SDR 16 TDI (B98F);
RUNTEST 10 TCK;
SDR 16 TDI (9999);
RUNTEST 10 TCK;
SDR 16 TDI (73CC);
RUNTEST 10 TCK;
SDR 16 TDI (CCC7);
RUNTEST 10 TCK;
SDR 16 TDI (B999);
RUNTEST 10 TCK;
SDR 16 TDI (99FA);
RUNTEST 10 TCK;
SDR 16 TDI (7FFF);
RUNTEST 10 TCK;
SDR 16 TDI (FFFF);
RUNTEST 10 TCK;
SDR 16 TDI (BFFF);
RUNTEST 10 TCK;
SDR 16 TDI (7777);
RUNTEST 10 TCK;
SDR 16 TDI (6957);
RUNTEST 10 TCK;
SDR 16 TDI (7777);
RUNTEST 10 TCK;
SDR 16 TDI (B555);
RUNTEST 10 TCK;
SDR 16 TDI (54A3);
RUNTEST 10 TCK;
SDR 16 TDI (6755);
RUNTEST 10 TCK;
SDR 16 TDI (599D);
RUNTEST 10 TCK;
SDR 16 TDI (B325);
RUNTEST 10 TCK;
SDR 16 TDI (4CCC);
RUNTEST 10 TCK;
SDR 16 TDI (79DD);
RUNTEST 10 TCK;
SDR 16 TDI (DDD2);
RUNTEST 10 TCK;
SDR 16 TDI (B5DD);
RUNTEST 10 TCK;
SDR 16 TDI (DDFF);
RUNTEST 10 TCK;
SDR 16 TDI (7FFF);
RUNTEST 10 TCK;
SDR 16 TDI (FFFF);
RUNTEST 10 TCK;
SDR 16 TDI (BFFF);
RUNTEST 10 TCK;
SDR 16 TDI (FFFF);
RUNTEST 10 TCK;
SDR 16 TDI (7FDF);
RUNTEST 10 TCK;
SDR 16 TDI (FFFF);
RUNTEST 10 TCK;
SDR 16 TDI (BFFF);
RUNTEST 10 TCK;
SDR 16 TDI (FFEF);
RUNTEST 10 TCK;
SDR 16 TDI (7EFF);
RUNTEST 10 TCK;
SDR 16 TDI (FFFF);
RUNTEST 10 TCK;
SDR 16 TDI (BFFF);
RUNTEST 10 TCK;
SDR 16 TDI (7FFF);
RUNTEST 10 TCK;
SDR 16 TDI (7FFF);
RUNTEST 10 TCK;
SDR 16 TDI (FFFF);
RUNTEST 10 TCK;
SDR 16 TDI (B7FF);
RUNTEST 10 TCK;
SDR 16 TDI (FFFF);
RUNTEST 10 TCK;
SDR 16 TDI (7BFF);
RUNTEST 10 TCK;
SDR 16 TDI (FFFF);
RUNTEST 10 TCK;
SDR 16 TDI (BFFF);
RUNTEST 10 TCK;
SDR 16 TDI (FFFF);
RUNTEST 10 TCK;
SDR 16 TDI (7FFF);
RUNTEST 10 TCK;
SDR 16 TDI (FFBD);
RUNTEST 10 TCK;
SDR 16 TDI (BEBF);
RUNTEST 10 TCK;
SDR 16 TDI (FBFF);
RUNTEST 10 TCK;
SDR 16 TDI (7F7F);
RUNTEST 10 TCK;
SDR 16 TDI (FFFD);
RUNTEST 10 TCK;
SDR 16 TDI (BBDF);
RUNTEST 10 TCK;
SDR 16 TDI (BFDF);
RUNTEST 10 TCK;
SDR 16 TDI (7FFF);
RUNTEST 10 TCK;
SDR 16 TDI (FFFF);
RUNTEST 10 TCK;
SDR 16 TDI (BFFF);
RUNTEST 10 TCK;
SDR 16 TDI (FFFF);
RUNTEST 10 TCK;
SDR 16 TDI (7FFF);
RUNTEST 10 TCK;
SDR 16 TDI (FFFF);
RUNTEST 10 TCK;
SDR 16 TDI (BFFF);
RUNTEST 10 TCK;
SDR 16 TDI (EFFE);
RUNTEST 10 TCK;
SDR 16 TDI (7FFF);
RUNTEST 10 TCK;
SDR 16 TDI (FFFF);
RUNTEST 10 TCK;
SDR 16 TDI (BFFB);
RUNTEST 10 TCK;
SDR 16 TDI (AFF7);
RUNTEST 10 TCK;
SDR 16 TDI (6FAF);
RUNTEST 10 TCK;
SDR 16 TDI (7EEF);
RUNTEST 10 TCK;
SDR 16 TDI (BEFF);
RUNTEST 10 TCK;
SDR 16 TDI (F3FD);
RUNTEST 10 TCK;
SDR 16 TDI (77FF);
RUNTEST 10 TCK;
SDR 16 TDI (FFFF);
RUNTEST 10 TCK;
SDR 16 TDI (BFFF);
RUNTEST 10 TCK;
SDR 16 TDI (FFFF);
RUNTEST 10 TCK;
SDR 16 TDI (7FFF);
RUNTEST 10 TCK;
SDR 16 TDI (FFFF);
RUNTEST 10 TCK;
SDR 16 TDI (AFFF);
RUNTEST 10 TCK;
SDR 16 TDI (FFFF);
RUNTEST 10 TCK;
SDR 16 TDI (7FFF);
RUNTEST 10 TCK;
SDR 16 TDI (FFFF);
RUNTEST 10 TCK;
SDR 16 TDI (BDBF);
RUNTEST 10 TCK;
SDR 16 TDI (FBFF);
RUNTEST 10 TCK;
SDR 16 TDI (7F7F);
RUNTEST 10 TCK;
SDR 16 TDI (7FFD);
RUNTEST 10 TCK;
SDR 16 TDI (BEBF);
RUNTEST 10 TCK;
SDR 16 TDI (FFDD);
RUNTEST 10 TCK;
SDR 16 TDI (7FFF);
RUNTEST 10 TCK;
SDR 16 TDI (FFFF);
RUNTEST 10 TCK;
SDR 16 TDI (BFFF);
RUNTEST 10 TCK;
SDR 16 TDI (FFFF);
RUNTEST 10 TCK;
SDR 16 TDI (7DFF);
RUNTEST 10 TCK;
SDR 16 TDI (FFFF);
RUNTEST 10 TCK;
SDR 16 TDI (AFFF);
RUNTEST 10 TCK;
SDR 16 TDI (FFFF);
RUNTEST 10 TCK;
SDR 16 TDI (7FFF);
RUNTEST 10 TCK;
SDR 16 TDI (FFDD);
RUNTEST 10 TCK;
SDR 16 TDI (BFFF);
RUNTEST 10 TCK;
SDR 16 TDI (FFFF);
RUNTEST 10 TCK;
SDR 16 TDI (7FFF);
RUNTEST 10 TCK;
SDR 16 TDI (FFFF);
RUNTEST 10 TCK;
SDR 16 TDI (BBFF);
RUNTEST 10 TCK;
SDR 16 TDI (CFFF);
RUNTEST 10 TCK;
SDR 16 TDI (7FFF);
RUNTEST 10 TCK;
SDR 16 TDI (FFFF);
RUNTEST 10 TCK;
SDR 16 TDI (BFFF);
RUNTEST 10 TCK;
SDR 16 TDI (FFFB);
RUNTEST 10 TCK;
SDR 16 TDI (75FF);
RUNTEST 10 TCK;
SDR 16 TDI (FFFF);
RUNTEST 10 TCK;
SDR 16 TDI (BFFF);
RUNTEST 10 TCK;
SDR 16 TDI (FFD7);
RUNTEST 10 TCK;
SDR 16 TDI (7FEF);
RUNTEST 10 TCK;
SDR 16 TDI (FFFD);
RUNTEST 10 TCK;
SDR 16 TDI (BFFF);
RUNTEST 10 TCK;
SDR 16 TDI (FBFF);
RUNTEST 10 TCK;
SDR 16 TDI (7FFF);
RUNTEST 10 TCK;
SDR 16 TDI (FFFF);
RUNTEST 10 TCK;
SDR 16 TDI (BFFF);
RUNTEST 10 TCK;
SDR 16 TDI (FFFF);
RUNTEST 10 TCK;
SDR 16 TDI (7FFD);
RUNTEST 10 TCK;
SDR 16 TDI (FF7F);
RUNTEST 10 TCK;
SDR 16 TDI (BFFF);
RUNTEST 10 TCK;
SDR 16 TDI (FBFF);
RUNTEST 10 TCK;
SDR 16 TDI (7FFF);
RUNTEST 10 TCK;
SDR 16 TDI (FFFF);
RUNTEST 10 TCK;
SDR 16 TDI (BFFF);
RUNTEST 10 TCK;
SDR 16 TDI (BFFF);
RUNTEST 10 TCK;
SDR 16 TDI (7FFB);
RUNTEST 10 TCK;
SDR 16 TDI (F7FF);
RUNTEST 10 TCK;
SDR 16 TDI (B7FE);
RUNTEST 10 TCK;
SDR 16 TDI (BFFF);
RUNTEST 10 TCK;
SDR 16 TDI (7F7D);
RUNTEST 10 TCK;
SDR 16 TDI (FBFF);
RUNTEST 10 TCK;
SDR 16 TDI (ABFF);
RUNTEST 10 TCK;
SDR 16 TDI (FFFF);
RUNTEST 10 TCK;
SDR 16 TDI (7FFF);
RUNTEST 10 TCK;
SDR 16 TDI (FFFF);
RUNTEST 10 TCK;
SDR 16 TDI (BFFF);
RUNTEST 10 TCK;
SDR 16 TDI (BFFF);
RUNTEST 10 TCK;
SDR 16 TDI (7FFF);
RUNTEST 10 TCK;
SDR 16 TDI (FFFF);
RUNTEST 10 TCK;
SDR 16 TDI (BFFF);
RUNTEST 10 TCK;
SDR 16 TDI (FEF7);
RUNTEST 10 TCK;
SDR 16 TDI (7FFF);
RUNTEST 10 TCK;
SDR 16 TDI (FFBF);
RUNTEST 10 TCK;
SDR 16 TDI (A6FF);
RUNTEST 10 TCK;
SDR 16 TDI (FFFD);
RUNTEST 10 TCK;
SDR 16 TDI (7FFD);
RUNTEST 10 TCK;
SDR 16 TDI (EFFF);
RUNTEST 10 TCK;
SDR 16 TDI (BFFF);
RUNTEST 10 TCK;
SDR 16 TDI (FFEF);
RUNTEST 10 TCK;
SDR 16 TDI (7DFD);
RUNTEST 10 TCK;
SDR 16 TDI (FFFF);
RUNTEST 10 TCK;
SDR 16 TDI (BFFF);
RUNTEST 10 TCK;
SDR 16 TDI (FFFF);
RUNTEST 10 TCK;
SDR 16 TDI (7FFF);
RUNTEST 10 TCK;
SDR 16 TDI (FFFF);
RUNTEST 10 TCK;
SDR 16 TDI (BFFF);
RUNTEST 10 TCK;
SDR 16 TDI (7FEF);
RUNTEST 10 TCK;
SDR 16 TDI (7FF5);
RUNTEST 10 TCK;
SDR 16 TDI (EFFB);
RUNTEST 10 TCK;
SDR 16 TDI (BFFD);
RUNTEST 10 TCK;
SDR 16 TDI (7BFF);
RUNTEST 10 TCK;
SDR 16 TDI (7EFF);
RUNTEST 10 TCK;
SDR 16 TDI (FBFF);
RUNTEST 10 TCK;
SDR 16 TDI (B5FF);
RUNTEST 10 TCK;
SDR 16 TDI (FFFF);
RUNTEST 10 TCK;
SDR 16 TDI (7FFF);
RUNTEST 10 TCK;
SDR 16 TDI (FFBF);
RUNTEST 10 TCK;
SDR 16 TDI (BFFF);
RUNTEST 10 TCK;
SDR 16 TDI (DDFF);
RUNTEST 10 TCK;
SDR 16 TDI (7FFF);
RUNTEST 10 TCK;
SDR 16 TDI (FFFF);
RUNTEST 10 TCK;
SDR 16 TDI (BFFF);
RUNTEST 10 TCK;
SDR 16 TDI (F7FF);
RUNTEST 10 TCK;
SDR 16 TDI (7FFF);
RUNTEST 10 TCK;
SDR 16 TDI (FFFE);
RUNTEST 10 TCK;
SDR 16 TDI (BAFF);
RUNTEST 10 TCK;
SDR 16 TDI (BFFF);
RUNTEST 10 TCK;
SDR 16 TDI (7FDF);
RUNTEST 10 TCK;
SDR 16 TDI (7FFF);
RUNTEST 10 TCK;
SDR 16 TDI (B7FF);
RUNTEST 10 TCK;
SDR 16 TDI (FD7F);
RUNTEST 10 TCK;
SDR 16 TDI (7FFF);
RUNTEST 10 TCK;
SDR 16 TDI (FFFF);
RUNTEST 10 TCK;
SDR 16 TDI (BFFF);
RUNTEST 10 TCK;
SDR 16 TDI (FFFF);
RUNTEST 10 TCK;
SDR 16 TDI (6FFF);
RUNTEST 10 TCK;
SDR 16 TDI (FFFF);
RUNTEST 10 TCK;
SDR 16 TDI (BFFF);
RUNTEST 10 TCK;
SDR 16 TDI (FFFF);
RUNTEST 10 TCK;
SDR 16 TDI (7FF7);
RUNTEST 10 TCK;
SDR 16 TDI (FFFF);
RUNTEST 10 TCK;
SDR 16 TDI (BF5F);
RUNTEST 10 TCK;
SDR 16 TDI (FFFB);
RUNTEST 10 TCK;
SDR 16 TDI (7FFF);
RUNTEST 10 TCK;
SDR 16 TDI (E7FF);
RUNTEST 10 TCK;
SDR 16 TDI (BFFF);
RUNTEST 10 TCK;
SDR 16 TDI (DFFF);
RUNTEST 10 TCK;
SDR 16 TDI (7AFF);
RUNTEST 10 TCK;
SDR 16 TDI (FFDF);
RUNTEST 10 TCK;
SDR 16 TDI (BFFF);
RUNTEST 10 TCK;
SDR 16 TDI (FFFF);
RUNTEST 10 TCK;
SDR 16 TDI (7FFF);
RUNTEST 10 TCK;
SDR 16 TDI (FFFF);
RUNTEST 10 TCK;
SDR 16 TDI (BFFF);
RUNTEST 10 TCK;
SDR 16 TDI (FFFF);
RUNTEST 10 TCK;
SDR 16 TDI (7FFF);
RUNTEST 10 TCK;
SDR 16 TDI (BBFE);
RUNTEST 10 TCK;
SDR 16 TDI (BFFF);
RUNTEST 10 TCK;
SDR 16 TDI (7FFB);
RUNTEST 10 TCK;
SDR 16 TDI (7EFF);
RUNTEST 10 TCK;
SDR 16 TDI (F7BF);
RUNTEST 10 TCK;
SDR 16 TDI (BFFF);
RUNTEST 10 TCK;
SDR 16 TDI (FFFF);
RUNTEST 10 TCK;
SDR 16 TDI (7EFF);
RUNTEST 10 TCK;
SDR 16 TDI (FFFF);
RUNTEST 10 TCK;
SDR 16 TDI (BFFF);
RUNTEST 10 TCK;
SDR 16 TDI (FFFF);
RUNTEST 10 TCK;
SDR 16 TDI (6FFF);
RUNTEST 10 TCK;
SDR 16 TDI (FFFF);
RUNTEST 10 TCK;
SDR 16 TDI (BFFF);
RUNTEST 10 TCK;
SDR 16 TDI (FBFF);
RUNTEST 10 TCK;
SDR 16 TDI (7FFF);
RUNTEST 10 TCK;
SDR 16 TDI (FFFF);
RUNTEST 10 TCK;
SDR 16 TDI (BAAF);
RUNTEST 10 TCK;
SDR 16 TDI (FFFF);
RUNTEST 10 TCK;
SDR 16 TDI (7FBE);
RUNTEST 10 TCK;
SDR 16 TDI (FFFF);
RUNTEST 10 TCK;
SDR 16 TDI (AFFF);
RUNTEST 10 TCK;
SDR 16 TDI (FD7F);
RUNTEST 10 TCK;
SDR 16 TDI (77FF);
RUNTEST 10 TCK;
SDR 16 TDI (FFFF);
RUNTEST 10 TCK;
SDR 16 TDI (BFFF);
RUNTEST 10 TCK;
SDR 16 TDI (FFFF);
RUNTEST 10 TCK;
SDR 16 TDI (7FFF);
RUNTEST 10 TCK;
SDR 16 TDI (FFFF);
RUNTEST 10 TCK;
SDR 16 TDI (A55F);
RUNTEST 10 TCK;
SDR 16 TDI (FFFF);
RUNTEST 10 TCK;
SDR 16 TDI (7FBF);
RUNTEST 10 TCK;
SDR 16 TDI (FFFF);
RUNTEST 10 TCK;
SDR 16 TDI (BFEF);
RUNTEST 10 TCK;
SDR 16 TDI (DFFE);
RUNTEST 10 TCK;
SDR 16 TDI (7DFF);
RUNTEST 10 TCK;
SDR 16 TDI (FFFF);
RUNTEST 10 TCK;
SDR 16 TDI (BFFF);
RUNTEST 10 TCK;
SDR 16 TDI (FFFB);
RUNTEST 10 TCK;
SDR 16 TDI (7FFF);
RUNTEST 10 TCK;
SDR 16 TDI (DFFF);
RUNTEST 10 TCK;
SDR 16 TDI (BFFF);
RUNTEST 10 TCK;
SDR 16 TDI (FFF5);
RUNTEST 10 TCK;
SDR 16 TDI (79FF);
RUNTEST 10 TCK;
SDR 16 TDI (FFFF);
RUNTEST 10 TCK;
SDR 16 TDI (AFFF);
RUNTEST 10 TCK;
SDR 16 TDI (FFFE);
RUNTEST 10 TCK;
SDR 16 TDI (7FEC);
RUNTEST 10 TCK;
SDR 16 TDI (BDBB);
RUNTEST 10 TCK;
SDR 16 TDI (BBFF);
RUNTEST 10 TCK;
SDR 16 TDI (FFBF);
RUNTEST 10 TCK;
SDR 16 TDI (7FF7);
RUNTEST 10 TCK;
SDR 16 TDI (FD7F);
RUNTEST 10 TCK;
SDR 16 TDI (BFFF);
RUNTEST 10 TCK;
SDR 16 TDI (FDDE);
RUNTEST 10 TCK;
SDR 16 TDI (77FF);
RUNTEST 10 TCK;
SDR 16 TDI (FFFF);
RUNTEST 10 TCK;
SDR 16 TDI (BFFF);
RUNTEST 10 TCK;
SDR 16 TDI (FFFE);
RUNTEST 10 TCK;
SDR 16 TDI (7DFF);
RUNTEST 10 TCK;
SDR 16 TDI (FFFF);
RUNTEST 10 TCK;
SDR 16 TDI (A55E);
RUNTEST 10 TCK;
SDR 16 TDI (FFFF);
RUNTEST 10 TCK;
SDR 16 TDI (7FFF);
RUNTEST 10 TCK;
SDR 16 TDI (FFFE);
RUNTEST 10 TCK;
SDR 16 TDI (BFBB);
RUNTEST 10 TCK;
SDR 16 TDI (BBF7);
RUNTEST 10 TCK;
SDR 16 TDI (6CFF);
RUNTEST 10 TCK;
SDR 16 TDI (FBDF);
RUNTEST 10 TCK;
SDR 16 TDI (BB7F);
RUNTEST 10 TCK;
SDR 16 TDI (FFFF);
RUNTEST 10 TCK;
SDR 16 TDI (7DFF);
RUNTEST 10 TCK;
SDR 16 TDI (FFFF);
RUNTEST 10 TCK;
SDR 16 TDI (BFFF);
RUNTEST 10 TCK;
SDR 16 TDI (FFF4);
RUNTEST 10 TCK;
SDR 16 TDI (75FF);
RUNTEST 10 TCK;
SDR 16 TDI (FFFF);
RUNTEST 10 TCK;
SDR 16 TDI (AAAF);
RUNTEST 10 TCK;
SDR 16 TDI (FFFF);
RUNTEST 10 TCK;
SDR 16 TDI (7FFF);
RUNTEST 10 TCK;
SDR 16 TDI (FFFF);
RUNTEST 10 TCK;
SDR 16 TDI (B777);
RUNTEST 10 TCK;
SDR 16 TDI (77FD);
RUNTEST 10 TCK;
SDR 16 TDI (7F7F);
RUNTEST 10 TCK;
SDR 16 TDI (FFDF);
RUNTEST 10 TCK;
SDR 16 TDI (BFFF);
RUNTEST 10 TCK;
SDR 16 TDI (FF7F);
RUNTEST 10 TCK;
SDR 16 TDI (6FFF);
RUNTEST 10 TCK;
SDR 16 TDI (FFFF);
RUNTEST 10 TCK;
SDR 16 TDI (BFFF);
RUNTEST 10 TCK;
SDR 16 TDI (FFFF);
RUNTEST 10 TCK;
SDR 16 TDI (75FF);
RUNTEST 10 TCK;
SDR 16 TDI (FFFF);
RUNTEST 10 TCK;
SDR 16 TDI (BFFF);
RUNTEST 10 TCK;
SDR 16 TDI (EEFF);
RUNTEST 10 TCK;
SDR 16 TDI (7F7D);
RUNTEST 10 TCK;
SDR 16 TDI (BFFF);
RUNTEST 10 TCK;
SDR 16 TDI (BFDD);
RUNTEST 10 TCK;
SDR 16 TDI (DFFB);
RUNTEST 10 TCK;
SDR 16 TDI (77CD);
RUNTEST 10 TCK;
SDR 16 TDI (FFBF);
RUNTEST 10 TCK;
SDR 16 TDI (BFFF);
RUNTEST 10 TCK;
SDR 16 TDI (FFFD);
RUNTEST 10 TCK;
SDR 16 TDI (7FFF);
RUNTEST 10 TCK;
SDR 16 TDI (FFFF);
RUNTEST 10 TCK;
SDR 16 TDI (BFFF);
RUNTEST 10 TCK;
SDR 16 TDI (FFFF);
RUNTEST 10 TCK;
SDR 16 TDI (7FFF);
RUNTEST 10 TCK;
SDR 16 TDI (FFFF);
RUNTEST 10 TCK;
SDR 16 TDI (BFFF);
RUNTEST 10 TCK;
SDR 16 TDI (FFEF);
RUNTEST 10 TCK;
SDR 16 TDI (7FF6);
RUNTEST 10 TCK;
SDR 16 TDI (FFFE);
RUNTEST 10 TCK;
SDR 16 TDI (BFFD);
RUNTEST 10 TCK;
SDR 16 TDI (FFFF);
RUNTEST 10 TCK;
SDR 16 TDI (7FBD);
RUNTEST 10 TCK;
SDR 16 TDI (76FF);
RUNTEST 10 TCK;
SDR 16 TDI (B53F);
RUNTEST 10 TCK;
SDR 16 TDI (AADF);
RUNTEST 10 TCK;
SDR 16 TDI (76FF);
RUNTEST 10 TCK;
SDR 16 TDI (FFFF);
RUNTEST 10 TCK;
SDR 16 TDI (BFFF);
RUNTEST 10 TCK;
SDR 16 TDI (FFFF);
RUNTEST 10 TCK;
SDR 16 TDI (7FFF);
RUNTEST 10 TCK;
SDR 16 TDI (FFFF);
RUNTEST 10 TCK;
SDR 16 TDI (BFFF);
RUNTEST 10 TCK;
SDR 16 TDI (FFFD);
RUNTEST 10 TCK;
SDR 16 TDI (7F7B);
RUNTEST 10 TCK;
SDR 16 TDI (7FFF);
RUNTEST 10 TCK;
SDR 16 TDI (BFDF);
RUNTEST 10 TCK;
SDR 16 TDI (FFFF);
RUNTEST 10 TCK;
SDR 16 TDI (7FDF);
RUNTEST 10 TCK;
SDR 16 TDI (F7BF);
RUNTEST 10 TCK;
SDR 16 TDI (BFFF);
RUNTEST 10 TCK;
SDR 16 TDI (FF9B);
RUNTEST 10 TCK;
SDR 16 TDI (79FF);
RUNTEST 10 TCK;
SDR 16 TDI (DFFF);
RUNTEST 10 TCK;
SDR 16 TDI (BFFF);
RUNTEST 10 TCK;
SDR 16 TDI (FFFF);
RUNTEST 10 TCK;
SDR 16 TDI (7FFF);
RUNTEST 10 TCK;
SDR 16 TDI (FFFF);
RUNTEST 10 TCK;
SDR 16 TDI (BAAE);
RUNTEST 10 TCK;
SDR 16 TDI (FEDF);
RUNTEST 10 TCK;
SDR 16 TDI (7FFC);
RUNTEST 10 TCK;
SDR 16 TDI (9DFC);
RUNTEST 10 TCK;
SDR 16 TDI (A764);
RUNTEST 10 TCK;
SDR 16 TDI (63F3);
RUNTEST 10 TCK;
SDR 16 TDI (6333);
RUNTEST 10 TCK;
SDR 16 TDI (FADF);
RUNTEST 10 TCK;
SDR 16 TDI (BA7F);
RUNTEST 10 TCK;
SDR 16 TDI (FFFC);
RUNTEST 10 TCK;
SDR 16 TDI (7FFF);
RUNTEST 10 TCK;
SDR 16 TDI (FFFF);
RUNTEST 10 TCK;
SDR 16 TDI (BFFF);
RUNTEST 10 TCK;
SDR 16 TDI (FFEA);
RUNTEST 10 TCK;
SDR 16 TDI (77FF);
RUNTEST 10 TCK;
SDR 16 TDI (FFFF);
RUNTEST 10 TCK;
SDR 16 TDI (BFFF);
RUNTEST 10 TCK;
SDR 16 TDI (EFFF);
RUNTEST 10 TCK;
SDR 16 TDI (7FA7);
RUNTEST 10 TCK;
SDR 16 TDI (FFDF);
RUNTEST 10 TCK;
SDR 16 TDI (BBBB);
RUNTEST 10 TCK;
SDR 16 TDI (9F7C);
RUNTEST 10 TCK;
SDR 16 TDI (7CEC);
RUNTEST 10 TCK;
SDR 16 TDI (FD6F);
RUNTEST 10 TCK;
SDR 16 TDI (ADDF);
RUNTEST 10 TCK;
SDR 16 TDI (B07F);
RUNTEST 10 TCK;
SDR 16 TDI (66FF);
RUNTEST 10 TCK;
SDR 16 TDI (FFFF);
RUNTEST 10 TCK;
SDR 16 TDI (BFFF);
RUNTEST 10 TCK;
SDR 16 TDI (FFFF);
RUNTEST 10 TCK;
SDR 16 TDI (7FFF);
RUNTEST 10 TCK;
SDR 16 TDI (FFFF);
RUNTEST 10 TCK;
SDR 16 TDI (A55D);
RUNTEST 10 TCK;
SDR 16 TDI (69FC);
RUNTEST 10 TCK;
SDR 16 TDI (67DE);
RUNTEST 10 TCK;
SDR 16 TDI (1F9E);
RUNTEST 10 TCK;
SDR 16 TDI (ABEA);
RUNTEST 10 TCK;
SDR 16 TDI (A3E1);
RUNTEST 10 TCK;
SDR 16 TDI (62A3);
RUNTEST 10 TCK;
SDR 16 TDI (9A0F);
RUNTEST 10 TCK;
SDR 16 TDI (A1DF);
RUNTEST 10 TCK;
SDR 16 TDI (1EE6);
RUNTEST 10 TCK;
SDR 16 TDI (6CFF);
RUNTEST 10 TCK;
SDR 16 TDI (0FFF);
RUNTEST 10 TCK;
SDR 16 TDI (B7FF);
RUNTEST 10 TCK;
SDR 16 TDI (FFF5);
RUNTEST 10 TCK;
SDR 16 TDI (6BFF);
RUNTEST 10 TCK;
SDR 16 TDI (FFFF);
RUNTEST 10 TCK;
SDR 16 TDI (AFFD);
RUNTEST 10 TCK;
SDR 16 TDI (69C3);
RUNTEST 10 TCK;
SDR 16 TDI (66FE);
RUNTEST 10 TCK;
SDR 16 TDI (01E0);
RUNTEST 10 TCK;
SDR 16 TDI (A3C0);
RUNTEST 10 TCK;
SDR 16 TDI (23F1);
RUNTEST 10 TCK;
SDR 16 TDI (6203);
RUNTEST 10 TCK;
SDR 16 TDI (9E2F);
RUNTEST 10 TCK;
SDR 16 TDI (A19E);
RUNTEST 10 TCK;
SDR 16 TDI (8164);
RUNTEST 10 TCK;
SDR 16 TDI (68FF);
RUNTEST 10 TCK;
SDR 16 TDI (0FFF);
RUNTEST 10 TCK;
SDR 16 TDI (AFFF);
RUNTEST 10 TCK;
SDR 16 TDI (FFFF);
RUNTEST 10 TCK;
SDR 16 TDI (7FFF);
RUNTEST 10 TCK;
SDR 16 TDI (FFFF);
RUNTEST 10 TCK;
SDR 16 TDI (B55D);
RUNTEST 10 TCK;
SDR 16 TDI (9283);
RUNTEST 10 TCK;
SDR 16 TDI (7FFC);
RUNTEST 10 TCK;
SDR 16 TDI (2060);
RUNTEST 10 TCK;
SDR 16 TDI (A322);
RUNTEST 10 TCK;
SDR 16 TDI (23F1);
RUNTEST 10 TCK;
SDR 16 TDI (6223);
RUNTEST 10 TCK;
SDR 16 TDI (900F);
RUNTEST 10 TCK;
SDR 16 TDI (B9BF);
RUNTEST 10 TCK;
SDR 16 TDI (9806);
RUNTEST 10 TCK;
SDR 16 TDI (63FF);
RUNTEST 10 TCK;
SDR 16 TDI (0FFF);
RUNTEST 10 TCK;
SDR 16 TDI (BFFF);
RUNTEST 10 TCK;
SDR 16 TDI (FFF5);
RUNTEST 10 TCK;
SDR 16 TDI (6BFF);
RUNTEST 10 TCK;
SDR 16 TDI (FFFF);
RUNTEST 10 TCK;
SDR 16 TDI (BFFD);
RUNTEST 10 TCK;
SDR 16 TDI (92B0);
RUNTEST 10 TCK;
SDR 16 TDI (67FE);
RUNTEST 10 TCK;
SDR 16 TDI (1F86);
RUNTEST 10 TCK;
SDR 16 TDI (A300);
RUNTEST 10 TCK;
SDR 16 TDI (03F0);
RUNTEST 10 TCK;
SDR 16 TDI (601F);
RUNTEST 10 TCK;
SDR 16 TDI (90EF);
RUNTEST 10 TCK;
SDR 16 TDI (A19F);
RUNTEST 10 TCK;
SDR 16 TDI (8000);
RUNTEST 10 TCK;
SDR 16 TDI (62FF);
RUNTEST 10 TCK;
SDR 16 TDI (0FFF);
RUNTEST 10 TCK;
SDR 16 TDI (BFFF);
RUNTEST 10 TCK;
SDR 16 TDI (FFBF);
RUNTEST 10 TCK;
SDR 16 TDI (7FFF);
RUNTEST 10 TCK;
SDR 16 TDI (FFFF);
RUNTEST 10 TCK;
SDR 16 TDI (BFFF);
RUNTEST 10 TCK;
SDR 16 TDI (BBBB);
RUNTEST 10 TCK;
SDR 16 TDI (73E6);
RUNTEST 10 TCK;
SDR 16 TDI (6EEE);
RUNTEST 10 TCK;
SDR 16 TDI (A33B);
RUNTEST 10 TCK;
SDR 16 TDI (B9F7);
RUNTEST 10 TCK;
SDR 16 TDI (6EE6);
RUNTEST 10 TCK;
SDR 16 TDI (7EEC);
RUNTEST 10 TCK;
SDR 16 TDI (B90F);
RUNTEST 10 TCK;
SDR 16 TDI (9BA3);
RUNTEST 10 TCK;
SDR 16 TDI (77CC);
RUNTEST 10 TCK;
SDR 16 TDI (ECC7);
RUNTEST 10 TCK;
SDR 16 TDI (B999);
RUNTEST 10 TCK;
SDR 16 TDI (99FE);
RUNTEST 10 TCK;
SDR 16 TDI (77FF);
RUNTEST 10 TCK;
SDR 16 TDI (FFFF);
RUNTEST 10 TCK;
SDR 16 TDI (BFFF);
RUNTEST 10 TCK;
SDR 16 TDI (1111);
RUNTEST 10 TCK;
SDR 16 TDI (6157);
RUNTEST 10 TCK;
SDR 16 TDI (2445);
RUNTEST 10 TCK;
SDR 16 TDI (B273);
RUNTEST 10 TCK;
SDR 16 TDI (32A3);
RUNTEST 10 TCK;
SDR 16 TDI (6672);
RUNTEST 10 TCK;
SDR 16 TDI (7CCD);
RUNTEST 10 TCK;
SDR 16 TDI (BBB5);
RUNTEST 10 TCK;
SDR 16 TDI (5999);
RUNTEST 10 TCK;
SDR 16 TDI (73DD);
RUNTEST 10 TCK;
SDR 16 TDI (CDDA);
RUNTEST 10 TCK;
SDR 16 TDI (B5DD);
RUNTEST 10 TCK;
SDR 16 TDI (DDFF);
RUNTEST 10 TCK;
SDR 16 TDI (7FFF);
RUNTEST 10 TCK;
SDR 16 TDI (FFFF);
RUNTEST 10 TCK;
SDR 16 TDI (BFFD);
RUNTEST 10 TCK;
SDR 16 TDI (DDDD);
RUNTEST 10 TCK;
SDR 16 TDI (7BCF);
RUNTEST 10 TCK;
SDR 16 TDI (FDDC);
RUNTEST 10 TCK;
SDR 16 TDI (BFBF);
RUNTEST 10 TCK;
SDR 16 TDI (FFEF);
RUNTEST 10 TCK;
SDR 16 TDI (7FEF);
RUNTEST 10 TCK;
SDR 16 TDI (FFFF);
RUNTEST 10 TCK;
SDR 16 TDI (BDDF);
RUNTEST 10 TCK;
SDR 16 TDI (3FF7);
RUNTEST 10 TCK;
SDR 16 TDI (7FFF);
RUNTEST 10 TCK;
SDR 16 TDI (7FFF);
RUNTEST 10 TCK;
SDR 16 TDI (B7FF);
RUNTEST 10 TCK;
SDR 16 TDI (FFDF);
RUNTEST 10 TCK;
SDR 16 TDI (7FFF);
RUNTEST 10 TCK;
SDR 16 TDI (FFFF);
RUNTEST 10 TCK;
SDR 16 TDI (BFFF);
RUNTEST 10 TCK;
SDR 16 TDI (FFFE);
RUNTEST 10 TCK;
SDR 16 TDI (7FFF);
RUNTEST 10 TCK;
SDR 16 TDI (FFFF);
RUNTEST 10 TCK;
SDR 16 TDI (BDBF);
RUNTEST 10 TCK;
SDR 16 TDI (F7FF);
RUNTEST 10 TCK;
SDR 16 TDI (7EFF);
RUNTEST 10 TCK;
SDR 16 TDI (FFFF);
RUNTEST 10 TCK;
SDR 16 TDI (BFBF);
RUNTEST 10 TCK;
SDR 16 TDI (FFFF);
RUNTEST 10 TCK;
SDR 16 TDI (7FFF);
RUNTEST 10 TCK;
SDR 16 TDI (FFFF);
RUNTEST 10 TCK;
SDR 16 TDI (BFFF);
RUNTEST 10 TCK;
SDR 16 TDI (FF7F);
RUNTEST 10 TCK;
SDR 16 TDI (7FFF);
RUNTEST 10 TCK;
SDR 16 TDI (FFFF);
RUNTEST 10 TCK;
SDR 16 TDI (BFFF);
RUNTEST 10 TCK;
SDR 16 TDI (F6DF);
RUNTEST 10 TCK;
SDR 16 TDI (7FFF);
RUNTEST 10 TCK;
SDR 16 TDI (FFFF);
RUNTEST 10 TCK;
SDR 16 TDI (BFFF);
RUNTEST 10 TCK;
SDR 16 TDI (FFFF);
RUNTEST 10 TCK;
SDR 16 TDI (7FDF);
RUNTEST 10 TCK;
SDR 16 TDI (FFDF);
RUNTEST 10 TCK;
SDR 16 TDI (BFFF);
RUNTEST 10 TCK;
SDR 16 TDI (FFD7);
RUNTEST 10 TCK;
SDR 16 TDI (7FDF);
RUNTEST 10 TCK;
SDR 16 TDI (BFBF);
RUNTEST 10 TCK;
SDR 16 TDI (BEEF);
RUNTEST 10 TCK;
SDR 16 TDI (FFD7);
RUNTEST 10 TCK;
SDR 16 TDI (7FFF);
RUNTEST 10 TCK;
SDR 16 TDI (FFFF);
RUNTEST 10 TCK;
SDR 16 TDI (AFFF);
RUNTEST 10 TCK;
SDR 16 TDI (FFDD);
RUNTEST 10 TCK;
SDR 16 TDI (7FFF);
RUNTEST 10 TCK;
SDR 16 TDI (FFFF);
RUNTEST 10 TCK;
SDR 16 TDI (BEFF);
RUNTEST 10 TCK;
SDR 16 TDI (F7FF);
RUNTEST 10 TCK;
SDR 16 TDI (7FFF);
RUNTEST 10 TCK;
SDR 16 TDI (FFEF);
RUNTEST 10 TCK;
SDR 16 TDI (BFFF);
RUNTEST 10 TCK;
SDR 16 TDI (FFF7);
RUNTEST 10 TCK;
SDR 16 TDI (7FEF);
RUNTEST 10 TCK;
SDR 16 TDI (FFFF);
RUNTEST 10 TCK;
SDR 16 TDI (BFFF);
RUNTEST 10 TCK;
SDR 16 TDI (FEFF);
RUNTEST 10 TCK;
SDR 16 TDI (7FFF);
RUNTEST 10 TCK;
SDR 16 TDI (FFFF);
RUNTEST 10 TCK;
SDR 16 TDI (AFFF);
RUNTEST 10 TCK;
SDR 16 TDI (F7FF);
RUNTEST 10 TCK;
SDR 16 TDI (7FFF);
RUNTEST 10 TCK;
SDR 16 TDI (FFFF);
RUNTEST 10 TCK;
SDR 16 TDI (BFBF);
RUNTEST 10 TCK;
SDR 16 TDI (FFFF);
RUNTEST 10 TCK;
SDR 16 TDI (7F3F);
RUNTEST 10 TCK;
SDR 16 TDI (FFFF);
RUNTEST 10 TCK;
SDR 16 TDI (BFDF);
RUNTEST 10 TCK;
SDR 16 TDI (FFDF);
RUNTEST 10 TCK;
SDR 16 TDI (7FFF);
RUNTEST 10 TCK;
SDR 16 TDI (FFFF);
RUNTEST 10 TCK;
SDR 16 TDI (BFFF);
RUNTEST 10 TCK;
SDR 16 TDI (FFFF);
RUNTEST 10 TCK;
SDR 16 TDI (7FFF);
RUNTEST 10 TCK;
SDR 16 TDI (FFFF);
RUNTEST 10 TCK;
SDR 16 TDI (BFFF);
RUNTEST 10 TCK;
SDR 16 TDI (FDFF);
RUNTEST 10 TCK;
SDR 16 TDI (7FFF);
RUNTEST 10 TCK;
SDR 16 TDI (FF7F);
RUNTEST 10 TCK;
SDR 16 TDI (BDFF);
RUNTEST 10 TCK;
SDR 16 TDI (FFFF);
RUNTEST 10 TCK;
SDR 16 TDI (7FFF);
RUNTEST 10 TCK;
SDR 16 TDI (FFFF);
RUNTEST 10 TCK;
SDR 16 TDI (BFFF);
RUNTEST 10 TCK;
SDR 16 TDI (FFFF);
RUNTEST 10 TCK;
SDR 16 TDI (6FFF);
RUNTEST 10 TCK;
SDR 16 TDI (FEFF);
RUNTEST 10 TCK;
SDR 16 TDI (BFDF);
RUNTEST 10 TCK;
SDR 16 TDI (FFFF);
RUNTEST 10 TCK;
SDR 16 TDI (7FFF);
RUNTEST 10 TCK;
SDR 16 TDI (FFFF);
RUNTEST 10 TCK;
SDR 16 TDI (BFFF);
RUNTEST 10 TCK;
SDR 16 TDI (FFFB);
RUNTEST 10 TCK;
SDR 16 TDI (7FFF);
RUNTEST 10 TCK;
SDR 16 TDI (FFFF);
RUNTEST 10 TCK;
SDR 16 TDI (BFFF);
RUNTEST 10 TCK;
SDR 16 TDI (FFFF);
RUNTEST 10 TCK;
SDR 16 TDI (7FF7);
RUNTEST 10 TCK;
SDR 16 TDI (FFFF);
RUNTEST 10 TCK;
SDR 16 TDI (BFFF);
RUNTEST 10 TCK;
SDR 16 TDI (FFFF);
RUNTEST 10 TCK;
SDR 16 TDI (7FFF);
RUNTEST 10 TCK;
SDR 16 TDI (FFFF);
RUNTEST 10 TCK;
SDR 16 TDI (BFFE);
RUNTEST 10 TCK;
SDR 16 TDI (FFFF);
RUNTEST 10 TCK;
SDR 16 TDI (7FFF);
RUNTEST 10 TCK;
SDR 16 TDI (FFFF);
RUNTEST 10 TCK;
SDR 16 TDI (BFFF);
RUNTEST 10 TCK;
SDR 16 TDI (BDFF);
RUNTEST 10 TCK;
SDR 16 TDI (7FFF);
RUNTEST 10 TCK;
SDR 16 TDI (FF7F);
RUNTEST 10 TCK;
SDR 16 TDI (BFFF);
RUNTEST 10 TCK;
SDR 16 TDI (FFFF);
RUNTEST 10 TCK;
SDR 16 TDI (7FF7);
RUNTEST 10 TCK;
SDR 16 TDI (EFFF);
RUNTEST 10 TCK;
SDR 16 TDI (BFFF);
RUNTEST 10 TCK;
SDR 16 TDI (FFBF);
RUNTEST 10 TCK;
SDR 16 TDI (7FFF);
RUNTEST 10 TCK;
SDR 16 TDI (FFFF);
RUNTEST 10 TCK;
SDR 16 TDI (BFEF);
RUNTEST 10 TCK;
SDR 16 TDI (7FFF);
RUNTEST 10 TCK;
SDR 16 TDI (7FFF);
RUNTEST 10 TCK;
SDR 16 TDI (FFFF);
RUNTEST 10 TCK;
SDR 16 TDI (BFFF);
RUNTEST 10 TCK;
SDR 16 TDI (FFFB);
RUNTEST 10 TCK;
SDR 16 TDI (7FFF);
RUNTEST 10 TCK;
SDR 16 TDI (FFFF);
RUNTEST 10 TCK;
SDR 16 TDI (BDFF);
RUNTEST 10 TCK;
SDR 16 TDI (FFFF);
RUNTEST 10 TCK;
SDR 16 TDI (7FFF);
RUNTEST 10 TCK;
SDR 16 TDI (FFFF);
RUNTEST 10 TCK;
SDR 16 TDI (BFFF);
RUNTEST 10 TCK;
SDR 16 TDI (FFFE);
RUNTEST 10 TCK;
SDR 16 TDI (7FFF);
RUNTEST 10 TCK;
SDR 16 TDI (FEFF);
RUNTEST 10 TCK;
SDR 16 TDI (BFDF);
RUNTEST 10 TCK;
SDR 16 TDI (FFFF);
RUNTEST 10 TCK;
SDR 16 TDI (7FFF);
RUNTEST 10 TCK;
SDR 16 TDI (FFFF);
RUNTEST 10 TCK;
SDR 16 TDI (BFFF);
RUNTEST 10 TCK;
SDR 16 TDI (FFFF);
RUNTEST 10 TCK;
SDR 16 TDI (7FFF);
RUNTEST 10 TCK;
SDR 16 TDI (FEFF);
RUNTEST 10 TCK;
SDR 16 TDI (BFFB);
RUNTEST 10 TCK;
SDR 16 TDI (FFFF);
RUNTEST 10 TCK;
SDR 16 TDI (7FFF);
RUNTEST 10 TCK;
SDR 16 TDI (FFFF);
RUNTEST 10 TCK;
SDR 16 TDI (BFFF);
RUNTEST 10 TCK;
SDR 16 TDI (FFFF);
RUNTEST 10 TCK;
SDR 16 TDI (7F7F);
RUNTEST 10 TCK;
SDR 16 TDI (FFFF);
RUNTEST 10 TCK;
SDR 16 TDI (BFFF);
RUNTEST 10 TCK;
SDR 16 TDI (EFFF);
RUNTEST 10 TCK;
SDR 16 TDI (7FFF);
RUNTEST 10 TCK;
SDR 16 TDI (FFFF);
RUNTEST 10 TCK;
SDR 16 TDI (BFFF);
RUNTEST 10 TCK;
SDR 16 TDI (FFFF);
RUNTEST 10 TCK;
SDR 16 TDI (7FF7);
RUNTEST 10 TCK;
SDR 16 TDI (FFFF);
RUNTEST 10 TCK;
SDR 16 TDI (BFFF);
RUNTEST 10 TCK;
SDR 16 TDI (FFFB);
RUNTEST 10 TCK;
SDR 16 TDI (7BFD);
RUNTEST 10 TCK;
SDR 16 TDI (EFFF);
RUNTEST 10 TCK;
SDR 16 TDI (BFFF);
RUNTEST 10 TCK;
SDR 16 TDI (DFFF);
RUNTEST 10 TCK;
SDR 16 TDI (7FFF);
RUNTEST 10 TCK;
SDR 16 TDI (FFDF);
RUNTEST 10 TCK;
SDR 16 TDI (BFFF);
RUNTEST 10 TCK;
SDR 16 TDI (FFFF);
RUNTEST 10 TCK;
SDR 16 TDI (7FFF);
RUNTEST 10 TCK;
SDR 16 TDI (FFFF);
RUNTEST 10 TCK;
SDR 16 TDI (BFFF);
RUNTEST 10 TCK;
SDR 16 TDI (FFFF);
RUNTEST 10 TCK;
SDR 16 TDI (7FFF);
RUNTEST 10 TCK;
SDR 16 TDI (FF7F);
RUNTEST 10 TCK;
SDR 16 TDI (BFFF);
RUNTEST 10 TCK;
SDR 16 TDI (FFFB);
RUNTEST 10 TCK;
SDR 16 TDI (7FFD);
RUNTEST 10 TCK;
SDR 16 TDI (FFFF);
RUNTEST 10 TCK;
SDR 16 TDI (BFFF);
RUNTEST 10 TCK;
SDR 16 TDI (FFFF);
RUNTEST 10 TCK;
SDR 16 TDI (7FFF);
RUNTEST 10 TCK;
SDR 16 TDI (FFFF);
RUNTEST 10 TCK;
SDR 16 TDI (BDFF);
RUNTEST 10 TCK;
SDR 16 TDI (F7FF);
RUNTEST 10 TCK;
SDR 16 TDI (7FFF);
RUNTEST 10 TCK;
SDR 16 TDI (FFFF);
RUNTEST 10 TCK;
SDR 16 TDI (BFFF);
RUNTEST 10 TCK;
SDR 16 TDI (FFFF);
RUNTEST 10 TCK;
SDR 16 TDI (7FFF);
RUNTEST 10 TCK;
SDR 16 TDI (FFFF);
RUNTEST 10 TCK;
SDR 16 TDI (BFFB);
RUNTEST 10 TCK;
SDR 16 TDI (FFEF);
RUNTEST 10 TCK;
SDR 16 TDI (7BFF);
RUNTEST 10 TCK;
SDR 16 TDI (FFFF);
RUNTEST 10 TCK;
SDR 16 TDI (BFFF);
RUNTEST 10 TCK;
SDR 16 TDI (FFFF);
RUNTEST 10 TCK;
SDR 16 TDI (7F7F);
RUNTEST 10 TCK;
SDR 16 TDI (FFFF);
RUNTEST 10 TCK;
SDR 16 TDI (BFFF);
RUNTEST 10 TCK;
SDR 16 TDI (FFFF);
RUNTEST 10 TCK;
SDR 16 TDI (7FFF);
RUNTEST 10 TCK;
SDR 16 TDI (FFFF);
RUNTEST 10 TCK;
SDR 16 TDI (B77F);
RUNTEST 10 TCK;
SDR 16 TDI (FFFF);
RUNTEST 10 TCK;
SDR 16 TDI (7FFF);
RUNTEST 10 TCK;
SDR 16 TDI (FFFF);
RUNTEST 10 TCK;
SDR 16 TDI (BFFF);
RUNTEST 10 TCK;
SDR 16 TDI (FFFF);
RUNTEST 10 TCK;
SDR 16 TDI (6FDF);
RUNTEST 10 TCK;
SDR 16 TDI (FFFF);
RUNTEST 10 TCK;
SDR 16 TDI (BFFF);
RUNTEST 10 TCK;
SDR 16 TDI (FFFF);
RUNTEST 10 TCK;
SDR 16 TDI (7FFF);
RUNTEST 10 TCK;
SDR 16 TDI (7FDF);
RUNTEST 10 TCK;
SDR 16 TDI (BDDF);
RUNTEST 10 TCK;
SDR 16 TDI (FDFD);
RUNTEST 10 TCK;
SDR 16 TDI (7FFF);
RUNTEST 10 TCK;
SDR 16 TDI (FFFF);
RUNTEST 10 TCK;
SDR 16 TDI (BFFF);
RUNTEST 10 TCK;
SDR 16 TDI (FFFE);
RUNTEST 10 TCK;
SDR 16 TDI (7FFE);
RUNTEST 10 TCK;
SDR 16 TDI (AFBB);
RUNTEST 10 TCK;
SDR 16 TDI (BFFF);
RUNTEST 10 TCK;
SDR 16 TDI (BBEF);
RUNTEST 10 TCK;
SDR 16 TDI (7FFF);
RUNTEST 10 TCK;
SDR 16 TDI (FFFF);
RUNTEST 10 TCK;
SDR 16 TDI (BF5F);
RUNTEST 10 TCK;
SDR 16 TDI (BBAA);
RUNTEST 10 TCK;
SDR 16 TDI (75FF);
RUNTEST 10 TCK;
SDR 16 TDI (EFFF);
RUNTEST 10 TCK;
SDR 16 TDI (BFFF);
RUNTEST 10 TCK;
SDR 16 TDI (FFFF);
RUNTEST 10 TCK;
SDR 16 TDI (77FF);
RUNTEST 10 TCK;
SDR 16 TDI (FFFF);
RUNTEST 10 TCK;
SDR 16 TDI (A77F);
RUNTEST 10 TCK;
SDR 16 TDI (FFFF);
RUNTEST 10 TCK;
SDR 16 TDI (7FCB);
RUNTEST 10 TCK;
SDR 16 TDI (FFFF);
RUNTEST 10 TCK;
SDR 16 TDI (BFFF);
RUNTEST 10 TCK;
SDR 16 TDI (FFFF);
RUNTEST 10 TCK;
SDR 16 TDI (7EFF);
RUNTEST 10 TCK;
SDR 16 TDI (FFFF);
RUNTEST 10 TCK;
SDR 16 TDI (BFFF);
RUNTEST 10 TCK;
SDR 16 TDI (FEFF);
RUNTEST 10 TCK;
SDR 16 TDI (7FFF);
RUNTEST 10 TCK;
SDR 16 TDI (7F7F);
RUNTEST 10 TCK;
SDR 16 TDI (BFF7);
RUNTEST 10 TCK;
SDR 16 TDI (FF7D);
RUNTEST 10 TCK;
SDR 16 TDI (75FF);
RUNTEST 10 TCK;
SDR 16 TDI (FFFF);
RUNTEST 10 TCK;
SDR 16 TDI (ABBF);
RUNTEST 10 TCK;
SDR 16 TDI (FFFF);
RUNTEST 10 TCK;
SDR 16 TDI (7FFF);
RUNTEST 10 TCK;
SDR 16 TDI (FFFF);
RUNTEST 10 TCK;
SDR 16 TDI (BFFF);
RUNTEST 10 TCK;
SDR 16 TDI (FFFF);
RUNTEST 10 TCK;
SDR 16 TDI (7FDD);
RUNTEST 10 TCK;
SDR 16 TDI (FFFF);
RUNTEST 10 TCK;
SDR 16 TDI (BFFF);
RUNTEST 10 TCK;
SDR 16 TDI (FFFF);
RUNTEST 10 TCK;
SDR 16 TDI (7FFF);
RUNTEST 10 TCK;
SDR 16 TDI (FFFF);
RUNTEST 10 TCK;
SDR 16 TDI (BFFF);
RUNTEST 10 TCK;
SDR 16 TDI (DFFF);
RUNTEST 10 TCK;
SDR 16 TDI (7DFF);
RUNTEST 10 TCK;
SDR 16 TDI (FFFF);
RUNTEST 10 TCK;
SDR 16 TDI (BFFF);
RUNTEST 10 TCK;
SDR 16 TDI (EEFF);
RUNTEST 10 TCK;
SDR 16 TDI (7F7F);
RUNTEST 10 TCK;
SDR 16 TDI (EBFF);
RUNTEST 10 TCK;
SDR 16 TDI (BFFF);
RUNTEST 10 TCK;
SDR 16 TDI (7FFF);
RUNTEST 10 TCK;
SDR 16 TDI (77F7);
RUNTEST 10 TCK;
SDR 16 TDI (7FFE);
RUNTEST 10 TCK;
SDR 16 TDI (BF5F);
RUNTEST 10 TCK;
SDR 16 TDI (AFAA);
RUNTEST 10 TCK;
SDR 16 TDI (75FF);
RUNTEST 10 TCK;
SDR 16 TDI (DFEF);
RUNTEST 10 TCK;
SDR 16 TDI (BBBF);
RUNTEST 10 TCK;
SDR 16 TDI (FBFF);
RUNTEST 10 TCK;
SDR 16 TDI (7FFF);
RUNTEST 10 TCK;
SDR 16 TDI (FFFF);
RUNTEST 10 TCK;
SDR 16 TDI (BFFF);
RUNTEST 10 TCK;
SDR 16 TDI (FFEF);
RUNTEST 10 TCK;
SDR 16 TDI (7FF3);
RUNTEST 10 TCK;
SDR 16 TDI (FBFF);
RUNTEST 10 TCK;
SDR 16 TDI (BFFF);
RUNTEST 10 TCK;
SDR 16 TDI (EFEF);
RUNTEST 10 TCK;
SDR 16 TDI (7AFF);
RUNTEST 10 TCK;
SDR 16 TDI (BFFF);
RUNTEST 10 TCK;
SDR 16 TDI (BFFF);
RUNTEST 10 TCK;
SDR 16 TDI (FBFF);
RUNTEST 10 TCK;
SDR 16 TDI (7FFF);
RUNTEST 10 TCK;
SDR 16 TDI (FF7F);
RUNTEST 10 TCK;
SDR 16 TDI (BFFF);
RUNTEST 10 TCK;
SDR 16 TDI (FFFF);
RUNTEST 10 TCK;
SDR 16 TDI (7FFF);
RUNTEST 10 TCK;
SDR 16 TDI (FFFF);
RUNTEST 10 TCK;
SDR 16 TDI (BFFF);
RUNTEST 10 TCK;
SDR 16 TDI (FFFD);
RUNTEST 10 TCK;
SDR 16 TDI (7F3F);
RUNTEST 10 TCK;
SDR 16 TDI (F7FF);
RUNTEST 10 TCK;
SDR 16 TDI (BFFF);
RUNTEST 10 TCK;
SDR 16 TDI (37FF);
RUNTEST 10 TCK;
SDR 16 TDI (7EAE);
RUNTEST 10 TCK;
SDR 16 TDI (FFFF);
RUNTEST 10 TCK;
SDR 16 TDI (BE7F);
RUNTEST 10 TCK;
SDR 16 TDI (EAE6);
RUNTEST 10 TCK;
SDR 16 TDI (6CFF);
RUNTEST 10 TCK;
SDR 16 TDI (7F5F);
RUNTEST 10 TCK;
SDR 16 TDI (BDDF);
RUNTEST 10 TCK;
SDR 16 TDI (FDFF);
RUNTEST 10 TCK;
SDR 16 TDI (77FF);
RUNTEST 10 TCK;
SDR 16 TDI (FFFF);
RUNTEST 10 TCK;
SDR 16 TDI (BAAF);
RUNTEST 10 TCK;
SDR 16 TDI (FEDF);
RUNTEST 10 TCK;
SDR 16 TDI (7FFF);
RUNTEST 10 TCK;
SDR 16 TDI (6DFD);
RUNTEST 10 TCK;
SDR 16 TDI (BFFF);
RUNTEST 10 TCK;
SDR 16 TDI (FFEF);
RUNTEST 10 TCK;
SDR 16 TDI (7FDF);
RUNTEST 10 TCK;
SDR 16 TDI (FFFE);
RUNTEST 10 TCK;
SDR 16 TDI (BFDF);
RUNTEST 10 TCK;
SDR 16 TDI (BDBB);
RUNTEST 10 TCK;
SDR 16 TDI (77FF);
RUNTEST 10 TCK;
SDR 16 TDI (FFEF);
RUNTEST 10 TCK;
SDR 16 TDI (BBBF);
RUNTEST 10 TCK;
SDR 16 TDI (BBEE);
RUNTEST 10 TCK;
SDR 16 TDI (77FF);
RUNTEST 10 TCK;
SDR 16 TDI (FFFF);
RUNTEST 10 TCK;
SDR 16 TDI (BFFF);
RUNTEST 10 TCK;
SDR 16 TDI (EFFF);
RUNTEST 10 TCK;
SDR 16 TDI (7FE1);
RUNTEST 10 TCK;
SDR 16 TDI (DBDF);
RUNTEST 10 TCK;
SDR 16 TDI (BFFF);
RUNTEST 10 TCK;
SDR 16 TDI (DFDF);
RUNTEST 10 TCK;
SDR 16 TDI (657B);
RUNTEST 10 TCK;
SDR 16 TDI (DFFF);
RUNTEST 10 TCK;
SDR 16 TDI (BFBF);
RUNTEST 10 TCK;
SDR 16 TDI (DFDD);
RUNTEST 10 TCK;
SDR 16 TDI (7BFF);
RUNTEST 10 TCK;
SDR 16 TDI (8FBF);
RUNTEST 10 TCK;
SDR 16 TDI (BFEF);
RUNTEST 10 TCK;
SDR 16 TDI (FEFF);
RUNTEST 10 TCK;
SDR 16 TDI (7FFF);
RUNTEST 10 TCK;
SDR 16 TDI (FFFF);
RUNTEST 10 TCK;
SDR 16 TDI (A55F);
RUNTEST 10 TCK;
SDR 16 TDI (D68F);
RUNTEST 10 TCK;
SDR 16 TDI (67CE);
RUNTEST 10 TCK;
SDR 16 TDI (01F9);
RUNTEST 10 TCK;
SDR 16 TDI (BFFF);
RUNTEST 10 TCK;
SDR 16 TDI (3EFF);
RUNTEST 10 TCK;
SDR 16 TDI (7E4F);
RUNTEST 10 TCK;
SDR 16 TDI (FFF3);
RUNTEST 10 TCK;
SDR 16 TDI (BF77);
RUNTEST 10 TCK;
SDR 16 TDI (2B80);
RUNTEST 10 TCK;
SDR 16 TDI (72FF);
RUNTEST 10 TCK;
SDR 16 TDI (4FFF);
RUNTEST 10 TCK;
SDR 16 TDI (B007);
RUNTEST 10 TCK;
SDR 16 TDI (9975);
RUNTEST 10 TCK;
SDR 16 TDI (69FF);
RUNTEST 10 TCK;
SDR 16 TDI (FFFF);
RUNTEST 10 TCK;
SDR 16 TDI (AFFF);
RUNTEST 10 TCK;
SDR 16 TDI (D6BC);
RUNTEST 10 TCK;
SDR 16 TDI (7EEE);
RUNTEST 10 TCK;
SDR 16 TDI (001F);
RUNTEST 10 TCK;
SDR 16 TDI (BFFF);
RUNTEST 10 TCK;
SDR 16 TDI (03DF);
RUNTEST 10 TCK;
SDR 16 TDI (61EE);
RUNTEST 10 TCK;
SDR 16 TDI (7FF3);
RUNTEST 10 TCK;
SDR 16 TDI (BE1E);
RUNTEST 10 TCK;
SDR 16 TDI (AB89);
RUNTEST 10 TCK;
SDR 16 TDI (70FF);
RUNTEST 10 TCK;
SDR 16 TDI (CF0F);
RUNTEST 10 TCK;
SDR 16 TDI (A807);
RUNTEST 10 TCK;
SDR 16 TDI (997F);
RUNTEST 10 TCK;
SDR 16 TDI (7DFF);
RUNTEST 10 TCK;
SDR 16 TDI (FFFF);
RUNTEST 10 TCK;
SDR 16 TDI (B55F);
RUNTEST 10 TCK;
SDR 16 TDI (D930);
RUNTEST 10 TCK;
SDR 16 TDI (7FF3);
RUNTEST 10 TCK;
SDR 16 TDI (E207);
RUNTEST 10 TCK;
SDR 16 TDI (BFFF);
RUNTEST 10 TCK;
SDR 16 TDI (FFFF);
RUNTEST 10 TCK;
SDR 16 TDI (7FD7);
RUNTEST 10 TCK;
SDR 16 TDI (FFF3);
RUNTEST 10 TCK;
SDR 16 TDI (BEFF);
RUNTEST 10 TCK;
SDR 16 TDI (D006);
RUNTEST 10 TCK;
SDR 16 TDI (60FF);
RUNTEST 10 TCK;
SDR 16 TDI (CF7F);
RUNTEST 10 TCK;
SDR 16 TDI (B997);
RUNTEST 10 TCK;
SDR 16 TDI (9875);
RUNTEST 10 TCK;
SDR 16 TDI (6BFF);
RUNTEST 10 TCK;
SDR 16 TDI (FFFF);
RUNTEST 10 TCK;
SDR 16 TDI (BFFF);
RUNTEST 10 TCK;
SDR 16 TDI (D90F);
RUNTEST 10 TCK;
SDR 16 TDI (7FF6);
RUNTEST 10 TCK;
SDR 16 TDI (01F9);
RUNTEST 10 TCK;
SDR 16 TDI (BFFF);
RUNTEST 10 TCK;
SDR 16 TDI (FFFF);
RUNTEST 10 TCK;
SDR 16 TDI (67F6);
RUNTEST 10 TCK;
SDR 16 TDI (7FF3);
RUNTEST 10 TCK;
SDR 16 TDI (BF1F);
RUNTEST 10 TCK;
SDR 16 TDI (D006);
RUNTEST 10 TCK;
SDR 16 TDI (60FF);
RUNTEST 10 TCK;
SDR 16 TDI (CF0F);
RUNTEST 10 TCK;
SDR 16 TDI (B997);
RUNTEST 10 TCK;
SDR 16 TDI (987F);
RUNTEST 10 TCK;
SDR 16 TDI (7FFF);
RUNTEST 10 TCK;
SDR 16 TDI (FFFF);
RUNTEST 10 TCK;
SDR 16 TDI (BFFF);
RUNTEST 10 TCK;
SDR 16 TDI (3BBB);
RUNTEST 10 TCK;
SDR 16 TDI (73E6);
RUNTEST 10 TCK;
SDR 16 TDI (66EF);
RUNTEST 10 TCK;
SDR 16 TDI (B333);
RUNTEST 10 TCK;
SDR 16 TDI (31F3);
RUNTEST 10 TCK;
SDR 16 TDI (6E66);
RUNTEST 10 TCK;
SDR 16 TDI (3CCE);
RUNTEST 10 TCK;
SDR 16 TDI (B9CF);
RUNTEST 10 TCK;
SDR 16 TDI (B89B);
RUNTEST 10 TCK;
SDR 16 TDI (73CC);
RUNTEST 10 TCK;
SDR 16 TDI (2CC7);
RUNTEST 10 TCK;
SDR 16 TDI (B999);
RUNTEST 10 TCK;
SDR 16 TDI (BBDF);
RUNTEST 10 TCK;
SDR 16 TDI (7FFF);
RUNTEST 10 TCK;
SDR 16 TDI (FFFF);
RUNTEST 10 TCK;
SDR 16 TDI (BFFF);
RUNTEST 10 TCK;
SDR 16 TDI (7111);
RUNTEST 10 TCK;
SDR 16 TDI (6157);
RUNTEST 10 TCK;
SDR 16 TDI (7645);
RUNTEST 10 TCK;
SDR 16 TDI (B777);
RUNTEST 10 TCK;
SDR 16 TDI (75BB);
RUNTEST 10 TCK;
SDR 16 TDI (6737);
RUNTEST 10 TCK;
SDR 16 TDI (7DDC);
RUNTEST 10 TCK;
SDR 16 TDI (BB85);
RUNTEST 10 TCK;
SDR 16 TDI (1DD9);
RUNTEST 10 TCK;
SDR 16 TDI (7BDD);
RUNTEST 10 TCK;
SDR 16 TDI (CD9A);
RUNTEST 10 TCK;
SDR 16 TDI (B49D);
RUNTEST 10 TCK;
SDR 16 TDI (99FF);
RUNTEST 10 TCK;
SDR 16 TDI (7FFF);
RUNTEST 10 TCK;
SDR 16 TDI (FFFF);
RUNTEST 10 TCK;
SDR 16 TDI (BFFF);
RUNTEST 10 TCK;
SDR 16 TDI (DDDD);
RUNTEST 10 TCK;
SDR 16 TDI (7BCE);
RUNTEST 10 TCK;
SDR 16 TDI (EFDD);
RUNTEST 10 TCK;
SDR 16 TDI (BFFF);
RUNTEST 10 TCK;
SDR 16 TDI (BF9F);
RUNTEST 10 TCK;
SDR 16 TDI (7EEF);
RUNTEST 10 TCK;
SDR 16 TDI (FFFF);
RUNTEST 10 TCK;
SDR 16 TDI (BFFF);
RUNTEST 10 TCK;
SDR 16 TDI (7BBF);
RUNTEST 10 TCK;
SDR 16 TDI (77FF);
RUNTEST 10 TCK;
SDR 16 TDI (7FFF);
RUNTEST 10 TCK;
SDR 16 TDI (B7FF);
RUNTEST 10 TCK;
SDR 16 TDI (FFDF);
RUNTEST 10 TCK;
SDR 16 TDI (7FFF);
RUNTEST 10 TCK;
SDR 16 TDI (FFFF);
RUNTEST 10 TCK;
SDR 16 TDI (BFFF);
RUNTEST 10 TCK;
SDR 16 TDI (F7FF);
RUNTEST 10 TCK;
SDR 16 TDI (7FFF);
RUNTEST 10 TCK;
SDR 16 TDI (BFFF);
RUNTEST 10 TCK;
SDR 16 TDI (BFFF);
RUNTEST 10 TCK;
SDR 16 TDI (F7FF);
RUNTEST 10 TCK;
SDR 16 TDI (7FFF);
RUNTEST 10 TCK;
SDR 16 TDI (FFBF);
RUNTEST 10 TCK;
SDR 16 TDI (BFFF);
RUNTEST 10 TCK;
SDR 16 TDI (FFFF);
RUNTEST 10 TCK;
SDR 16 TDI (7FDF);
RUNTEST 10 TCK;
SDR 16 TDI (F7FF);
RUNTEST 10 TCK;
SDR 16 TDI (BFFF);
RUNTEST 10 TCK;
SDR 16 TDI (EFFF);
RUNTEST 10 TCK;
SDR 16 TDI (7FFF);
RUNTEST 10 TCK;
SDR 16 TDI (FFFF);
RUNTEST 10 TCK;
SDR 16 TDI (BFFF);
RUNTEST 10 TCK;
SDR 16 TDI (FFDF);
RUNTEST 10 TCK;
SDR 16 TDI (7FFB);
RUNTEST 10 TCK;
SDR 16 TDI (FFBB);
RUNTEST 10 TCK;
SDR 16 TDI (BFEF);
RUNTEST 10 TCK;
SDR 16 TDI (6FFD);
RUNTEST 10 TCK;
SDR 16 TDI (7FEF);
RUNTEST 10 TCK;
SDR 16 TDI (FBFF);
RUNTEST 10 TCK;
SDR 16 TDI (BFFF);
RUNTEST 10 TCK;
SDR 16 TDI (FFFF);
RUNTEST 10 TCK;
SDR 16 TDI (7FFD);
RUNTEST 10 TCK;
SDR 16 TDI (DFFF);
RUNTEST 10 TCK;
SDR 16 TDI (BFFF);
RUNTEST 10 TCK;
SDR 16 TDI (FFFF);
RUNTEST 10 TCK;
SDR 16 TDI (7FFF);
RUNTEST 10 TCK;
SDR 16 TDI (FFFF);
RUNTEST 10 TCK;
SDR 16 TDI (AFFF);
RUNTEST 10 TCK;
SDR 16 TDI (FBEF);
RUNTEST 10 TCK;
SDR 16 TDI (7FFF);
RUNTEST 10 TCK;
SDR 16 TDI (FFFF);
RUNTEST 10 TCK;
SDR 16 TDI (BFFF);
RUNTEST 10 TCK;
SDR 16 TDI (7FFF);
RUNTEST 10 TCK;
SDR 16 TDI (7FFF);
RUNTEST 10 TCK;
SDR 16 TDI (FFFF);
RUNTEST 10 TCK;
SDR 16 TDI (BFFF);
RUNTEST 10 TCK;
SDR 16 TDI (FFFF);
RUNTEST 10 TCK;
SDR 16 TDI (7FEE);
RUNTEST 10 TCK;
SDR 16 TDI (DFFF);
RUNTEST 10 TCK;
SDR 16 TDI (BFFF);
RUNTEST 10 TCK;
SDR 16 TDI (F7FF);
RUNTEST 10 TCK;
SDR 16 TDI (7DFF);
RUNTEST 10 TCK;
SDR 16 TDI (FFFF);
RUNTEST 10 TCK;
SDR 16 TDI (AFFF);
RUNTEST 10 TCK;
SDR 16 TDI (FFFF);
RUNTEST 10 TCK;
SDR 16 TDI (7FFF);
RUNTEST 10 TCK;
SDR 16 TDI (DFFF);
RUNTEST 10 TCK;
SDR 16 TDI (BFFF);
RUNTEST 10 TCK;
SDR 16 TDI (F7FF);
RUNTEST 10 TCK;
SDR 16 TDI (7FFF);
RUNTEST 10 TCK;
SDR 16 TDI (FFBF);
RUNTEST 10 TCK;
SDR 16 TDI (BFFF);
RUNTEST 10 TCK;
SDR 16 TDI (FFFF);
RUNTEST 10 TCK;
SDR 16 TDI (7FFF);
RUNTEST 10 TCK;
SDR 16 TDI (FBFF);
RUNTEST 10 TCK;
SDR 16 TDI (BFFF);
RUNTEST 10 TCK;
SDR 16 TDI (FFFF);
RUNTEST 10 TCK;
SDR 16 TDI (7DFF);
RUNTEST 10 TCK;
SDR 16 TDI (FFFF);
RUNTEST 10 TCK;
SDR 16 TDI (BFFE);
RUNTEST 10 TCK;
SDR 16 TDI (FFFF);
RUNTEST 10 TCK;
SDR 16 TDI (7FFF);
RUNTEST 10 TCK;
SDR 16 TDI (FFFF);
RUNTEST 10 TCK;
SDR 16 TDI (BFFF);
RUNTEST 10 TCK;
SDR 16 TDI (FFFF);
RUNTEST 10 TCK;
SDR 16 TDI (7FFF);
RUNTEST 10 TCK;
SDR 16 TDI (FDFF);
RUNTEST 10 TCK;
SDR 16 TDI (BFFF);
RUNTEST 10 TCK;
SDR 16 TDI (DFF7);
RUNTEST 10 TCK;
SDR 16 TDI (7FFF);
RUNTEST 10 TCK;
SDR 16 TDI (FFFF);
RUNTEST 10 TCK;
SDR 16 TDI (BFFF);
RUNTEST 10 TCK;
SDR 16 TDI (FFFF);
RUNTEST 10 TCK;
SDR 16 TDI (7FFF);
RUNTEST 10 TCK;
SDR 16 TDI (FFFF);
RUNTEST 10 TCK;
SDR 16 TDI (BFFF);
RUNTEST 10 TCK;
SDR 16 TDI (7DFF);
RUNTEST 10 TCK;
SDR 16 TDI (7FFF);
RUNTEST 10 TCK;
SDR 16 TDI (FFFF);
RUNTEST 10 TCK;
SDR 16 TDI (BFFD);
RUNTEST 10 TCK;
SDR 16 TDI (FFFF);
RUNTEST 10 TCK;
SDR 16 TDI (7FFF);
RUNTEST 10 TCK;
SDR 16 TDI (FBFF);
RUNTEST 10 TCK;
SDR 16 TDI (B7FF);
RUNTEST 10 TCK;
SDR 16 TDI (EFFF);
RUNTEST 10 TCK;
SDR 16 TDI (7F7F);
RUNTEST 10 TCK;
SDR 16 TDI (FFFF);
RUNTEST 10 TCK;
SDR 16 TDI (BDFD);
RUNTEST 10 TCK;
SDR 16 TDI (FFFF);
RUNTEST 10 TCK;
SDR 16 TDI (7FFF);
RUNTEST 10 TCK;
SDR 16 TDI (FFFF);
RUNTEST 10 TCK;
SDR 16 TDI (BFFF);
RUNTEST 10 TCK;
SDR 16 TDI (7FEB);
RUNTEST 10 TCK;
SDR 16 TDI (77FF);
RUNTEST 10 TCK;
SDR 16 TDI (FFFF);
RUNTEST 10 TCK;
SDR 16 TDI (BFFD);
RUNTEST 10 TCK;
SDR 16 TDI (FBFF);
RUNTEST 10 TCK;
SDR 16 TDI (6BFB);
RUNTEST 10 TCK;
SDR 16 TDI (E7FF);
RUNTEST 10 TCK;
SDR 16 TDI (AF7F);
RUNTEST 10 TCK;
SDR 16 TDI (FBF7);
RUNTEST 10 TCK;
SDR 16 TDI (7F7F);
RUNTEST 10 TCK;
SDR 16 TDI (EFFF);
RUNTEST 10 TCK;
SDR 16 TDI (BFEF);
RUNTEST 10 TCK;
SDR 16 TDI (FFFF);
RUNTEST 10 TCK;
SDR 16 TDI (7FFF);
RUNTEST 10 TCK;
SDR 16 TDI (FFFF);
RUNTEST 10 TCK;
SDR 16 TDI (BFFE);
RUNTEST 10 TCK;
SDR 16 TDI (FDFF);
RUNTEST 10 TCK;
SDR 16 TDI (7FFF);
RUNTEST 10 TCK;
SDR 16 TDI (FFFF);
RUNTEST 10 TCK;
SDR 16 TDI (BFFF);
RUNTEST 10 TCK;
SDR 16 TDI (FFFF);
RUNTEST 10 TCK;
SDR 16 TDI (7FFF);
RUNTEST 10 TCK;
SDR 16 TDI (FDFF);
RUNTEST 10 TCK;
SDR 16 TDI (BFFF);
RUNTEST 10 TCK;
SDR 16 TDI (CFFF);
RUNTEST 10 TCK;
SDR 16 TDI (7FFF);
RUNTEST 10 TCK;
SDR 16 TDI (FFFF);
RUNTEST 10 TCK;
SDR 16 TDI (BBFB);
RUNTEST 10 TCK;
SDR 16 TDI (FFFF);
RUNTEST 10 TCK;
SDR 16 TDI (7FFF);
RUNTEST 10 TCK;
SDR 16 TDI (FFFF);
RUNTEST 10 TCK;
SDR 16 TDI (BFFF);
RUNTEST 10 TCK;
SDR 16 TDI (7FFB);
RUNTEST 10 TCK;
SDR 16 TDI (7FFF);
RUNTEST 10 TCK;
SDR 16 TDI (FFFF);
RUNTEST 10 TCK;
SDR 16 TDI (ADDB);
RUNTEST 10 TCK;
SDR 16 TDI (FFFF);
RUNTEST 10 TCK;
SDR 16 TDI (7FF7);
RUNTEST 10 TCK;
SDR 16 TDI (FEFF);
RUNTEST 10 TCK;
SDR 16 TDI (BFFF);
RUNTEST 10 TCK;
SDR 16 TDI (FFFD);
RUNTEST 10 TCK;
SDR 16 TDI (7EFF);
RUNTEST 10 TCK;
SDR 16 TDI (FFFF);
RUNTEST 10 TCK;
SDR 16 TDI (BFFF);
RUNTEST 10 TCK;
SDR 16 TDI (FFFF);
RUNTEST 10 TCK;
SDR 16 TDI (7FFF);
RUNTEST 10 TCK;
SDR 16 TDI (FFFF);
RUNTEST 10 TCK;
SDR 16 TDI (BFFE);
RUNTEST 10 TCK;
SDR 16 TDI (FBDF);
RUNTEST 10 TCK;
SDR 16 TDI (7FF7);
RUNTEST 10 TCK;
SDR 16 TDI (F7FF);
RUNTEST 10 TCK;
SDR 16 TDI (BFFF);
RUNTEST 10 TCK;
SDR 16 TDI (F7FF);
RUNTEST 10 TCK;
SDR 16 TDI (6FFF);
RUNTEST 10 TCK;
SDR 16 TDI (EFFF);
RUNTEST 10 TCK;
SDR 16 TDI (BDFF);
RUNTEST 10 TCK;
SDR 16 TDI (DFFF);
RUNTEST 10 TCK;
SDR 16 TDI (7FFF);
RUNTEST 10 TCK;
SDR 16 TDI (7FDF);
RUNTEST 10 TCK;
SDR 16 TDI (BFDF);
RUNTEST 10 TCK;
SDR 16 TDI (FFFF);
RUNTEST 10 TCK;
SDR 16 TDI (7FFF);
RUNTEST 10 TCK;
SDR 16 TDI (FFFF);
RUNTEST 10 TCK;
SDR 16 TDI (BFFF);
RUNTEST 10 TCK;
SDR 16 TDI (7EDF);
RUNTEST 10 TCK;
SDR 16 TDI (7FFF);
RUNTEST 10 TCK;
SDR 16 TDI (FEEF);
RUNTEST 10 TCK;
SDR 16 TDI (BFFE);
RUNTEST 10 TCK;
SDR 16 TDI (BFFB);
RUNTEST 10 TCK;
SDR 16 TDI (7FFA);
RUNTEST 10 TCK;
SDR 16 TDI (FDFF);
RUNTEST 10 TCK;
SDR 16 TDI (BFFF);
RUNTEST 10 TCK;
SDR 16 TDI (DFFD);
RUNTEST 10 TCK;
SDR 16 TDI (7FFF);
RUNTEST 10 TCK;
SDR 16 TDI (FFFF);
RUNTEST 10 TCK;
SDR 16 TDI (BDFF);
RUNTEST 10 TCK;
SDR 16 TDI (FFFF);
RUNTEST 10 TCK;
SDR 16 TDI (7FFF);
RUNTEST 10 TCK;
SDR 16 TDI (FFFF);
RUNTEST 10 TCK;
SDR 16 TDI (BFFD);
RUNTEST 10 TCK;
SDR 16 TDI (FBFB);
RUNTEST 10 TCK;
SDR 16 TDI (7FDF);
RUNTEST 10 TCK;
SDR 16 TDI (F7FF);
RUNTEST 10 TCK;
SDR 16 TDI (AED7);
RUNTEST 10 TCK;
SDR 16 TDI (FFEF);
RUNTEST 10 TCK;
SDR 16 TDI (77F7);
RUNTEST 10 TCK;
SDR 16 TDI (FFFF);
RUNTEST 10 TCK;
SDR 16 TDI (BDFF);
RUNTEST 10 TCK;
SDR 16 TDI (FFFF);
RUNTEST 10 TCK;
SDR 16 TDI (7EFF);
RUNTEST 10 TCK;
SDR 16 TDI (7FFF);
RUNTEST 10 TCK;
SDR 16 TDI (BFBF);
RUNTEST 10 TCK;
SDR 16 TDI (FFFF);
RUNTEST 10 TCK;
SDR 16 TDI (7FFF);
RUNTEST 10 TCK;
SDR 16 TDI (FFFF);
RUNTEST 10 TCK;
SDR 16 TDI (A55F);
RUNTEST 10 TCK;
SDR 16 TDI (F7FF);
RUNTEST 10 TCK;
SDR 16 TDI (7FEE);
RUNTEST 10 TCK;
SDR 16 TDI (DFFF);
RUNTEST 10 TCK;
SDR 16 TDI (BFFF);
RUNTEST 10 TCK;
SDR 16 TDI (FF77);
RUNTEST 10 TCK;
SDR 16 TDI (7BFF);
RUNTEST 10 TCK;
SDR 16 TDI (BFFF);
RUNTEST 10 TCK;
SDR 16 TDI (BFFF);
RUNTEST 10 TCK;
SDR 16 TDI (FFFF);
RUNTEST 10 TCK;
SDR 16 TDI (7FFF);
RUNTEST 10 TCK;
SDR 16 TDI (FFFF);
RUNTEST 10 TCK;
SDR 16 TDI (BFBF);
RUNTEST 10 TCK;
SDR 16 TDI (FBF5);
RUNTEST 10 TCK;
SDR 16 TDI (69FF);
RUNTEST 10 TCK;
SDR 16 TDI (FFFF);
RUNTEST 10 TCK;
SDR 16 TDI (AFFF);
RUNTEST 10 TCK;
SDR 16 TDI (FFFF);
RUNTEST 10 TCK;
SDR 16 TDI (7FFF);
RUNTEST 10 TCK;
SDR 16 TDI (FFBF);
RUNTEST 10 TCK;
SDR 16 TDI (AFFB);
RUNTEST 10 TCK;
SDR 16 TDI (FFFF);
RUNTEST 10 TCK;
SDR 16 TDI (77AF);
RUNTEST 10 TCK;
SDR 16 TDI (FFFF);
RUNTEST 10 TCK;
SDR 16 TDI (BFFD);
RUNTEST 10 TCK;
SDR 16 TDI (AFDB);
RUNTEST 10 TCK;
SDR 16 TDI (7DFF);
RUNTEST 10 TCK;
SDR 16 TDI (FFFF);
RUNTEST 10 TCK;
SDR 16 TDI (BFFF);
RUNTEST 10 TCK;
SDR 16 TDI (7EFF);
RUNTEST 10 TCK;
SDR 16 TDI (7DFF);
RUNTEST 10 TCK;
SDR 16 TDI (FFFF);
RUNTEST 10 TCK;
SDR 16 TDI (A55F);
RUNTEST 10 TCK;
SDR 16 TDI (FFEB);
RUNTEST 10 TCK;
SDR 16 TDI (7FFF);
RUNTEST 10 TCK;
SDR 16 TDI (FEAF);
RUNTEST 10 TCK;
SDR 16 TDI (B7BF);
RUNTEST 10 TCK;
SDR 16 TDI (E7FF);
RUNTEST 10 TCK;
SDR 16 TDI (7CFF);
RUNTEST 10 TCK;
SDR 16 TDI (3FAD);
RUNTEST 10 TCK;
SDR 16 TDI (BDDF);
RUNTEST 10 TCK;
SDR 16 TDI (7BFF);
RUNTEST 10 TCK;
SDR 16 TDI (77FF);
RUNTEST 10 TCK;
SDR 16 TDI (FFFF);
RUNTEST 10 TCK;
SDR 16 TDI (BFFD);
RUNTEST 10 TCK;
SDR 16 TDI (7F75);
RUNTEST 10 TCK;
SDR 16 TDI (69FF);
RUNTEST 10 TCK;
SDR 16 TDI (FFFF);
RUNTEST 10 TCK;
SDR 16 TDI (AAAF);
RUNTEST 10 TCK;
SDR 16 TDI (9BB7);
RUNTEST 10 TCK;
SDR 16 TDI (7FDD);
RUNTEST 10 TCK;
SDR 16 TDI (7FFD);
RUNTEST 10 TCK;
SDR 16 TDI (BFFF);
RUNTEST 10 TCK;
SDR 16 TDI (FFF7);
RUNTEST 10 TCK;
SDR 16 TDI (77CF);
RUNTEST 10 TCK;
SDR 16 TDI (7FED);
RUNTEST 10 TCK;
SDR 16 TDI (BDDF);
RUNTEST 10 TCK;
SDR 16 TDI (FEBF);
RUNTEST 10 TCK;
SDR 16 TDI (7FFF);
RUNTEST 10 TCK;
SDR 16 TDI (FFFF);
RUNTEST 10 TCK;
SDR 16 TDI (BFFF);
RUNTEST 10 TCK;
SDR 16 TDI (FFEE);
RUNTEST 10 TCK;
SDR 16 TDI (7DFF);
RUNTEST 10 TCK;
SDR 16 TDI (FFFF);
RUNTEST 10 TCK;
SDR 16 TDI (BFFF);
RUNTEST 10 TCK;
SDR 16 TDI (FFFF);
RUNTEST 10 TCK;
SDR 16 TDI (7FFF);
RUNTEST 10 TCK;
SDR 16 TDI (B7FF);
RUNTEST 10 TCK;
SDR 16 TDI (BEFF);
RUNTEST 10 TCK;
SDR 16 TDI (FFFE);
RUNTEST 10 TCK;
SDR 16 TDI (7FFF);
RUNTEST 10 TCK;
SDR 16 TDI (FEFF);
RUNTEST 10 TCK;
SDR 16 TDI (BF7F);
RUNTEST 10 TCK;
SDR 16 TDI (BFFE);
RUNTEST 10 TCK;
SDR 16 TDI (7FFF);
RUNTEST 10 TCK;
SDR 16 TDI (FFFF);
RUNTEST 10 TCK;
SDR 16 TDI (BFFF);
RUNTEST 10 TCK;
SDR 16 TDI (FFFF);
RUNTEST 10 TCK;
SDR 16 TDI (77FF);
RUNTEST 10 TCK;
SDR 16 TDI (FFFF);
RUNTEST 10 TCK;
SDR 16 TDI (BFFF);
RUNTEST 10 TCK;
SDR 16 TDI (DFDF);
RUNTEST 10 TCK;
SDR 16 TDI (6FF5);
RUNTEST 10 TCK;
SDR 16 TDI (FFED);
RUNTEST 10 TCK;
SDR 16 TDI (BBFB);
RUNTEST 10 TCK;
SDR 16 TDI (7FED);
RUNTEST 10 TCK;
SDR 16 TDI (7FFF);
RUNTEST 10 TCK;
SDR 16 TDI (FF7F);
RUNTEST 10 TCK;
SDR 16 TDI (BF7F);
RUNTEST 10 TCK;
SDR 16 TDI (FBFA);
RUNTEST 10 TCK;
SDR 16 TDI (7FFF);
RUNTEST 10 TCK;
SDR 16 TDI (FFFF);
RUNTEST 10 TCK;
SDR 16 TDI (BFFD);
RUNTEST 10 TCK;
SDR 16 TDI (FDFF);
RUNTEST 10 TCK;
SDR 16 TDI (7FFF);
RUNTEST 10 TCK;
SDR 16 TDI (FFFF);
RUNTEST 10 TCK;
SDR 16 TDI (BFFF);
RUNTEST 10 TCK;
SDR 16 TDI (BFFF);
RUNTEST 10 TCK;
SDR 16 TDI (7FFF);
RUNTEST 10 TCK;
SDR 16 TDI (5FDF);
RUNTEST 10 TCK;
SDR 16 TDI (BBFB);
RUNTEST 10 TCK;
SDR 16 TDI (FFFF);
RUNTEST 10 TCK;
SDR 16 TDI (793F);
RUNTEST 10 TCK;
SDR 16 TDI (DFED);
RUNTEST 10 TCK;
SDR 16 TDI (BDDF);
RUNTEST 10 TCK;
SDR 16 TDI (B19F);
RUNTEST 10 TCK;
SDR 16 TDI (7FFF);
RUNTEST 10 TCK;
SDR 16 TDI (FFFF);
RUNTEST 10 TCK;
SDR 16 TDI (BFFC);
RUNTEST 10 TCK;
SDR 16 TDI (FDFF);
RUNTEST 10 TCK;
SDR 16 TDI (77FF);
RUNTEST 10 TCK;
SDR 16 TDI (FFFF);
RUNTEST 10 TCK;
SDR 16 TDI (BAAF);
RUNTEST 10 TCK;
SDR 16 TDI (EFF3);
RUNTEST 10 TCK;
SDR 16 TDI (77F3);
RUNTEST 10 TCK;
SDR 16 TDI (AFBB);
RUNTEST 10 TCK;
SDR 16 TDI (B7FF);
RUNTEST 10 TCK;
SDR 16 TDI (FF7B);
RUNTEST 10 TCK;
SDR 16 TDI (6FEE);
RUNTEST 10 TCK;
SDR 16 TDI (FF5F);
RUNTEST 10 TCK;
SDR 16 TDI (BB3B);
RUNTEST 10 TCK;
SDR 16 TDI (FFF8);
RUNTEST 10 TCK;
SDR 16 TDI (7AFF);
RUNTEST 10 TCK;
SDR 16 TDI (FFFF);
RUNTEST 10 TCK;
SDR 16 TDI (BFFF);
RUNTEST 10 TCK;
SDR 16 TDI (FF7F);
RUNTEST 10 TCK;
SDR 16 TDI (7FFF);
RUNTEST 10 TCK;
SDR 16 TDI (FFFF);
RUNTEST 10 TCK;
SDR 16 TDI (BFFF);
RUNTEST 10 TCK;
SDR 16 TDI (D38F);
RUNTEST 10 TCK;
SDR 16 TDI (7FCC);
RUNTEST 10 TCK;
SDR 16 TDI (FF64);
RUNTEST 10 TCK;
SDR 16 TDI (BE77);
RUNTEST 10 TCK;
SDR 16 TDI (A7E4);
RUNTEST 10 TCK;
SDR 16 TDI (77D7);
RUNTEST 10 TCK;
SDR 16 TDI (3EBE);
RUNTEST 10 TCK;
SDR 16 TDI (BEFE);
RUNTEST 10 TCK;
SDR 16 TDI (DEFF);
RUNTEST 10 TCK;
SDR 16 TDI (6FFF);
RUNTEST 10 TCK;
SDR 16 TDI (FFFF);
RUNTEST 10 TCK;
SDR 16 TDI (BFDB);
RUNTEST 10 TCK;
SDR 16 TDI (7AFF);
RUNTEST 10 TCK;
SDR 16 TDI (7FFF);
RUNTEST 10 TCK;
SDR 16 TDI (FFFF);
RUNTEST 10 TCK;
SDR 16 TDI (A55C);
RUNTEST 10 TCK;
SDR 16 TDI (E0F8);
RUNTEST 10 TCK;
SDR 16 TDI (7DC3);
RUNTEST 10 TCK;
SDR 16 TDI (79EF);
RUNTEST 10 TCK;
SDR 16 TDI (BE00);
RUNTEST 10 TCK;
SDR 16 TDI (C3E5);
RUNTEST 10 TCK;
SDR 16 TDI (61E6);
RUNTEST 10 TCK;
SDR 16 TDI (13F3);
RUNTEST 10 TCK;
SDR 16 TDI (BE17);
RUNTEST 10 TCK;
SDR 16 TDI (1918);
RUNTEST 10 TCK;
SDR 16 TDI (6FFF);
RUNTEST 10 TCK;
SDR 16 TDI (FFFF);
RUNTEST 10 TCK;
SDR 16 TDI (B787);
RUNTEST 10 TCK;
SDR 16 TDI (FF75);
RUNTEST 10 TCK;
SDR 16 TDI (69FF);
RUNTEST 10 TCK;
SDR 16 TDI (FFFF);
RUNTEST 10 TCK;
SDR 16 TDI (AFFC);
RUNTEST 10 TCK;
SDR 16 TDI (C0E8);
RUNTEST 10 TCK;
SDR 16 TDI (7FA1);
RUNTEST 10 TCK;
SDR 16 TDI (58A7);
RUNTEST 10 TCK;
SDR 16 TDI (BE00);
RUNTEST 10 TCK;
SDR 16 TDI (C3F0);
RUNTEST 10 TCK;
SDR 16 TDI (7FE6);
RUNTEST 10 TCK;
SDR 16 TDI (13F3);
RUNTEST 10 TCK;
SDR 16 TDI (BE1E);
RUNTEST 10 TCK;
SDR 16 TDI (F918);
RUNTEST 10 TCK;
SDR 16 TDI (6FFF);
RUNTEST 10 TCK;
SDR 16 TDI (FFFF);
RUNTEST 10 TCK;
SDR 16 TDI (AF80);
RUNTEST 10 TCK;
SDR 16 TDI (F87E);
RUNTEST 10 TCK;
SDR 16 TDI (7DFF);
RUNTEST 10 TCK;
SDR 16 TDI (FFFF);
RUNTEST 10 TCK;
SDR 16 TDI (B55C);
RUNTEST 10 TCK;
SDR 16 TDI (F8C4);
RUNTEST 10 TCK;
SDR 16 TDI (7FEE);
RUNTEST 10 TCK;
SDR 16 TDI (79E5);
RUNTEST 10 TCK;
SDR 16 TDI (B2F0);
RUNTEST 10 TCK;
SDR 16 TDI (DBF3);
RUNTEST 10 TCK;
SDR 16 TDI (60DE);
RUNTEST 10 TCK;
SDR 16 TDI (130F);
RUNTEST 10 TCK;
SDR 16 TDI (B85F);
RUNTEST 10 TCK;
SDR 16 TDI (87FA);
RUNTEST 10 TCK;
SDR 16 TDI (6FFF);
RUNTEST 10 TCK;
SDR 16 TDI (FFFF);
RUNTEST 10 TCK;
SDR 16 TDI (BF86);
RUNTEST 10 TCK;
SDR 16 TDI (7F75);
RUNTEST 10 TCK;
SDR 16 TDI (7BFF);
RUNTEST 10 TCK;
SDR 16 TDI (FFFF);
RUNTEST 10 TCK;
SDR 16 TDI (BFFC);
RUNTEST 10 TCK;
SDR 16 TDI (FCE4);
RUNTEST 10 TCK;
SDR 16 TDI (7FFE);
RUNTEST 10 TCK;
SDR 16 TDI (19E6);
RUNTEST 10 TCK;
SDR 16 TDI (A2F0);
RUNTEST 10 TCK;
SDR 16 TDI (DBF3);
RUNTEST 10 TCK;
SDR 16 TDI (7DFE);
RUNTEST 10 TCK;
SDR 16 TDI (53DF);
RUNTEST 10 TCK;
SDR 16 TDI (B87F);
RUNTEST 10 TCK;
SDR 16 TDI (87FE);
RUNTEST 10 TCK;
SDR 16 TDI (60FF);
RUNTEST 10 TCK;
SDR 16 TDI (FFFF);
RUNTEST 10 TCK;
SDR 16 TDI (BF80);
RUNTEST 10 TCK;
SDR 16 TDI (797D);
RUNTEST 10 TCK;
SDR 16 TDI (7FFF);
RUNTEST 10 TCK;
SDR 16 TDI (FFFF);
RUNTEST 10 TCK;
SDR 16 TDI (BFFF);
RUNTEST 10 TCK;
SDR 16 TDI (B39B);
RUNTEST 10 TCK;
SDR 16 TDI (73E6);
RUNTEST 10 TCK;
SDR 16 TDI (8EED);
RUNTEST 10 TCK;
SDR 16 TDI (B273);
RUNTEST 10 TCK;
SDR 16 TDI (B1F3);
RUNTEST 10 TCK;
SDR 16 TDI (6466);
RUNTEST 10 TCK;
SDR 16 TDI (3CCC);
RUNTEST 10 TCK;
SDR 16 TDI (B18F);
RUNTEST 10 TCK;
SDR 16 TDI (9899);
RUNTEST 10 TCK;
SDR 16 TDI (77CC);
RUNTEST 10 TCK;
SDR 16 TDI (CCC7);
RUNTEST 10 TCK;
SDR 16 TDI (B99B);
RUNTEST 10 TCK;
SDR 16 TDI (9BFF);
RUNTEST 10 TCK;
SDR 16 TDI (7FFF);
RUNTEST 10 TCK;
SDR 16 TDI (FFFF);
RUNTEST 10 TCK;
SDR 16 TDI (BFFF);
RUNTEST 10 TCK;
SDR 16 TDI (2763);
RUNTEST 10 TCK;
SDR 16 TDI (6773);
RUNTEST 10 TCK;
SDR 16 TDI (6663);
RUNTEST 10 TCK;
SDR 16 TDI (B767);
RUNTEST 10 TCK;
SDR 16 TDI (67B9);
RUNTEST 10 TCK;
SDR 16 TDI (7367);
RUNTEST 10 TCK;
SDR 16 TDI (7DDD);
RUNTEST 10 TCK;
SDR 16 TDI (BB2D);
RUNTEST 10 TCK;
SDR 16 TDI (CDDD);
RUNTEST 10 TCK;
SDR 16 TDI (73DD);
RUNTEST 10 TCK;
SDR 16 TDI (DDDA);
RUNTEST 10 TCK;
SDR 16 TDI (B599);
RUNTEST 10 TCK;
SDR 16 TDI (D9FD);
RUNTEST 10 TCK;
SDR 16 TDI (7FFF);
RUNTEST 10 TCK;
SDR 16 TDI (FFFF);
RUNTEST 10 TCK;
SDR 16 TDI (BFFF);
RUNTEST 10 TCK;
SDR 16 TDI (FFDF);
RUNTEST 10 TCK;
SDR 16 TDI (7FDF);
RUNTEST 10 TCK;
SDR 16 TDI (DFFD);
RUNTEST 10 TCK;
SDR 16 TDI (BFBF);
RUNTEST 10 TCK;
SDR 16 TDI (FFAF);
RUNTEST 10 TCK;
SDR 16 TDI (7CFF);
RUNTEST 10 TCK;
SDR 16 TDI (FFEE);
RUNTEST 10 TCK;
SDR 16 TDI (BDD9);
RUNTEST 10 TCK;
SDR 16 TDI (3BBB);
RUNTEST 10 TCK;
SDR 16 TDI (7FFF);
RUNTEST 10 TCK;
SDR 16 TDI (FFFF);
RUNTEST 10 TCK;
SDR 16 TDI (B7F7);
RUNTEST 10 TCK;
SDR 16 TDI (FFFF);
RUNTEST 10 TCK;
SDR 16 TDI (7FFF);
RUNTEST 10 TCK;
SDR 16 TDI (FFFF);
RUNTEST 10 TCK;
SDR 16 TDI (BFFF);
RUNTEST 10 TCK;
SDR 16 TDI (7FFF);
RUNTEST 10 TCK;
SDR 16 TDI (77FF);
RUNTEST 10 TCK;
SDR 16 TDI (6FFF);
RUNTEST 10 TCK;
SDR 16 TDI (BFFF);
RUNTEST 10 TCK;
SDR 16 TDI (6FFB);
RUNTEST 10 TCK;
SDR 16 TDI (7FFF);
RUNTEST 10 TCK;
SDR 16 TDI (7FFF);
RUNTEST 10 TCK;
SDR 16 TDI (B7BF);
RUNTEST 10 TCK;
SDR 16 TDI (FDFF);
RUNTEST 10 TCK;
SDR 16 TDI (7F7E);
RUNTEST 10 TCK;
SDR 16 TDI (FFFF);
RUNTEST 10 TCK;
SDR 16 TDI (BFF7);
RUNTEST 10 TCK;
SDR 16 TDI (DFFF);
RUNTEST 10 TCK;
SDR 16 TDI (7FFF);
RUNTEST 10 TCK;
SDR 16 TDI (FFFF);
RUNTEST 10 TCK;
SDR 16 TDI (BFFF);
RUNTEST 10 TCK;
SDR 16 TDI (E7FE);
RUNTEST 10 TCK;
SDR 16 TDI (7FFF);
RUNTEST 10 TCK;
SDR 16 TDI (FFFF);
RUNTEST 10 TCK;
SDR 16 TDI (BF7E);
RUNTEST 10 TCK;
SDR 16 TDI (FFFE);
RUNTEST 10 TCK;
SDR 16 TDI (7FFF);
RUNTEST 10 TCK;
SDR 16 TDI (FFFD);
RUNTEST 10 TCK;
SDR 16 TDI (BFFF);
RUNTEST 10 TCK;
SDR 16 TDI (FFFF);
RUNTEST 10 TCK;
SDR 16 TDI (7FFF);
RUNTEST 10 TCK;
SDR 16 TDI (DFFF);
RUNTEST 10 TCK;
SDR 16 TDI (BBFF);
RUNTEST 10 TCK;
SDR 16 TDI (FF7F);
RUNTEST 10 TCK;
SDR 16 TDI (7FFF);
RUNTEST 10 TCK;
SDR 16 TDI (FFFF);
RUNTEST 10 TCK;
SDR 16 TDI (AFFF);
RUNTEST 10 TCK;
SDR 16 TDI (FFFF);
RUNTEST 10 TCK;
SDR 16 TDI (6FFF);
RUNTEST 10 TCK;
SDR 16 TDI (7FFF);
RUNTEST 10 TCK;
SDR 16 TDI (BFFF);
RUNTEST 10 TCK;
SDR 16 TDI (5FFB);
RUNTEST 10 TCK;
SDR 16 TDI (7FFF);
RUNTEST 10 TCK;
SDR 16 TDI (FFFD);
RUNTEST 10 TCK;
SDR 16 TDI (AFFF);
RUNTEST 10 TCK;
SDR 16 TDI (FFFF);
RUNTEST 10 TCK;
SDR 16 TDI (7FFE);
RUNTEST 10 TCK;
SDR 16 TDI (DFFF);
RUNTEST 10 TCK;
SDR 16 TDI (BFF7);
RUNTEST 10 TCK;
SDR 16 TDI (FF7F);
RUNTEST 10 TCK;
SDR 16 TDI (7DFF);
RUNTEST 10 TCK;
SDR 16 TDI (FFFF);
RUNTEST 10 TCK;
SDR 16 TDI (AFFF);
RUNTEST 10 TCK;
SDR 16 TDI (77FF);
RUNTEST 10 TCK;
SDR 16 TDI (7FFF);
RUNTEST 10 TCK;
SDR 16 TDI (F7FF);
RUNTEST 10 TCK;
SDR 16 TDI (BF7F);
RUNTEST 10 TCK;
SDR 16 TDI (FFFE);
RUNTEST 10 TCK;
SDR 16 TDI (7FFE);
RUNTEST 10 TCK;
SDR 16 TDI (FFFF);
RUNTEST 10 TCK;
SDR 16 TDI (BFBF);
RUNTEST 10 TCK;
SDR 16 TDI (FDFF);
RUNTEST 10 TCK;
SDR 16 TDI (7F7F);
RUNTEST 10 TCK;
SDR 16 TDI (FFFF);
RUNTEST 10 TCK;
SDR 16 TDI (BFFF);
RUNTEST 10 TCK;
SDR 16 TDI (BFFF);
RUNTEST 10 TCK;
SDR 16 TDI (7DFF);
RUNTEST 10 TCK;
SDR 16 TDI (FFFF);
RUNTEST 10 TCK;
SDR 16 TDI (BFFF);
RUNTEST 10 TCK;
SDR 16 TDI (BFFF);
RUNTEST 10 TCK;
SDR 16 TDI (7FFF);
RUNTEST 10 TCK;
SDR 16 TDI (FFFF);
RUNTEST 10 TCK;
SDR 16 TDI (BDFF);
RUNTEST 10 TCK;
SDR 16 TDI (DFFD);
RUNTEST 10 TCK;
SDR 16 TDI (7FFF);
RUNTEST 10 TCK;
SDR 16 TDI (FF7F);
RUNTEST 10 TCK;
SDR 16 TDI (BFDF);
RUNTEST 10 TCK;
SDR 16 TDI (FEEF);
RUNTEST 10 TCK;
SDR 16 TDI (7EFF);
RUNTEST 10 TCK;
SDR 16 TDI (FFFF);
RUNTEST 10 TCK;
SDR 16 TDI (BFEF);
RUNTEST 10 TCK;
SDR 16 TDI (FFFF);
RUNTEST 10 TCK;
SDR 16 TDI (7FFF);
RUNTEST 10 TCK;
SDR 16 TDI (FFFF);
RUNTEST 10 TCK;
SDR 16 TDI (BFFF);
RUNTEST 10 TCK;
SDR 16 TDI (FFEF);
RUNTEST 10 TCK;
SDR 16 TDI (7FFB);
RUNTEST 10 TCK;
SDR 16 TDI (FFFF);
RUNTEST 10 TCK;
SDR 16 TDI (BFFF);
RUNTEST 10 TCK;
SDR 16 TDI (FFFF);
RUNTEST 10 TCK;
SDR 16 TDI (7FFF);
RUNTEST 10 TCK;
SDR 16 TDI (FEFF);
RUNTEST 10 TCK;
SDR 16 TDI (BFFF);
RUNTEST 10 TCK;
SDR 16 TDI (FFFF);
RUNTEST 10 TCK;
SDR 16 TDI (7FBA);
RUNTEST 10 TCK;
SDR 16 TDI (FFFF);
RUNTEST 10 TCK;
SDR 16 TDI (BFDF);
RUNTEST 10 TCK;
SDR 16 TDI (FFFF);
RUNTEST 10 TCK;
SDR 16 TDI (7FFF);
RUNTEST 10 TCK;
SDR 16 TDI (FFFF);
RUNTEST 10 TCK;
SDR 16 TDI (BFFF);
RUNTEST 10 TCK;
SDR 16 TDI (FEDF);
RUNTEST 10 TCK;
SDR 16 TDI (7FFE);
RUNTEST 10 TCK;
SDR 16 TDI (FFFF);
RUNTEST 10 TCK;
SDR 16 TDI (BFBE);
RUNTEST 10 TCK;
SDR 16 TDI (9FFF);
RUNTEST 10 TCK;
SDR 16 TDI (6FBE);
RUNTEST 10 TCK;
SDR 16 TDI (EF7B);
RUNTEST 10 TCK;
SDR 16 TDI (B53F);
RUNTEST 10 TCK;
SDR 16 TDI (FBFE);
RUNTEST 10 TCK;
SDR 16 TDI (777D);
RUNTEST 10 TCK;
SDR 16 TDI (FFBF);
RUNTEST 10 TCK;
SDR 16 TDI (BFF7);
RUNTEST 10 TCK;
SDR 16 TDI (EFFF);
RUNTEST 10 TCK;
SDR 16 TDI (7FFF);
RUNTEST 10 TCK;
SDR 16 TDI (FFFF);
RUNTEST 10 TCK;
SDR 16 TDI (BFFF);
RUNTEST 10 TCK;
SDR 16 TDI (BFFF);
RUNTEST 10 TCK;
SDR 16 TDI (7FFB);
RUNTEST 10 TCK;
SDR 16 TDI (FFFF);
RUNTEST 10 TCK;
SDR 16 TDI (BEFF);
RUNTEST 10 TCK;
SDR 16 TDI (FFFD);
RUNTEST 10 TCK;
SDR 16 TDI (7FFF);
RUNTEST 10 TCK;
SDR 16 TDI (FEFF);
RUNTEST 10 TCK;
SDR 16 TDI (BFFF);
RUNTEST 10 TCK;
SDR 16 TDI (FF6F);
RUNTEST 10 TCK;
SDR 16 TDI (7DF7);
RUNTEST 10 TCK;
SDR 16 TDI (FFFF);
RUNTEST 10 TCK;
SDR 16 TDI (BFDF);
RUNTEST 10 TCK;
SDR 16 TDI (FFFF);
RUNTEST 10 TCK;
SDR 16 TDI (7FFF);
RUNTEST 10 TCK;
SDR 16 TDI (FFFF);
RUNTEST 10 TCK;
SDR 16 TDI (BFFF);
RUNTEST 10 TCK;
SDR 16 TDI (FFFF);
RUNTEST 10 TCK;
SDR 16 TDI (7FFF);
RUNTEST 10 TCK;
SDR 16 TDI (75BD);
RUNTEST 10 TCK;
SDR 16 TDI (BFFF);
RUNTEST 10 TCK;
SDR 16 TDI (FFFF);
RUNTEST 10 TCK;
SDR 16 TDI (77FF);
RUNTEST 10 TCK;
SDR 16 TDI (FBDF);
RUNTEST 10 TCK;
SDR 16 TDI (BFFF);
RUNTEST 10 TCK;
SDR 16 TDI (FFFF);
RUNTEST 10 TCK;
SDR 16 TDI (7FDE);
RUNTEST 10 TCK;
SDR 16 TDI (BBFF);
RUNTEST 10 TCK;
SDR 16 TDI (BFFF);
RUNTEST 10 TCK;
SDR 16 TDI (FDD7);
RUNTEST 10 TCK;
SDR 16 TDI (7FFF);
RUNTEST 10 TCK;
SDR 16 TDI (FFFF);
RUNTEST 10 TCK;
SDR 16 TDI (BFFF);
RUNTEST 10 TCK;
SDR 16 TDI (FFFB);
RUNTEST 10 TCK;
SDR 16 TDI (7FF7);
RUNTEST 10 TCK;
SDR 16 TDI (FFFF);
RUNTEST 10 TCK;
SDR 16 TDI (BF6F);
RUNTEST 10 TCK;
SDR 16 TDI (FFFB);
RUNTEST 10 TCK;
SDR 16 TDI (7DDF);
RUNTEST 10 TCK;
SDR 16 TDI (EEBF);
RUNTEST 10 TCK;
SDR 16 TDI (B7BF);
RUNTEST 10 TCK;
SDR 16 TDI (FFFF);
RUNTEST 10 TCK;
SDR 16 TDI (7777);
RUNTEST 10 TCK;
SDR 16 TDI (FEDF);
RUNTEST 10 TCK;
SDR 16 TDI (BFFF);
RUNTEST 10 TCK;
SDR 16 TDI (FFFF);
RUNTEST 10 TCK;
SDR 16 TDI (7FFF);
RUNTEST 10 TCK;
SDR 16 TDI (FFFF);
RUNTEST 10 TCK;
SDR 16 TDI (BFFF);
RUNTEST 10 TCK;
SDR 16 TDI (FFFF);
RUNTEST 10 TCK;
SDR 16 TDI (7FFF);
RUNTEST 10 TCK;
SDR 16 TDI (FFFD);
RUNTEST 10 TCK;
SDR 16 TDI (BFDF);
RUNTEST 10 TCK;
SDR 16 TDI (FFFB);
RUNTEST 10 TCK;
SDR 16 TDI (75CF);
RUNTEST 10 TCK;
SDR 16 TDI (B77F);
RUNTEST 10 TCK;
SDR 16 TDI (BFBF);
RUNTEST 10 TCK;
SDR 16 TDI (FFFE);
RUNTEST 10 TCK;
SDR 16 TDI (7F7D);
RUNTEST 10 TCK;
SDR 16 TDI (FFDF);
RUNTEST 10 TCK;
SDR 16 TDI (BFFF);
RUNTEST 10 TCK;
SDR 16 TDI (EFF7);
RUNTEST 10 TCK;
SDR 16 TDI (7FFF);
RUNTEST 10 TCK;
SDR 16 TDI (FFFF);
RUNTEST 10 TCK;
SDR 16 TDI (BFFF);
RUNTEST 10 TCK;
SDR 16 TDI (FFF7);
RUNTEST 10 TCK;
SDR 16 TDI (7FDE);
RUNTEST 10 TCK;
SDR 16 TDI (EBBF);
RUNTEST 10 TCK;
SDR 16 TDI (BFBF);
RUNTEST 10 TCK;
SDR 16 TDI (FDFF);
RUNTEST 10 TCK;
SDR 16 TDI (7FFF);
RUNTEST 10 TCK;
SDR 16 TDI (FDDF);
RUNTEST 10 TCK;
SDR 16 TDI (B7FF);
RUNTEST 10 TCK;
SDR 16 TDI (FFFF);
RUNTEST 10 TCK;
SDR 16 TDI (77EB);
RUNTEST 10 TCK;
SDR 16 TDI (BAFF);
RUNTEST 10 TCK;
SDR 16 TDI (BFFF);
RUNTEST 10 TCK;
SDR 16 TDI (FBBF);
RUNTEST 10 TCK;
SDR 16 TDI (7FFF);
RUNTEST 10 TCK;
SDR 16 TDI (FFFF);
RUNTEST 10 TCK;
SDR 16 TDI (A55F);
RUNTEST 10 TCK;
SDR 16 TDI (FFFF);
RUNTEST 10 TCK;
SDR 16 TDI (77FF);
RUNTEST 10 TCK;
SDR 16 TDI (FFFF);
RUNTEST 10 TCK;
SDR 16 TDI (BBB7);
RUNTEST 10 TCK;
SDR 16 TDI (FFFF);
RUNTEST 10 TCK;
SDR 16 TDI (7EFF);
RUNTEST 10 TCK;
SDR 16 TDI (BFFF);
RUNTEST 10 TCK;
SDR 16 TDI (BBDF);
RUNTEST 10 TCK;
SDR 16 TDI (FDF7);
RUNTEST 10 TCK;
SDR 16 TDI (7BFF);
RUNTEST 10 TCK;
SDR 16 TDI (F97F);
RUNTEST 10 TCK;
SDR 16 TDI (BCDF);
RUNTEST 10 TCK;
SDR 16 TDI (BFF5);
RUNTEST 10 TCK;
SDR 16 TDI (75FF);
RUNTEST 10 TCK;
SDR 16 TDI (FFFF);
RUNTEST 10 TCK;
SDR 16 TDI (AFFE);
RUNTEST 10 TCK;
SDR 16 TDI (7B66);
RUNTEST 10 TCK;
SDR 16 TDI (7FF7);
RUNTEST 10 TCK;
SDR 16 TDI (32CE);
RUNTEST 10 TCK;
SDR 16 TDI (BDFF);
RUNTEST 10 TCK;
SDR 16 TDI (FFD7);
RUNTEST 10 TCK;
SDR 16 TDI (77DF);
RUNTEST 10 TCK;
SDR 16 TDI (7FFF);
RUNTEST 10 TCK;
SDR 16 TDI (BFFF);
RUNTEST 10 TCK;
SDR 16 TDI (FFFF);
RUNTEST 10 TCK;
SDR 16 TDI (7DFF);
RUNTEST 10 TCK;
SDR 16 TDI (FFFE);
RUNTEST 10 TCK;
SDR 16 TDI (BFFF);
RUNTEST 10 TCK;
SDR 16 TDI (EFFE);
RUNTEST 10 TCK;
SDR 16 TDI (7DFF);
RUNTEST 10 TCK;
SDR 16 TDI (FFFF);
RUNTEST 10 TCK;
SDR 16 TDI (A55F);
RUNTEST 10 TCK;
SDR 16 TDI (FEFF);
RUNTEST 10 TCK;
SDR 16 TDI (7FFF);
RUNTEST 10 TCK;
SDR 16 TDI (BFFF);
RUNTEST 10 TCK;
SDR 16 TDI (AEFF);
RUNTEST 10 TCK;
SDR 16 TDI (A7FF);
RUNTEST 10 TCK;
SDR 16 TDI (7BBF);
RUNTEST 10 TCK;
SDR 16 TDI (FEFE);
RUNTEST 10 TCK;
SDR 16 TDI (BFFF);
RUNTEST 10 TCK;
SDR 16 TDI (BFB3);
RUNTEST 10 TCK;
SDR 16 TDI (7FDD);
RUNTEST 10 TCK;
SDR 16 TDI (DFEF);
RUNTEST 10 TCK;
SDR 16 TDI (BFFF);
RUNTEST 10 TCK;
SDR 16 TDI (FFF4);
RUNTEST 10 TCK;
SDR 16 TDI (75FF);
RUNTEST 10 TCK;
SDR 16 TDI (FFFF);
RUNTEST 10 TCK;
SDR 16 TDI (AAAF);
RUNTEST 10 TCK;
SDR 16 TDI (77F7);
RUNTEST 10 TCK;
SDR 16 TDI (7FDF);
RUNTEST 10 TCK;
SDR 16 TDI (FFF7);
RUNTEST 10 TCK;
SDR 16 TDI (BFFE);
RUNTEST 10 TCK;
SDR 16 TDI (FFDF);
RUNTEST 10 TCK;
SDR 16 TDI (7FFF);
RUNTEST 10 TCK;
SDR 16 TDI (FFFF);
RUNTEST 10 TCK;
SDR 16 TDI (BFBF);
RUNTEST 10 TCK;
SDR 16 TDI (FFFF);
RUNTEST 10 TCK;
SDR 16 TDI (7FFF);
RUNTEST 10 TCK;
SDR 16 TDI (F77F);
RUNTEST 10 TCK;
SDR 16 TDI (BF7B);
RUNTEST 10 TCK;
SDR 16 TDI (BFFF);
RUNTEST 10 TCK;
SDR 16 TDI (7DFF);
RUNTEST 10 TCK;
SDR 16 TDI (FFFF);
RUNTEST 10 TCK;
SDR 16 TDI (BFFF);
RUNTEST 10 TCK;
SDR 16 TDI (FFAD);
RUNTEST 10 TCK;
SDR 16 TDI (7FEB);
RUNTEST 10 TCK;
SDR 16 TDI (EBDD);
RUNTEST 10 TCK;
SDR 16 TDI (9FBF);
RUNTEST 10 TCK;
SDR 16 TDI (FFFD);
RUNTEST 10 TCK;
SDR 16 TDI (4EF7);
RUNTEST 10 TCK;
SDR 16 TDI (FBFE);
RUNTEST 10 TCK;
SDR 16 TDI (B7FF);
RUNTEST 10 TCK;
SDR 16 TDI (EF5E);
RUNTEST 10 TCK;
SDR 16 TDI (7FEF);
RUNTEST 10 TCK;
SDR 16 TDI (FEFF);
RUNTEST 10 TCK;
SDR 16 TDI (BFFF);
RUNTEST 10 TCK;
SDR 16 TDI (F7FF);
RUNTEST 10 TCK;
SDR 16 TDI (7FFF);
RUNTEST 10 TCK;
SDR 16 TDI (FFFF);
RUNTEST 10 TCK;
SDR 16 TDI (9FFF);
RUNTEST 10 TCK;
SDR 16 TDI (FEFF);
RUNTEST 10 TCK;
SDR 16 TDI (5FFA);
RUNTEST 10 TCK;
SDR 16 TDI (FEFF);
RUNTEST 10 TCK;
SDR 16 TDI (BFD7);
RUNTEST 10 TCK;
SDR 16 TDI (DFFF);
RUNTEST 10 TCK;
SDR 16 TDI (7FFD);
RUNTEST 10 TCK;
SDR 16 TDI (FEFF);
RUNTEST 10 TCK;
SDR 16 TDI (ADFD);
RUNTEST 10 TCK;
SDR 16 TDI (AB7B);
RUNTEST 10 TCK;
SDR 16 TDI (7FFD);
RUNTEST 10 TCK;
SDR 16 TDI (DFEF);
RUNTEST 10 TCK;
SDR 16 TDI (9DFF);
RUNTEST 10 TCK;
SDR 16 TDI (FFFF);
RUNTEST 10 TCK;
SDR 16 TDI (5FFF);
RUNTEST 10 TCK;
SDR 16 TDI (FFFF);
RUNTEST 10 TCK;
SDR 16 TDI (BFFF);
RUNTEST 10 TCK;
SDR 16 TDI (7FE7);
RUNTEST 10 TCK;
SDR 16 TDI (7FFA);
RUNTEST 10 TCK;
SDR 16 TDI (BBDE);
RUNTEST 10 TCK;
SDR 16 TDI (B55A);
RUNTEST 10 TCK;
SDR 16 TDI (DFFD);
RUNTEST 10 TCK;
SDR 16 TDI (7F4D);
RUNTEST 10 TCK;
SDR 16 TDI (5BFE);
RUNTEST 10 TCK;
SDR 16 TDI (9FFD);
RUNTEST 10 TCK;
SDR 16 TDI (E7F6);
RUNTEST 10 TCK;
SDR 16 TDI (5AEE);
RUNTEST 10 TCK;
SDR 16 TDI (EC7D);
RUNTEST 10 TCK;
SDR 16 TDI (BFFB);
RUNTEST 10 TCK;
SDR 16 TDI (D7FE);
RUNTEST 10 TCK;
SDR 16 TDI (7FFF);
RUNTEST 10 TCK;
SDR 16 TDI (FFFF);
RUNTEST 10 TCK;
SDR 16 TDI (BAAF);
RUNTEST 10 TCK;
SDR 16 TDI (FC1F);
RUNTEST 10 TCK;
SDR 16 TDI (7FF5);
RUNTEST 10 TCK;
SDR 16 TDI (4EBF);
RUNTEST 10 TCK;
SDR 16 TDI (8EFF);
RUNTEST 10 TCK;
SDR 16 TDI (FFDF);
RUNTEST 10 TCK;
SDR 16 TDI (4FBF);
RUNTEST 10 TCK;
SDR 16 TDI (FCFD);
RUNTEST 10 TCK;
SDR 16 TDI (B19F);
RUNTEST 10 TCK;
SDR 16 TDI (9F69);
RUNTEST 10 TCK;
SDR 16 TDI (7FFD);
RUNTEST 10 TCK;
SDR 16 TDI (D39F);
RUNTEST 10 TCK;
SDR 16 TDI (B87F);
RUNTEST 10 TCK;
SDR 16 TDI (FFFF);
RUNTEST 10 TCK;
SDR 16 TDI (7BFF);
RUNTEST 10 TCK;
SDR 16 TDI (FFFF);
RUNTEST 10 TCK;
SDR 16 TDI (9FFD);
RUNTEST 10 TCK;
SDR 16 TDI (B3F8);
RUNTEST 10 TCK;
SDR 16 TDI (4FCF);
RUNTEST 10 TCK;
SDR 16 TDI (F563);
RUNTEST 10 TCK;
SDR 16 TDI (BFB7);
RUNTEST 10 TCK;
SDR 16 TDI (67EB);
RUNTEST 10 TCK;
SDR 16 TDI (72FF);
RUNTEST 10 TCK;
SDR 16 TDI (FFFF);
RUNTEST 10 TCK;
SDR 16 TDI (AFFF);
RUNTEST 10 TCK;
SDR 16 TDI (F89F);
RUNTEST 10 TCK;
SDR 16 TDI (7FDF);
RUNTEST 10 TCK;
SDR 16 TDI (FFEF);
RUNTEST 10 TCK;
SDR 16 TDI (9FDF);
RUNTEST 10 TCK;
SDR 16 TDI (AFFF);
RUNTEST 10 TCK;
SDR 16 TDI (5FFF);
RUNTEST 10 TCK;
SDR 16 TDI (FFFF);
RUNTEST 10 TCK;
SDR 16 TDI (A55C);
RUNTEST 10 TCK;
SDR 16 TDI (C2BF);
RUNTEST 10 TCK;
SDR 16 TDI (7FC6);
RUNTEST 10 TCK;
SDR 16 TDI (1F41);
RUNTEST 10 TCK;
SDR 16 TDI (AB3D);
RUNTEST 10 TCK;
SDR 16 TDI (7EF1);
RUNTEST 10 TCK;
SDR 16 TDI (6607);
RUNTEST 10 TCK;
SDR 16 TDI (F0F3);
RUNTEST 10 TCK;
SDR 16 TDI (879F);
RUNTEST 10 TCK;
SDR 16 TDI (080C);
RUNTEST 10 TCK;
SDR 16 TDI (4FFF);
RUNTEST 10 TCK;
SDR 16 TDI (F04F);
RUNTEST 10 TCK;
SDR 16 TDI (B07E);
RUNTEST 10 TCK;
SDR 16 TDI (07F5);
RUNTEST 10 TCK;
SDR 16 TDI (6DFF);
RUNTEST 10 TCK;
SDR 16 TDI (FFFF);
RUNTEST 10 TCK;
SDR 16 TDI (AFFF);
RUNTEST 10 TCK;
SDR 16 TDI (C30B);
RUNTEST 10 TCK;
SDR 16 TDI (7FAB);
RUNTEST 10 TCK;
SDR 16 TDI (6E01);
RUNTEST 10 TCK;
SDR 16 TDI (8B01);
RUNTEST 10 TCK;
SDR 16 TDI (6BD1);
RUNTEST 10 TCK;
SDR 16 TDI (661E);
RUNTEST 10 TCK;
SDR 16 TDI (10F3);
RUNTEST 10 TCK;
SDR 16 TDI (A39B);
RUNTEST 10 TCK;
SDR 16 TDI (C804);
RUNTEST 10 TCK;
SDR 16 TDI (60FF);
RUNTEST 10 TCK;
SDR 16 TDI (F80F);
RUNTEST 10 TCK;
SDR 16 TDI (BC7E);
RUNTEST 10 TCK;
SDR 16 TDI (2FFF);
RUNTEST 10 TCK;
SDR 16 TDI (7DFF);
RUNTEST 10 TCK;
SDR 16 TDI (FFFF);
RUNTEST 10 TCK;
SDR 16 TDI (955C);
RUNTEST 10 TCK;
SDR 16 TDI (303E);
RUNTEST 10 TCK;
SDR 16 TDI (4FE0);
RUNTEST 10 TCK;
SDR 16 TDI (1ECE);
RUNTEST 10 TCK;
SDR 16 TDI (B97C);
RUNTEST 10 TCK;
SDR 16 TDI (3FFD);
RUNTEST 10 TCK;
SDR 16 TDI (7626);
RUNTEST 10 TCK;
SDR 16 TDI (1DF0);
RUNTEST 10 TCK;
SDR 16 TDI (A5FF);
RUNTEST 10 TCK;
SDR 16 TDI (AC78);
RUNTEST 10 TCK;
SDR 16 TDI (6F3C);
RUNTEST 10 TCK;
SDR 16 TDI (300F);
RUNTEST 10 TCK;
SDR 16 TDI (9806);
RUNTEST 10 TCK;
SDR 16 TDI (67F5);
RUNTEST 10 TCK;
SDR 16 TDI (47FF);
RUNTEST 10 TCK;
SDR 16 TDI (FFFF);
RUNTEST 10 TCK;
SDR 16 TDI (BFFC);
RUNTEST 10 TCK;
SDR 16 TDI (303F);
RUNTEST 10 TCK;
SDR 16 TDI (7FE0);
RUNTEST 10 TCK;
SDR 16 TDI (1E8F);
RUNTEST 10 TCK;
SDR 16 TDI (A730);
RUNTEST 10 TCK;
SDR 16 TDI (3FFD);
RUNTEST 10 TCK;
SDR 16 TDI (761F);
RUNTEST 10 TCK;
SDR 16 TDI (FDF0);
RUNTEST 10 TCK;
SDR 16 TDI (85FF);
RUNTEST 10 TCK;
SDR 16 TDI (A870);
RUNTEST 10 TCK;
SDR 16 TDI (4F3C);
RUNTEST 10 TCK;
SDR 16 TDI (300F);
RUNTEST 10 TCK;
SDR 16 TDI (B806);
RUNTEST 10 TCK;
SDR 16 TDI (47FF);
RUNTEST 10 TCK;
SDR 16 TDI (7FFF);
RUNTEST 10 TCK;
SDR 16 TDI (FFFF);
RUNTEST 10 TCK;
SDR 16 TDI (BFFF);
RUNTEST 10 TCK;
SDR 16 TDI (33B1);
RUNTEST 10 TCK;
SDR 16 TDI (73EE);
RUNTEST 10 TCK;
SDR 16 TDI (E6E7);
RUNTEST 10 TCK;
SDR 16 TDI (933B);
RUNTEST 10 TCK;
SDR 16 TDI (21F9);
RUNTEST 10 TCK;
SDR 16 TDI (4666);
RUNTEST 10 TCK;
SDR 16 TDI (7CCC);
RUNTEST 10 TCK;
SDR 16 TDI (B84F);
RUNTEST 10 TCK;
SDR 16 TDI (9999);
RUNTEST 10 TCK;
SDR 16 TDI (744E);
RUNTEST 10 TCK;
SDR 16 TDI (E887);
RUNTEST 10 TCK;
SDR 16 TDI (B93B);
RUNTEST 10 TCK;
SDR 16 TDI (99DF);
RUNTEST 10 TCK;
SDR 16 TDI (7FFF);
RUNTEST 10 TCK;
SDR 16 TDI (FFFF);
RUNTEST 10 TCK;
SDR 16 TDI (9FFF);
RUNTEST 10 TCK;
SDR 16 TDI (6736);
RUNTEST 10 TCK;
SDR 16 TDI (4F66);
RUNTEST 10 TCK;
SDR 16 TDI (7677);
RUNTEST 10 TCK;
SDR 16 TDI (B773);
RUNTEST 10 TCK;
SDR 16 TDI (75BB);
RUNTEST 10 TCK;
SDR 16 TDI (7737);
RUNTEST 10 TCK;
SDR 16 TDI (7CD9);
RUNTEST 10 TCK;
SDR 16 TDI (B995);
RUNTEST 10 TCK;
SDR 16 TDI (1D9C);
RUNTEST 10 TCK;
SDR 16 TDI (738C);
RUNTEST 10 TCK;
SDR 16 TDI (CD9A);
RUNTEST 10 TCK;
SDR 16 TDI (9099);
RUNTEST 10 TCK;
SDR 16 TDI (9DDF);
RUNTEST 10 TCK;
SDR 16 TDI (5FFF);
RUNTEST 10 TCK;
SDR 16 TDI (FFFF);
RUNTEST 10 TCK;
SDR 16 TDI (BFFF);
RUNTEST 10 TCK;
SDR 16 TDI (BBF9);
RUNTEST 10 TCK;
SDR 16 TDI (7FDF);
RUNTEST 10 TCK;
SDR 16 TDI (EFEF);
RUNTEST 10 TCK;
SDR 16 TDI (BFFF);
RUNTEST 10 TCK;
SDR 16 TDI (FFB7);
RUNTEST 10 TCK;
SDR 16 TDI (7EEF);
RUNTEST 10 TCK;
SDR 16 TDI (FFFE);
RUNTEST 10 TCK;
SDR 16 TDI (9EFF);
RUNTEST 10 TCK;
SDR 16 TDI (7BFF);
RUNTEST 10 TCK;
SDR 16 TDI (5E6F);
RUNTEST 10 TCK;
SDR 16 TDI (FFEF);
RUNTEST 10 TCK;
SDR 16 TDI (B77F);
RUNTEST 10 TCK;
SDR 16 TDI (FFFF);
RUNTEST 10 TCK;
SDR 16 TDI (7FFF);
RUNTEST 10 TCK;
SDR 16 TDI (FFFF);
RUNTEST 10 TCK;
SDR 16 TDI (BFFF);
RUNTEST 10 TCK;
SDR 16 TDI (FFFF);
RUNTEST 10 TCK;
SDR 16 TDI (6FFF);
RUNTEST 10 TCK;
SDR 16 TDI (FFFF);
RUNTEST 10 TCK;
SDR 16 TDI (BDBF);
RUNTEST 10 TCK;
SDR 16 TDI (F7FE);
RUNTEST 10 TCK;
SDR 16 TDI (5FFF);
RUNTEST 10 TCK;
SDR 16 TDI (FEFF);
RUNTEST 10 TCK;
SDR 16 TDI (B7FF);
RUNTEST 10 TCK;
SDR 16 TDI (FFBF);
RUNTEST 10 TCK;
SDR 16 TDI (7FD7);
RUNTEST 10 TCK;
SDR 16 TDI (FFFF);
RUNTEST 10 TCK;
SDR 16 TDI (BDFD);
RUNTEST 10 TCK;
SDR 16 TDI (FFFF);
RUNTEST 10 TCK;
SDR 16 TDI (7FFF);
RUNTEST 10 TCK;
SDR 16 TDI (FFFF);
RUNTEST 10 TCK;
SDR 16 TDI (BFFF);
RUNTEST 10 TCK;
SDR 16 TDI (FFFF);
RUNTEST 10 TCK;
SDR 16 TDI (5FFF);
RUNTEST 10 TCK;
SDR 16 TDI (FAFD);
RUNTEST 10 TCK;
SDR 16 TDI (BFDF);
RUNTEST 10 TCK;
SDR 16 TDI (FFFB);
RUNTEST 10 TCK;
SDR 16 TDI (76FF);
RUNTEST 10 TCK;
SDR 16 TDI (FFFF);
RUNTEST 10 TCK;
SDR 16 TDI (BBFF);
RUNTEST 10 TCK;
SDR 16 TDI (EFFE);
RUNTEST 10 TCK;
SDR 16 TDI (7FFF);
RUNTEST 10 TCK;
SDR 16 TDI (F5FF);
RUNTEST 10 TCK;
SDR 16 TDI (BFDF);
RUNTEST 10 TCK;
SDR 16 TDI (FFFF);
RUNTEST 10 TCK;
SDR 16 TDI (5FFF);
RUNTEST 10 TCK;
SDR 16 TDI (FFFF);
RUNTEST 10 TCK;
SDR 16 TDI (AFFF);
RUNTEST 10 TCK;
SDR 16 TDI (FFFF);
RUNTEST 10 TCK;
SDR 16 TDI (7FFF);
RUNTEST 10 TCK;
SDR 16 TDI (FFFF);
RUNTEST 10 TCK;
SDR 16 TDI (BFBF);
RUNTEST 10 TCK;
SDR 16 TDI (F7FD);
RUNTEST 10 TCK;
SDR 16 TDI (7FFF);
RUNTEST 10 TCK;
SDR 16 TDI (FFFF);
RUNTEST 10 TCK;
SDR 16 TDI (ABFF);
RUNTEST 10 TCK;
SDR 16 TDI (FFDF);
RUNTEST 10 TCK;
SDR 16 TDI (5FEF);
RUNTEST 10 TCK;
SDR 16 TDI (F7FF);
RUNTEST 10 TCK;
SDR 16 TDI (BBDD);
RUNTEST 10 TCK;
SDR 16 TDI (FFFF);
RUNTEST 10 TCK;
SDR 16 TDI (7DFF);
RUNTEST 10 TCK;
SDR 16 TDI (FFFF);
RUNTEST 10 TCK;
SDR 16 TDI (AFFF);
RUNTEST 10 TCK;
SDR 16 TDI (FFFF);
RUNTEST 10 TCK;
SDR 16 TDI (77FF);
RUNTEST 10 TCK;
SDR 16 TDI (FFFD);
RUNTEST 10 TCK;
SDR 16 TDI (BEDF);
RUNTEST 10 TCK;
SDR 16 TDI (FFFB);
RUNTEST 10 TCK;
SDR 16 TDI (57FF);
RUNTEST 10 TCK;
SDR 16 TDI (FEFF);
RUNTEST 10 TCK;
SDR 16 TDI (BFFF);
RUNTEST 10 TCK;
SDR 16 TDI (FFFF);
RUNTEST 10 TCK;
SDR 16 TDI (7FF7);
RUNTEST 10 TCK;
SDR 16 TDI (FDFF);
RUNTEST 10 TCK;
SDR 16 TDI (BFFF);
RUNTEST 10 TCK;
SDR 16 TDI (FFFF);
RUNTEST 10 TCK;
SDR 16 TDI (7DFF);
RUNTEST 10 TCK;
SDR 16 TDI (FFFF);
RUNTEST 10 TCK;
SDR 16 TDI (BBFF);
RUNTEST 10 TCK;
SDR 16 TDI (7EEF);
RUNTEST 10 TCK;
SDR 16 TDI (5FFB);
RUNTEST 10 TCK;
SDR 16 TDI (FFFF);
RUNTEST 10 TCK;
SDR 16 TDI (BFFF);
RUNTEST 10 TCK;
SDR 16 TDI (7FFF);
RUNTEST 10 TCK;
SDR 16 TDI (7FFF);
RUNTEST 10 TCK;
SDR 16 TDI (FFFF);
RUNTEST 10 TCK;
SDR 16 TDI (BFFF);
RUNTEST 10 TCK;
SDR 16 TDI (B7FF);
RUNTEST 10 TCK;
SDR 16 TDI (7FFF);
RUNTEST 10 TCK;
SDR 16 TDI (FFBF);
RUNTEST 10 TCK;
SDR 16 TDI (BFF6);
RUNTEST 10 TCK;
SDR 16 TDI (FFFF);
RUNTEST 10 TCK;
SDR 16 TDI (5FFF);
RUNTEST 10 TCK;
SDR 16 TDI (FFFF);
RUNTEST 10 TCK;
SDR 16 TDI (BFFF);
RUNTEST 10 TCK;
SDR 16 TDI (FFFF);
RUNTEST 10 TCK;
SDR 16 TDI (7FFF);
RUNTEST 10 TCK;
SDR 16 TDI (FFFF);
RUNTEST 10 TCK;
SDR 16 TDI (BFFF);
RUNTEST 10 TCK;
SDR 16 TDI (FFFF);
RUNTEST 10 TCK;
SDR 16 TDI (7FFF);
RUNTEST 10 TCK;
SDR 16 TDI (FEFF);
RUNTEST 10 TCK;
SDR 16 TDI (B7FF);
RUNTEST 10 TCK;
SDR 16 TDI (FFFF);
RUNTEST 10 TCK;
SDR 16 TDI (5A77);
RUNTEST 10 TCK;
SDR 16 TDI (FFFF);
RUNTEST 10 TCK;
SDR 16 TDI (BFFF);
RUNTEST 10 TCK;
SDR 16 TDI (FFFF);
RUNTEST 10 TCK;
SDR 16 TDI (7FFF);
RUNTEST 10 TCK;
SDR 16 TDI (FFFF);
RUNTEST 10 TCK;
SDR 16 TDI (BFFF);
RUNTEST 10 TCK;
SDR 16 TDI (FDDF);
RUNTEST 10 TCK;
SDR 16 TDI (7FFC);
RUNTEST 10 TCK;
SDR 16 TDI (FFFF);
RUNTEST 10 TCK;
SDR 16 TDI (BFFA);
RUNTEST 10 TCK;
SDR 16 TDI (FBFF);
RUNTEST 10 TCK;
SDR 16 TDI (5FFF);
RUNTEST 10 TCK;
SDR 16 TDI (FFFF);
RUNTEST 10 TCK;
SDR 16 TDI (BFDF);
RUNTEST 10 TCK;
SDR 16 TDI (DFAE);
RUNTEST 10 TCK;
SDR 16 TDI (7EFF);
RUNTEST 10 TCK;
SDR 16 TDI (EFFF);
RUNTEST 10 TCK;
SDR 16 TDI (BBFF);
RUNTEST 10 TCK;
SDR 16 TDI (FFFF);
RUNTEST 10 TCK;
SDR 16 TDI (7FFF);
RUNTEST 10 TCK;
SDR 16 TDI (FFFF);
RUNTEST 10 TCK;
SDR 16 TDI (BFFF);
RUNTEST 10 TCK;
SDR 16 TDI (7FFF);
RUNTEST 10 TCK;
SDR 16 TDI (5FFF);
RUNTEST 10 TCK;
SDR 16 TDI (FFFF);
RUNTEST 10 TCK;
SDR 16 TDI (BFFF);
RUNTEST 10 TCK;
SDR 16 TDI (7FFF);
RUNTEST 10 TCK;
SDR 16 TDI (7FFF);
RUNTEST 10 TCK;
SDR 16 TDI (FEFF);
RUNTEST 10 TCK;
SDR 16 TDI (B7FF);
RUNTEST 10 TCK;
SDR 16 TDI (EFFF);
RUNTEST 10 TCK;
SDR 16 TDI (7BBB);
RUNTEST 10 TCK;
SDR 16 TDI (FF7F);
RUNTEST 10 TCK;
SDR 16 TDI (BFEE);
RUNTEST 10 TCK;
SDR 16 TDI (FFFF);
RUNTEST 10 TCK;
SDR 16 TDI (5FFF);
RUNTEST 10 TCK;
SDR 16 TDI (FFFF);
RUNTEST 10 TCK;
SDR 16 TDI (BFFF);
RUNTEST 10 TCK;
SDR 16 TDI (FFFF);
RUNTEST 10 TCK;
SDR 16 TDI (7FFE);
RUNTEST 10 TCK;
SDR 16 TDI (FFFF);
RUNTEST 10 TCK;
SDR 16 TDI (BFFB);
RUNTEST 10 TCK;
SDR 16 TDI (FFFF);
RUNTEST 10 TCK;
SDR 16 TDI (7FBF);
RUNTEST 10 TCK;
SDR 16 TDI (5FDF);
RUNTEST 10 TCK;
SDR 16 TDI (BFFF);
RUNTEST 10 TCK;
SDR 16 TDI (FFFF);
RUNTEST 10 TCK;
SDR 16 TDI (5FFF);
RUNTEST 10 TCK;
SDR 16 TDI (FFFF);
RUNTEST 10 TCK;
SDR 16 TDI (BFFF);
RUNTEST 10 TCK;
SDR 16 TDI (EF7F);
RUNTEST 10 TCK;
SDR 16 TDI (6FFF);
RUNTEST 10 TCK;
SDR 16 TDI (FFFF);
RUNTEST 10 TCK;
SDR 16 TDI (BFFF);
RUNTEST 10 TCK;
SDR 16 TDI (FFFF);
RUNTEST 10 TCK;
SDR 16 TDI (7FF7);
RUNTEST 10 TCK;
SDR 16 TDI (FFFF);
RUNTEST 10 TCK;
SDR 16 TDI (BEFF);
RUNTEST 10 TCK;
SDR 16 TDI (BFFB);
RUNTEST 10 TCK;
SDR 16 TDI (5BEF);
RUNTEST 10 TCK;
SDR 16 TDI (FFFA);
RUNTEST 10 TCK;
SDR 16 TDI (BFFF);
RUNTEST 10 TCK;
SDR 16 TDI (DFFF);
RUNTEST 10 TCK;
SDR 16 TDI (6FFF);
RUNTEST 10 TCK;
SDR 16 TDI (FFDF);
RUNTEST 10 TCK;
SDR 16 TDI (BFFF);
RUNTEST 10 TCK;
SDR 16 TDI (FFFF);
RUNTEST 10 TCK;
SDR 16 TDI (7FFF);
RUNTEST 10 TCK;
SDR 16 TDI (FFFF);
RUNTEST 10 TCK;
SDR 16 TDI (BFFF);
RUNTEST 10 TCK;
SDR 16 TDI (FFFB);
RUNTEST 10 TCK;
SDR 16 TDI (5FFF);
RUNTEST 10 TCK;
SDR 16 TDI (7FFF);
RUNTEST 10 TCK;
SDR 16 TDI (BFF7);
RUNTEST 10 TCK;
SDR 16 TDI (FFFE);
RUNTEST 10 TCK;
SDR 16 TDI (77DF);
RUNTEST 10 TCK;
SDR 16 TDI (DFF5);
RUNTEST 10 TCK;
SDR 16 TDI (BEFF);
RUNTEST 10 TCK;
SDR 16 TDI (DFFF);
RUNTEST 10 TCK;
SDR 16 TDI (7FFF);
RUNTEST 10 TCK;
SDR 16 TDI (FEDF);
RUNTEST 10 TCK;
SDR 16 TDI (BF5F);
RUNTEST 10 TCK;
SDR 16 TDI (FFFF);
RUNTEST 10 TCK;
SDR 16 TDI (5FFF);
RUNTEST 10 TCK;
SDR 16 TDI (FFFF);
RUNTEST 10 TCK;
SDR 16 TDI (BFFF);
RUNTEST 10 TCK;
SDR 16 TDI (FFFF);
RUNTEST 10 TCK;
SDR 16 TDI (7FFF);
RUNTEST 10 TCK;
SDR 16 TDI (FFFF);
RUNTEST 10 TCK;
SDR 16 TDI (BEFF);
RUNTEST 10 TCK;
SDR 16 TDI (BDFF);
RUNTEST 10 TCK;
SDR 16 TDI (7DEF);
RUNTEST 10 TCK;
SDR 16 TDI (7FEF);
RUNTEST 10 TCK;
SDR 16 TDI (BBEF);
RUNTEST 10 TCK;
SDR 16 TDI (FFFE);
RUNTEST 10 TCK;
SDR 16 TDI (5FFF);
RUNTEST 10 TCK;
SDR 16 TDI (FFFF);
RUNTEST 10 TCK;
SDR 16 TDI (BFFF);
RUNTEST 10 TCK;
SDR 16 TDI (F77F);
RUNTEST 10 TCK;
SDR 16 TDI (6FFF);
RUNTEST 10 TCK;
SDR 16 TDI (FFFF);
RUNTEST 10 TCK;
SDR 16 TDI (A55F);
RUNTEST 10 TCK;
SDR 16 TDI (FFFF);
RUNTEST 10 TCK;
SDR 16 TDI (7FFF);
RUNTEST 10 TCK;
SDR 16 TDI (FFFF);
RUNTEST 10 TCK;
SDR 16 TDI (BF7F);
RUNTEST 10 TCK;
SDR 16 TDI (FFFF);
RUNTEST 10 TCK;
SDR 16 TDI (5FFF);
RUNTEST 10 TCK;
SDR 16 TDI (FFFD);
RUNTEST 10 TCK;
SDR 16 TDI (BFFF);
RUNTEST 10 TCK;
SDR 16 TDI (FBFF);
RUNTEST 10 TCK;
SDR 16 TDI (7FFF);
RUNTEST 10 TCK;
SDR 16 TDI (FFFF);
RUNTEST 10 TCK;
SDR 16 TDI (BFFF);
RUNTEST 10 TCK;
SDR 16 TDI (FFFD);
RUNTEST 10 TCK;
SDR 16 TDI (7BFF);
RUNTEST 10 TCK;
SDR 16 TDI (FFFF);
RUNTEST 10 TCK;
SDR 16 TDI (AFFF);
RUNTEST 10 TCK;
SDR 16 TDI (EEE6);
RUNTEST 10 TCK;
SDR 16 TDI (4FEE);
RUNTEST 10 TCK;
SDR 16 TDI (F3EF);
RUNTEST 10 TCK;
SDR 16 TDI (BEFF);
RUNTEST 10 TCK;
SDR 16 TDI (FFFB);
RUNTEST 10 TCK;
SDR 16 TDI (7733);
RUNTEST 10 TCK;
SDR 16 TDI (FFFB);
RUNTEST 10 TCK;
SDR 16 TDI (BF5F);
RUNTEST 10 TCK;
SDR 16 TDI (FFBB);
RUNTEST 10 TCK;
SDR 16 TDI (75FF);
RUNTEST 10 TCK;
SDR 16 TDI (DFEF);
RUNTEST 10 TCK;
SDR 16 TDI (BFFF);
RUNTEST 10 TCK;
SDR 16 TDI (DEFF);
RUNTEST 10 TCK;
SDR 16 TDI (5FFF);
RUNTEST 10 TCK;
SDR 16 TDI (FFFF);
RUNTEST 10 TCK;
SDR 16 TDI (A55F);
RUNTEST 10 TCK;
SDR 16 TDI (BBBF);
RUNTEST 10 TCK;
SDR 16 TDI (7FFF);
RUNTEST 10 TCK;
SDR 16 TDI (FBFF);
RUNTEST 10 TCK;
SDR 16 TDI (BFF7);
RUNTEST 10 TCK;
SDR 16 TDI (FF6F);
RUNTEST 10 TCK;
SDR 16 TDI (7FFD);
RUNTEST 10 TCK;
SDR 16 TDI (7FFF);
RUNTEST 10 TCK;
SDR 16 TDI (BEFF);
RUNTEST 10 TCK;
SDR 16 TDI (7FFF);
RUNTEST 10 TCK;
SDR 16 TDI (5FFF);
RUNTEST 10 TCK;
SDR 16 TDI (FFFF);
RUNTEST 10 TCK;
SDR 16 TDI (BFFF);
RUNTEST 10 TCK;
SDR 16 TDI (FFFD);
RUNTEST 10 TCK;
SDR 16 TDI (75FF);
RUNTEST 10 TCK;
SDR 16 TDI (FFFF);
RUNTEST 10 TCK;
SDR 16 TDI (AAAE);
RUNTEST 10 TCK;
SDR 16 TDI (EFEE);
RUNTEST 10 TCK;
SDR 16 TDI (7FEF);
RUNTEST 10 TCK;
SDR 16 TDI (FF7B);
RUNTEST 10 TCK;
SDR 16 TDI (BFFB);
RUNTEST 10 TCK;
SDR 16 TDI (FFFD);
RUNTEST 10 TCK;
SDR 16 TDI (5EFF);
RUNTEST 10 TCK;
SDR 16 TDI (7FFB);
RUNTEST 10 TCK;
SDR 16 TDI (BFFE);
RUNTEST 10 TCK;
SDR 16 TDI (FFFF);
RUNTEST 10 TCK;
SDR 16 TDI (76FF);
RUNTEST 10 TCK;
SDR 16 TDI (FFFE);
RUNTEST 10 TCK;
SDR 16 TDI (BFDF);
RUNTEST 10 TCK;
SDR 16 TDI (FEFF);
RUNTEST 10 TCK;
SDR 16 TDI (7DFF);
RUNTEST 10 TCK;
SDR 16 TDI (FFFF);
RUNTEST 10 TCK;
SDR 16 TDI (9FFF);
RUNTEST 10 TCK;
SDR 16 TDI (FAFF);
RUNTEST 10 TCK;
SDR 16 TDI (77FB);
RUNTEST 10 TCK;
SDR 16 TDI (AFFF);
RUNTEST 10 TCK;
SDR 16 TDI (BFBF);
RUNTEST 10 TCK;
SDR 16 TDI (FFE7);
RUNTEST 10 TCK;
SDR 16 TDI (7DBF);
RUNTEST 10 TCK;
SDR 16 TDI (FFFE);
RUNTEST 10 TCK;
SDR 16 TDI (BFFF);
RUNTEST 10 TCK;
SDR 16 TDI (DFDF);
RUNTEST 10 TCK;
SDR 16 TDI (7FFF);
RUNTEST 10 TCK;
SDR 16 TDI (EFFF);
RUNTEST 10 TCK;
SDR 16 TDI (9FFF);
RUNTEST 10 TCK;
SDR 16 TDI (FDFF);
RUNTEST 10 TCK;
SDR 16 TDI (7FFF);
RUNTEST 10 TCK;
SDR 16 TDI (FFFF);
RUNTEST 10 TCK;
SDR 16 TDI (BFFE);
RUNTEST 10 TCK;
SDR 16 TDI (BFFF);
RUNTEST 10 TCK;
SDR 16 TDI (7FFB);
RUNTEST 10 TCK;
SDR 16 TDI (FFEF);
RUNTEST 10 TCK;
SDR 16 TDI (BFFF);
RUNTEST 10 TCK;
SDR 16 TDI (FFFF);
RUNTEST 10 TCK;
SDR 16 TDI (6FEF);
RUNTEST 10 TCK;
SDR 16 TDI (FFFF);
RUNTEST 10 TCK;
SDR 16 TDI (BFDF);
RUNTEST 10 TCK;
SDR 16 TDI (EBFB);
RUNTEST 10 TCK;
SDR 16 TDI (5FFF);
RUNTEST 10 TCK;
SDR 16 TDI (BFFF);
RUNTEST 10 TCK;
SDR 16 TDI (BFFF);
RUNTEST 10 TCK;
SDR 16 TDI (FFFF);
RUNTEST 10 TCK;
SDR 16 TDI (7FFF);
RUNTEST 10 TCK;
SDR 16 TDI (FFFF);
RUNTEST 10 TCK;
SDR 16 TDI (BFFF);
RUNTEST 10 TCK;
SDR 16 TDI (FADD);
RUNTEST 10 TCK;
SDR 16 TDI (7FFB);
RUNTEST 10 TCK;
SDR 16 TDI (B9FF);
RUNTEST 10 TCK;
SDR 16 TDI (BFFF);
RUNTEST 10 TCK;
SDR 16 TDI (FFD7);
RUNTEST 10 TCK;
SDR 16 TDI (4A7E);
RUNTEST 10 TCK;
SDR 16 TDI (FFFF);
RUNTEST 10 TCK;
SDR 16 TDI (BF9F);
RUNTEST 10 TCK;
SDR 16 TDI (F9FB);
RUNTEST 10 TCK;
SDR 16 TDI (7DFF);
RUNTEST 10 TCK;
SDR 16 TDI (FFFF);
RUNTEST 10 TCK;
SDR 16 TDI (BFFF);
RUNTEST 10 TCK;
SDR 16 TDI (DF7F);
RUNTEST 10 TCK;
SDR 16 TDI (7FFF);
RUNTEST 10 TCK;
SDR 16 TDI (FFFF);
RUNTEST 10 TCK;
SDR 16 TDI (BEEF);
RUNTEST 10 TCK;
SDR 16 TDI (157F);
RUNTEST 10 TCK;
SDR 16 TDI (57F5);
RUNTEST 10 TCK;
SDR 16 TDI (7FE7);
RUNTEST 10 TCK;
SDR 16 TDI (BD7F);
RUNTEST 10 TCK;
SDR 16 TDI (FFED);
RUNTEST 10 TCK;
SDR 16 TDI (7FF3);
RUNTEST 10 TCK;
SDR 16 TDI (7FFE);
RUNTEST 10 TCK;
SDR 16 TDI (BFFF);
RUNTEST 10 TCK;
SDR 16 TDI (FFFF);
RUNTEST 10 TCK;
SDR 16 TDI (7BFF);
RUNTEST 10 TCK;
SDR 16 TDI (EFFF);
RUNTEST 10 TCK;
SDR 16 TDI (BFFF);
RUNTEST 10 TCK;
SDR 16 TDI (FFFB);
RUNTEST 10 TCK;
SDR 16 TDI (57FF);
RUNTEST 10 TCK;
SDR 16 TDI (FFFF);
RUNTEST 10 TCK;
SDR 16 TDI (BFFC);
RUNTEST 10 TCK;
SDR 16 TDI (EFE6);
RUNTEST 10 TCK;
SDR 16 TDI (6FEF);
RUNTEST 10 TCK;
SDR 16 TDI (E6FB);
RUNTEST 10 TCK;
SDR 16 TDI (BFB3);
RUNTEST 10 TCK;
SDR 16 TDI (FF7B);
RUNTEST 10 TCK;
SDR 16 TDI (778D);
RUNTEST 10 TCK;
SDR 16 TDI (FFF1);
RUNTEST 10 TCK;
SDR 16 TDI (BE7E);
RUNTEST 10 TCK;
SDR 16 TDI (379D);
RUNTEST 10 TCK;
SDR 16 TDI (56FF);
RUNTEST 10 TCK;
SDR 16 TDI (5FDE);
RUNTEST 10 TCK;
SDR 16 TDI (BFBF);
RUNTEST 10 TCK;
SDR 16 TDI (FAFF);
RUNTEST 10 TCK;
SDR 16 TDI (7FFF);
RUNTEST 10 TCK;
SDR 16 TDI (FFFF);
RUNTEST 10 TCK;
SDR 16 TDI (B99C);
RUNTEST 10 TCK;
SDR 16 TDI (E802);
RUNTEST 10 TCK;
SDR 16 TDI (7FCB);
RUNTEST 10 TCK;
SDR 16 TDI (4F99);
RUNTEST 10 TCK;
SDR 16 TDI (BFC3);
RUNTEST 10 TCK;
SDR 16 TDI (FFF3);
RUNTEST 10 TCK;
SDR 16 TDI (47BE);
RUNTEST 10 TCK;
SDR 16 TDI (1FFF);
RUNTEST 10 TCK;
SDR 16 TDI (BE1F);
RUNTEST 10 TCK;
SDR 16 TDI (F999);
RUNTEST 10 TCK;
SDR 16 TDI (7FFF);
RUNTEST 10 TCK;
SDR 16 TDI (CF0F);
RUNTEST 10 TCK;
SDR 16 TDI (B7E7);
RUNTEST 10 TCK;
SDR 16 TDI (82F4);
RUNTEST 10 TCK;
SDR 16 TDI (79FF);
RUNTEST 10 TCK;
SDR 16 TDI (FFFF);
RUNTEST 10 TCK;
SDR 16 TDI (97BC);
RUNTEST 10 TCK;
SDR 16 TDI (A946);
RUNTEST 10 TCK;
SDR 16 TDI (57B7);
RUNTEST 10 TCK;
SDR 16 TDI (4B99);
RUNTEST 10 TCK;
SDR 16 TDI (BF03);
RUNTEST 10 TCK;
SDR 16 TDI (FFD3);
RUNTEST 10 TCK;
SDR 16 TDI (47A8);
RUNTEST 10 TCK;
SDR 16 TDI (1FFE);
RUNTEST 10 TCK;
SDR 16 TDI (BE9E);
RUNTEST 10 TCK;
SDR 16 TDI (9999);
RUNTEST 10 TCK;
SDR 16 TDI (72FF);
RUNTEST 10 TCK;
SDR 16 TDI (CF0D);
RUNTEST 10 TCK;
SDR 16 TDI (9FE7);
RUNTEST 10 TCK;
SDR 16 TDI (83FF);
RUNTEST 10 TCK;
SDR 16 TDI (5DFF);
RUNTEST 10 TCK;
SDR 16 TDI (FFFF);
RUNTEST 10 TCK;
SDR 16 TDI (BDDF);
RUNTEST 10 TCK;
SDR 16 TDI (443F);
RUNTEST 10 TCK;
SDR 16 TDI (5FF2);
RUNTEST 10 TCK;
SDR 16 TDI (0197);
RUNTEST 10 TCK;
SDR 16 TDI (BC0F);
RUNTEST 10 TCK;
SDR 16 TDI (FFF6);
RUNTEST 10 TCK;
SDR 16 TDI (6DFF);
RUNTEST 10 TCK;
SDR 16 TDI (9FFF);
RUNTEST 10 TCK;
SDR 16 TDI (BE1F);
RUNTEST 10 TCK;
SDR 16 TDI (FFFF);
RUNTEST 10 TCK;
SDR 16 TDI (5FFF);
RUNTEST 10 TCK;
SDR 16 TDI (0F0F);
RUNTEST 10 TCK;
SDR 16 TDI (BFE7);
RUNTEST 10 TCK;
SDR 16 TDI (84F5);
RUNTEST 10 TCK;
SDR 16 TDI (6BFF);
RUNTEST 10 TCK;
SDR 16 TDI (FFFF);
RUNTEST 10 TCK;
SDR 16 TDI (BEF7);
RUNTEST 10 TCK;
SDR 16 TDI (E43C);
RUNTEST 10 TCK;
SDR 16 TDI (67F6);
RUNTEST 10 TCK;
SDR 16 TDI (0197);
RUNTEST 10 TCK;
SDR 16 TDI (BC0F);
RUNTEST 10 TCK;
SDR 16 TDI (FFF6);
RUNTEST 10 TCK;
SDR 16 TDI (4DA1);
RUNTEST 10 TCK;
SDR 16 TDI (9FF4);
RUNTEST 10 TCK;
SDR 16 TDI (BEFF);
RUNTEST 10 TCK;
SDR 16 TDI (9FFF);
RUNTEST 10 TCK;
SDR 16 TDI (7EFF);
RUNTEST 10 TCK;
SDR 16 TDI (FF0F);
RUNTEST 10 TCK;
SDR 16 TDI (BFE7);
RUNTEST 10 TCK;
SDR 16 TDI (85FF);
RUNTEST 10 TCK;
SDR 16 TDI (7FFF);
RUNTEST 10 TCK;
SDR 16 TDI (FFFF);
RUNTEST 10 TCK;
SDR 16 TDI (BEFF);
RUNTEST 10 TCK;
SDR 16 TDI (B337);
RUNTEST 10 TCK;
SDR 16 TDI (53EE);
RUNTEST 10 TCK;
SDR 16 TDI (6EEF);
RUNTEST 10 TCK;
SDR 16 TDI (B333);
RUNTEST 10 TCK;
SDR 16 TDI (B1E1);
RUNTEST 10 TCK;
SDR 16 TDI (626E);
RUNTEST 10 TCK;
SDR 16 TDI (7CC8);
RUNTEST 10 TCK;
SDR 16 TDI (B90B);
RUNTEST 10 TCK;
SDR 16 TDI (9B99);
RUNTEST 10 TCK;
SDR 16 TDI (73CC);
RUNTEST 10 TCK;
SDR 16 TDI (8CC7);
RUNTEST 10 TCK;
SDR 16 TDI (99B9);
RUNTEST 10 TCK;
SDR 16 TDI (99FF);
RUNTEST 10 TCK;
SDR 16 TDI (5FFF);
RUNTEST 10 TCK;
SDR 16 TDI (FFFF);
RUNTEST 10 TCK;
SDR 16 TDI (BFFF);
RUNTEST 10 TCK;
SDR 16 TDI (3777);
RUNTEST 10 TCK;
SDR 16 TDI (6147);
RUNTEST 10 TCK;
SDR 16 TDI (6667);
RUNTEST 10 TCK;
SDR 16 TDI (B777);
RUNTEST 10 TCK;
SDR 16 TDI (75BB);
RUNTEST 10 TCK;
SDR 16 TDI (7727);
RUNTEST 10 TCK;
SDR 16 TDI (7DDD);
RUNTEST 10 TCK;
SDR 16 TDI (9BAD);
RUNTEST 10 TCK;
SDR 16 TDI (C9CD);
RUNTEST 10 TCK;
SDR 16 TDI (59DD);
RUNTEST 10 TCK;
SDR 16 TDI (DDCA);
RUNTEST 10 TCK;
SDR 16 TDI (B59D);
RUNTEST 10 TCK;
SDR 16 TDI (99FF);
RUNTEST 10 TCK;
SDR 16 TDI (7FFF);
RUNTEST 10 TCK;
SDR 16 TDI (FFFF);
RUNTEST 10 TCK;
SDR 16 TDI (BDF7);
RUNTEST 10 TCK;
SDR 16 TDI (FBBB);
RUNTEST 10 TCK;
SDR 16 TDI (7FDE);
RUNTEST 10 TCK;
SDR 16 TDI (FFFF);
RUNTEST 10 TCK;
SDR 16 TDI (BFBB);
RUNTEST 10 TCK;
SDR 16 TDI (FF17);
RUNTEST 10 TCK;
SDR 16 TDI (4FFE);
RUNTEST 10 TCK;
SDR 16 TDI (FFFE);
RUNTEST 10 TCK;
SDR 16 TDI (BFDC);
RUNTEST 10 TCK;
SDR 16 TDI (FFBF);
RUNTEST 10 TCK;
SDR 16 TDI (77FF);
RUNTEST 10 TCK;
SDR 16 TDI (EF7F);
RUNTEST 10 TCK;
SDR 16 TDI (B7FF);
RUNTEST 10 TCK;
SDR 16 TDI (F7FF);
RUNTEST 10 TCK;
SDR 16 TDI (7FFF);
RUNTEST 10 TCK;
SDR 16 TDI (FFFF);
RUNTEST 10 TCK;
SDR 16 TDI (9FFF);
RUNTEST 10 TCK;
SDR 16 TDI (EDFF);
RUNTEST 10 TCK;
SDR 16 TDI (5FFF);
RUNTEST 10 TCK;
SDR 16 TDI (FFFF);
RUNTEST 10 TCK;
SDR 16 TDI (BFFF);
RUNTEST 10 TCK;
SDR 16 TDI (7FFE);
RUNTEST 10 TCK;
SDR 16 TDI (73BE);
RUNTEST 10 TCK;
SDR 16 TDI (FFFF);
RUNTEST 10 TCK;
SDR 16 TDI (BEFF);
RUNTEST 10 TCK;
SDR 16 TDI (FFFF);
RUNTEST 10 TCK;
SDR 16 TDI (7FFF);
RUNTEST 10 TCK;
SDR 16 TDI (FFFF);
RUNTEST 10 TCK;
SDR 16 TDI (BFFF);
RUNTEST 10 TCK;
SDR 16 TDI (F7FF);
RUNTEST 10 TCK;
SDR 16 TDI (5FFF);
RUNTEST 10 TCK;
SDR 16 TDI (FFFF);
RUNTEST 10 TCK;
SDR 16 TDI (BFFF);
RUNTEST 10 TCK;
SDR 16 TDI (FFFF);
RUNTEST 10 TCK;
SDR 16 TDI (77FF);
RUNTEST 10 TCK;
SDR 16 TDI (FFFF);
RUNTEST 10 TCK;
SDR 16 TDI (BEEF);
RUNTEST 10 TCK;
SDR 16 TDI (FFF7);
RUNTEST 10 TCK;
SDR 16 TDI (7FFF);
RUNTEST 10 TCK;
SDR 16 TDI (FFFD);
RUNTEST 10 TCK;
SDR 16 TDI (BFBF);
RUNTEST 10 TCK;
SDR 16 TDI (EEFF);
RUNTEST 10 TCK;
SDR 16 TDI (5FBF);
RUNTEST 10 TCK;
SDR 16 TDI (FFDF);
RUNTEST 10 TCK;
SDR 16 TDI (BEFF);
RUNTEST 10 TCK;
SDR 16 TDI (FFFF);
RUNTEST 10 TCK;
SDR 16 TDI (7FFF);
RUNTEST 10 TCK;
SDR 16 TDI (FFFF);
RUNTEST 10 TCK;
SDR 16 TDI (AFFF);
RUNTEST 10 TCK;
SDR 16 TDI (FDFF);
RUNTEST 10 TCK;
SDR 16 TDI (7FFF);
RUNTEST 10 TCK;
SDR 16 TDI (FFFF);
RUNTEST 10 TCK;
SDR 16 TDI (BFFF);
RUNTEST 10 TCK;
SDR 16 TDI (FFFE);
RUNTEST 10 TCK;
SDR 16 TDI (55FE);
RUNTEST 10 TCK;
SDR 16 TDI (FFFD);
RUNTEST 10 TCK;
SDR 16 TDI (BFBF);
RUNTEST 10 TCK;
SDR 16 TDI (FFFF);
RUNTEST 10 TCK;
SDR 16 TDI (7FFF);
RUNTEST 10 TCK;
SDR 16 TDI (FFFF);
RUNTEST 10 TCK;
SDR 16 TDI (BFFF);
RUNTEST 10 TCK;
SDR 16 TDI (F7FF);
RUNTEST 10 TCK;
SDR 16 TDI (7DFF);
RUNTEST 10 TCK;
SDR 16 TDI (FFFF);
RUNTEST 10 TCK;
SDR 16 TDI (AFFF);
RUNTEST 10 TCK;
SDR 16 TDI (DFFF);
RUNTEST 10 TCK;
SDR 16 TDI (5FFF);
RUNTEST 10 TCK;
SDR 16 TDI (FFFF);
RUNTEST 10 TCK;
SDR 16 TDI (BFFF);
RUNTEST 10 TCK;
SDR 16 TDI (BFFF);
RUNTEST 10 TCK;
SDR 16 TDI (7FBF);
RUNTEST 10 TCK;
SDR 16 TDI (FFFF);
RUNTEST 10 TCK;
SDR 16 TDI (BF7F);
RUNTEST 10 TCK;
SDR 16 TDI (FFFF);
RUNTEST 10 TCK;
SDR 16 TDI (7FFF);
RUNTEST 10 TCK;
SDR 16 TDI (FFDF);
RUNTEST 10 TCK;
SDR 16 TDI (9FFF);
RUNTEST 10 TCK;
SDR 16 TDI (FFFF);
RUNTEST 10 TCK;
SDR 16 TDI (7DFF);
RUNTEST 10 TCK;
SDR 16 TDI (FFFF);
RUNTEST 10 TCK;
SDR 16 TDI (BFFF);
RUNTEST 10 TCK;
SDR 16 TDI (FFF7);
RUNTEST 10 TCK;
SDR 16 TDI (7FFF);
RUNTEST 10 TCK;
SDR 16 TDI (FFFF);
RUNTEST 10 TCK;
SDR 16 TDI (B5FB);
RUNTEST 10 TCK;
SDR 16 TDI (EFFF);
RUNTEST 10 TCK;
SDR 16 TDI (77FB);
RUNTEST 10 TCK;
SDR 16 TDI (FF7F);
RUNTEST 10 TCK;
SDR 16 TDI (BFFF);
RUNTEST 10 TCK;
SDR 16 TDI (FFF7);
RUNTEST 10 TCK;
SDR 16 TDI (5BF7);
RUNTEST 10 TCK;
SDR 16 TDI (FFEF);
RUNTEST 10 TCK;
SDR 16 TDI (BFFF);
RUNTEST 10 TCK;
SDR 16 TDI (7BFF);
RUNTEST 10 TCK;
SDR 16 TDI (7FFF);
RUNTEST 10 TCK;
SDR 16 TDI (FFFF);
RUNTEST 10 TCK;
SDR 16 TDI (BFFF);
RUNTEST 10 TCK;
SDR 16 TDI (FFFF);
RUNTEST 10 TCK;
SDR 16 TDI (7FFF);
RUNTEST 10 TCK;
SDR 16 TDI (FFFF);
RUNTEST 10 TCK;
SDR 16 TDI (AFFD);
RUNTEST 10 TCK;
SDR 16 TDI (FFFF);
RUNTEST 10 TCK;
SDR 16 TDI (5FFF);
RUNTEST 10 TCK;
SDR 16 TDI (EFFE);
RUNTEST 10 TCK;
SDR 16 TDI (BFFF);
RUNTEST 10 TCK;
SDR 16 TDI (FFFD);
RUNTEST 10 TCK;
SDR 16 TDI (7FFF);
RUNTEST 10 TCK;
SDR 16 TDI (EFFF);
RUNTEST 10 TCK;
SDR 16 TDI (BFEF);
RUNTEST 10 TCK;
SDR 16 TDI (FFFF);
RUNTEST 10 TCK;
SDR 16 TDI (7FFF);
RUNTEST 10 TCK;
SDR 16 TDI (FFFF);
RUNTEST 10 TCK;
SDR 16 TDI (BFFF);
RUNTEST 10 TCK;
SDR 16 TDI (FFF7);
RUNTEST 10 TCK;
SDR 16 TDI (5FFF);
RUNTEST 10 TCK;
SDR 16 TDI (FFFF);
RUNTEST 10 TCK;
SDR 16 TDI (BAFF);
RUNTEST 10 TCK;
SDR 16 TDI (EFFF);
RUNTEST 10 TCK;
SDR 16 TDI (77FD);
RUNTEST 10 TCK;
SDR 16 TDI (EFFF);
RUNTEST 10 TCK;
SDR 16 TDI (BFFF);
RUNTEST 10 TCK;
SDR 16 TDI (FFEF);
RUNTEST 10 TCK;
SDR 16 TDI (7FFB);
RUNTEST 10 TCK;
SDR 16 TDI (FFEF);
RUNTEST 10 TCK;
SDR 16 TDI (BFFE);
RUNTEST 10 TCK;
SDR 16 TDI (FFFF);
RUNTEST 10 TCK;
SDR 16 TDI (5FFF);
RUNTEST 10 TCK;
SDR 16 TDI (FFFF);
RUNTEST 10 TCK;
SDR 16 TDI (BFFF);
RUNTEST 10 TCK;
SDR 16 TDI (FFFF);
RUNTEST 10 TCK;
SDR 16 TDI (7FFF);
RUNTEST 10 TCK;
SDR 16 TDI (FFFF);
RUNTEST 10 TCK;
SDR 16 TDI (BFF5);
RUNTEST 10 TCK;
SDR 16 TDI (FFFF);
RUNTEST 10 TCK;
SDR 16 TDI (7FFF);
RUNTEST 10 TCK;
SDR 16 TDI (FFBF);
RUNTEST 10 TCK;
SDR 16 TDI (BFFF);
RUNTEST 10 TCK;
SDR 16 TDI (FFFD);
RUNTEST 10 TCK;
SDR 16 TDI (57FF);
RUNTEST 10 TCK;
SDR 16 TDI (FFFF);
RUNTEST 10 TCK;
SDR 16 TDI (BFFF);
RUNTEST 10 TCK;
SDR 16 TDI (FBFF);
RUNTEST 10 TCK;
SDR 16 TDI (7FFF);
RUNTEST 10 TCK;
SDR 16 TDI (FFFF);
RUNTEST 10 TCK;
SDR 16 TDI (BFFF);
RUNTEST 10 TCK;
SDR 16 TDI (FFFF);
RUNTEST 10 TCK;
SDR 16 TDI (7FEF);
RUNTEST 10 TCK;
SDR 16 TDI (FFFF);
RUNTEST 10 TCK;
SDR 16 TDI (BFFF);
RUNTEST 10 TCK;
SDR 16 TDI (FFFF);
RUNTEST 10 TCK;
SDR 16 TDI (5FFD);
RUNTEST 10 TCK;
SDR 16 TDI (EFFF);
RUNTEST 10 TCK;
SDR 16 TDI (BFFF);
RUNTEST 10 TCK;
SDR 16 TDI (FFFF);
RUNTEST 10 TCK;
SDR 16 TDI (7FFF);
RUNTEST 10 TCK;
SDR 16 TDI (FFFF);
RUNTEST 10 TCK;
SDR 16 TDI (BFFF);
RUNTEST 10 TCK;
SDR 16 TDI (D7FF);
RUNTEST 10 TCK;
SDR 16 TDI (7FFF);
RUNTEST 10 TCK;
SDR 16 TDI (FFFF);
RUNTEST 10 TCK;
SDR 16 TDI (BFFF);
RUNTEST 10 TCK;
SDR 16 TDI (E7FF);
RUNTEST 10 TCK;
SDR 16 TDI (4FFF);
RUNTEST 10 TCK;
SDR 16 TDI (BFFF);
RUNTEST 10 TCK;
SDR 16 TDI (BEFF);
RUNTEST 10 TCK;
SDR 16 TDI (FFFF);
RUNTEST 10 TCK;
SDR 16 TDI (7FFF);
RUNTEST 10 TCK;
SDR 16 TDI (EF7F);
RUNTEST 10 TCK;
SDR 16 TDI (BFBF);
RUNTEST 10 TCK;
SDR 16 TDI (FFFF);
RUNTEST 10 TCK;
SDR 16 TDI (7FFF);
RUNTEST 10 TCK;
SDR 16 TDI (BFFF);
RUNTEST 10 TCK;
SDR 16 TDI (BFFF);
RUNTEST 10 TCK;
SDR 16 TDI (FFFF);
RUNTEST 10 TCK;
SDR 16 TDI (5FFF);
RUNTEST 10 TCK;
SDR 16 TDI (FFFF);
RUNTEST 10 TCK;
SDR 16 TDI (BFFF);
RUNTEST 10 TCK;
SDR 16 TDI (DFFF);
RUNTEST 10 TCK;
SDR 16 TDI (7FF7);
RUNTEST 10 TCK;
SDR 16 TDI (FFFF);
RUNTEST 10 TCK;
SDR 16 TDI (BDFF);
RUNTEST 10 TCK;
SDR 16 TDI (BFFF);
RUNTEST 10 TCK;
SDR 16 TDI (7FFF);
RUNTEST 10 TCK;
SDR 16 TDI (FFFF);
RUNTEST 10 TCK;
SDR 16 TDI (BFFF);
RUNTEST 10 TCK;
SDR 16 TDI (FFFF);
RUNTEST 10 TCK;
SDR 16 TDI (5FFF);
RUNTEST 10 TCK;
SDR 16 TDI (FFFF);
RUNTEST 10 TCK;
SDR 16 TDI (BFFF);
RUNTEST 10 TCK;
SDR 16 TDI (FFFF);
RUNTEST 10 TCK;
SDR 16 TDI (7FFF);
RUNTEST 10 TCK;
SDR 16 TDI (FFFF);
RUNTEST 10 TCK;
SDR 16 TDI (BFFF);
RUNTEST 10 TCK;
SDR 16 TDI (F7FF);
RUNTEST 10 TCK;
SDR 16 TDI (6FFF);
RUNTEST 10 TCK;
SDR 16 TDI (DFFF);
RUNTEST 10 TCK;
SDR 16 TDI (9FFF);
RUNTEST 10 TCK;
SDR 16 TDI (FFFF);
RUNTEST 10 TCK;
SDR 16 TDI (7FFB);
RUNTEST 10 TCK;
SDR 16 TDI (FFBF);
RUNTEST 10 TCK;
SDR 16 TDI (BFBF);
RUNTEST 10 TCK;
SDR 16 TDI (FFFF);
RUNTEST 10 TCK;
SDR 16 TDI (7FFF);
RUNTEST 10 TCK;
SDR 16 TDI (BFFF);
RUNTEST 10 TCK;
SDR 16 TDI (BFFF);
RUNTEST 10 TCK;
SDR 16 TDI (B7FF);
RUNTEST 10 TCK;
SDR 16 TDI (7FFF);
RUNTEST 10 TCK;
SDR 16 TDI (FFFF);
RUNTEST 10 TCK;
SDR 16 TDI (BFFF);
RUNTEST 10 TCK;
SDR 16 TDI (FFFD);
RUNTEST 10 TCK;
SDR 16 TDI (5FFB);
RUNTEST 10 TCK;
SDR 16 TDI (FFFF);
RUNTEST 10 TCK;
SDR 16 TDI (BFFF);
RUNTEST 10 TCK;
SDR 16 TDI (FFFF);
RUNTEST 10 TCK;
SDR 16 TDI (7FFF);
RUNTEST 10 TCK;
SDR 16 TDI (FFFF);
RUNTEST 10 TCK;
SDR 16 TDI (BFFF);
RUNTEST 10 TCK;
SDR 16 TDI (FFFF);
RUNTEST 10 TCK;
SDR 16 TDI (7FFF);
RUNTEST 10 TCK;
SDR 16 TDI (FFFF);
RUNTEST 10 TCK;
SDR 16 TDI (9FFF);
RUNTEST 10 TCK;
SDR 16 TDI (FFFF);
RUNTEST 10 TCK;
SDR 16 TDI (7FFF);
RUNTEST 10 TCK;
SDR 16 TDI (FFFF);
RUNTEST 10 TCK;
SDR 16 TDI (BFFF);
RUNTEST 10 TCK;
SDR 16 TDI (FDFF);
RUNTEST 10 TCK;
SDR 16 TDI (7FFF);
RUNTEST 10 TCK;
SDR 16 TDI (FFFF);
RUNTEST 10 TCK;
SDR 16 TDI (BFFE);
RUNTEST 10 TCK;
SDR 16 TDI (FFF7);
RUNTEST 10 TCK;
SDR 16 TDI (6FFF);
RUNTEST 10 TCK;
SDR 16 TDI (FFFF);
RUNTEST 10 TCK;
SDR 16 TDI (BFFF);
RUNTEST 10 TCK;
SDR 16 TDI (F7FF);
RUNTEST 10 TCK;
SDR 16 TDI (5FFF);
RUNTEST 10 TCK;
SDR 16 TDI (FFFF);
RUNTEST 10 TCK;
SDR 16 TDI (BEEF);
RUNTEST 10 TCK;
SDR 16 TDI (FFFF);
RUNTEST 10 TCK;
SDR 16 TDI (7FFF);
RUNTEST 10 TCK;
SDR 16 TDI (FFFF);
RUNTEST 10 TCK;
SDR 16 TDI (BFFF);
RUNTEST 10 TCK;
SDR 16 TDI (FF9B);
RUNTEST 10 TCK;
SDR 16 TDI (77FF);
RUNTEST 10 TCK;
SDR 16 TDI (FFFF);
RUNTEST 10 TCK;
SDR 16 TDI (BE3F);
RUNTEST 10 TCK;
SDR 16 TDI (DFFF);
RUNTEST 10 TCK;
SDR 16 TDI (5FFF);
RUNTEST 10 TCK;
SDR 16 TDI (FFCF);
RUNTEST 10 TCK;
SDR 16 TDI (BFFF);
RUNTEST 10 TCK;
SDR 16 TDI (BFFF);
RUNTEST 10 TCK;
SDR 16 TDI (7FF8);
RUNTEST 10 TCK;
SDR 16 TDI (FFFF);
RUNTEST 10 TCK;
SDR 16 TDI (BFDF);
RUNTEST 10 TCK;
SDR 16 TDI (FFFF);
RUNTEST 10 TCK;
SDR 16 TDI (7FFF);
RUNTEST 10 TCK;
SDR 16 TDI (FFFF);
RUNTEST 10 TCK;
SDR 16 TDI (BFFF);
RUNTEST 10 TCK;
SDR 16 TDI (FE76);
RUNTEST 10 TCK;
SDR 16 TDI (4FFB);
RUNTEST 10 TCK;
SDR 16 TDI (FFFF);
RUNTEST 10 TCK;
SDR 16 TDI (BFFF);
RUNTEST 10 TCK;
SDR 16 TDI (FFF7);
RUNTEST 10 TCK;
SDR 16 TDI (6FFF);
RUNTEST 10 TCK;
SDR 16 TDI (FFFF);
RUNTEST 10 TCK;
SDR 16 TDI (BFFF);
RUNTEST 10 TCK;
SDR 16 TDI (EFFF);
RUNTEST 10 TCK;
SDR 16 TDI (7FFF);
RUNTEST 10 TCK;
SDR 16 TDI (FFFF);
RUNTEST 10 TCK;
SDR 16 TDI (BEBF);
RUNTEST 10 TCK;
SDR 16 TDI (FFFF);
RUNTEST 10 TCK;
SDR 16 TDI (5FFF);
RUNTEST 10 TCK;
SDR 16 TDI (FFFF);
RUNTEST 10 TCK;
SDR 16 TDI (BFFF);
RUNTEST 10 TCK;
SDR 16 TDI (FFDF);
RUNTEST 10 TCK;
SDR 16 TDI (7DFB);
RUNTEST 10 TCK;
SDR 16 TDI (3FFF);
RUNTEST 10 TCK;
SDR 16 TDI (BFE5);
RUNTEST 10 TCK;
SDR 16 TDI (DFFF);
RUNTEST 10 TCK;
SDR 16 TDI (7FFF);
RUNTEST 10 TCK;
SDR 16 TDI (FFF9);
RUNTEST 10 TCK;
SDR 16 TDI (B33F);
RUNTEST 10 TCK;
SDR 16 TDI (BFFF);
RUNTEST 10 TCK;
SDR 16 TDI (5FFF);
RUNTEST 10 TCK;
SDR 16 TDI (999F);
RUNTEST 10 TCK;
SDR 16 TDI (BFE7);
RUNTEST 10 TCK;
SDR 16 TDI (FFFF);
RUNTEST 10 TCK;
SDR 16 TDI (7FFF);
RUNTEST 10 TCK;
SDR 16 TDI (FFFF);
RUNTEST 10 TCK;
SDR 16 TDI (BFFF);
RUNTEST 10 TCK;
SDR 16 TDI (FFFF);
RUNTEST 10 TCK;
SDR 16 TDI (7FFF);
RUNTEST 10 TCK;
SDR 16 TDI (FFFF);
RUNTEST 10 TCK;
SDR 16 TDI (BFFF);
RUNTEST 10 TCK;
SDR 16 TDI (FFFD);
RUNTEST 10 TCK;
SDR 16 TDI (5BFF);
RUNTEST 10 TCK;
SDR 16 TDI (FFFF);
RUNTEST 10 TCK;
SDR 16 TDI (BFFF);
RUNTEST 10 TCK;
SDR 16 TDI (FFFF);
RUNTEST 10 TCK;
SDR 16 TDI (7FFF);
RUNTEST 10 TCK;
SDR 16 TDI (FFFF);
RUNTEST 10 TCK;
SDR 16 TDI (BFFF);
RUNTEST 10 TCK;
SDR 16 TDI (FFFF);
RUNTEST 10 TCK;
SDR 16 TDI (7FFF);
RUNTEST 10 TCK;
SDR 16 TDI (FFFF);
RUNTEST 10 TCK;
SDR 16 TDI (BFFC);
RUNTEST 10 TCK;
SDR 16 TDI (F9E7);
RUNTEST 10 TCK;
SDR 16 TDI (59FF);
RUNTEST 10 TCK;
SDR 16 TDI (FFFF);
RUNTEST 10 TCK;
SDR 16 TDI (BFFF);
RUNTEST 10 TCK;
SDR 16 TDI (FCF9);
RUNTEST 10 TCK;
SDR 16 TDI (7FFF);
RUNTEST 10 TCK;
SDR 16 TDI (FFFF);
RUNTEST 10 TCK;
SDR 16 TDI (BFE7);
RUNTEST 10 TCK;
SDR 16 TDI (FFFF);
RUNTEST 10 TCK;
SDR 16 TDI (7FFF);
RUNTEST 10 TCK;
SDR 16 TDI (FFF3);
RUNTEST 10 TCK;
SDR 16 TDI (BCFF);
RUNTEST 10 TCK;
SDR 16 TDI (FFFF);
RUNTEST 10 TCK;
SDR 16 TDI (5FFF);
RUNTEST 10 TCK;
SDR 16 TDI (FFFF);
RUNTEST 10 TCK;
SDR 16 TDI (BFFF);
RUNTEST 10 TCK;
SDR 16 TDI (FFFF);
RUNTEST 10 TCK;
SDR 16 TDI (7FFF);
RUNTEST 10 TCK;
SDR 16 TDI (FFFF);
RUNTEST 10 TCK;
SDR 16 TDI (BFFF);
RUNTEST 10 TCK;
SDR 16 TDI (FFFF);
RUNTEST 10 TCK;
SDR 16 TDI (7FFF);
RUNTEST 10 TCK;
SDR 16 TDI (FFFF);
RUNTEST 10 TCK;
SDR 16 TDI (9FFF);
RUNTEST 10 TCK;
SDR 16 TDI (FFFF);
RUNTEST 10 TCK;
SDR 16 TDI (5FFF);
RUNTEST 10 TCK;
SDR 16 TDI (FFFF);
RUNTEST 10 TCK;
SDR 16 TDI (BFFF);
RUNTEST 10 TCK;
SDR 16 TDI (FFFF);
RUNTEST 10 TCK;
SDR 16 TDI (7FFF);
RUNTEST 10 TCK;
SDR 16 TDI (FFFF);
RUNTEST 10 TCK;
SDR 16 TDI (BFFF);
RUNTEST 10 TCK;
SDR 16 TDI (FFFF);
RUNTEST 10 TCK;
SDR 16 TDI (7FFF);
RUNTEST 10 TCK;
SDR 16 TDI (FFFF);
RUNTEST 10 TCK;
SDR 16 TDI (BFFF);
RUNTEST 10 TCK;
SDR 16 TDI (FFFF);
RUNTEST 10 TCK;
SDR 16 TDI (7FFF);
RUNTEST 10 TCK;
SDR 16 TDI (FFFF);
RUNTEST 10 TCK;
SDR 16 TDI (BFFF);
RUNTEST 10 TCK;
SDR 16 TDI (FFFF);
RUNTEST 10 TCK;
SDR 16 TDI (7FFF);
RUNTEST 10 TCK;
SDR 16 TDI (FFFF);
RUNTEST 10 TCK;
SDR 16 TDI (BFFF);
RUNTEST 10 TCK;
SDR 16 TDI (FFFF);
RUNTEST 10 TCK;
SDR 16 TDI (7FFF);
RUNTEST 10 TCK;
SDR 16 TDI (FFFF);
RUNTEST 10 TCK;
SDR 16 TDI (BFFF);
RUNTEST 10 TCK;
SDR 16 TDI (FFFF);
RUNTEST 10 TCK;
SDR 16 TDI (7FFF);
RUNTEST 10 TCK;
SDR 16 TDI (FFFF);
RUNTEST 10 TCK;
SDR 16 TDI (BFFF);
RUNTEST 10 TCK;
SDR 16 TDI (FFFF);
RUNTEST 10 TCK;
SDR 16 TDI (7FFF);
RUNTEST 10 TCK;
SDR 16 TDI (FFFF);
RUNTEST 10 TCK;
SDR 16 TDI (BFFF);
RUNTEST 10 TCK;
SDR 16 TDI (FFFF);
RUNTEST 10 TCK;
SDR 16 TDI (7FFF);
RUNTEST 10 TCK;
SDR 16 TDI (FFFF);
RUNTEST 10 TCK;
SDR 16 TDI (BFFF);
RUNTEST 10 TCK;
SDR 16 TDI (FFFF);
RUNTEST 10 TCK;
SDR 16 TDI (7FFF);
RUNTEST 10 TCK;
SDR 16 TDI (FFFF);
RUNTEST 10 TCK;
SDR 16 TDI (BFFF);
RUNTEST 10 TCK;
SDR 16 TDI (FFFF);
RUNTEST 10 TCK;
SDR 16 TDI (7FFF);
RUNTEST 10 TCK;
SDR 16 TDI (FFFF);
RUNTEST 10 TCK;
SDR 16 TDI (BFFF);
RUNTEST 10 TCK;
SDR 16 TDI (FFFF);
RUNTEST 10 TCK;
SDR 16 TDI (7FFF);
RUNTEST 10 TCK;
SDR 16 TDI (FFFF);
RUNTEST 10 TCK;
SDR 16 TDI (BFFF);
RUNTEST 10 TCK;
SDR 16 TDI (FFFF);
RUNTEST 10 TCK;
SDR 16 TDI (7FFF);
RUNTEST 10 TCK;
SDR 16 TDI (FFFF);
RUNTEST 10 TCK;
SDR 16 TDI (BFFF);
RUNTEST 10 TCK;
SDR 16 TDI (FFFF);
RUNTEST 10 TCK;
SDR 16 TDI (7FFF);
RUNTEST 10 TCK;
SDR 16 TDI (FFFF);
RUNTEST 10 TCK;
SDR 16 TDI (BFFF);
RUNTEST 10 TCK;
SDR 16 TDI (FFFF);
RUNTEST 10 TCK;
SDR 16 TDI (7FFF);
RUNTEST 10 TCK;
SDR 16 TDI (FFFF);
RUNTEST 10 TCK;
SDR 16 TDI (BFFF);
RUNTEST 10 TCK;
SDR 16 TDI (FFFF);
RUNTEST 10 TCK;
SDR 16 TDI (7FFF);
RUNTEST 10 TCK;
SDR 16 TDI (FFFF);
RUNTEST 10 TCK;
SDR 16 TDI (BFFF);
RUNTEST 10 TCK;
SDR 16 TDI (FFFF);
RUNTEST 10 TCK;
SDR 16 TDI (7FFF);
RUNTEST 10 TCK;
SDR 16 TDI (FFFF);
RUNTEST 10 TCK;
SDR 16 TDI (BFFF);
RUNTEST 10 TCK;
SDR 16 TDI (FFFF);
RUNTEST 10 TCK;
SDR 16 TDI (7FFF);
RUNTEST 10 TCK;
SDR 16 TDI (FFFF);
RUNTEST 10 TCK;
SDR 16 TDI (BFFF);
RUNTEST 10 TCK;
SDR 16 TDI (FFFF);
RUNTEST 10 TCK;
SDR 16 TDI (7FFF);
RUNTEST 10 TCK;
SDR 16 TDI (FFFF);
RUNTEST 10 TCK;
SDR 16 TDI (BFFF);
RUNTEST 10 TCK;
SDR 16 TDI (FFFF);
RUNTEST 10 TCK;
SDR 16 TDI (7FFF);
RUNTEST 10 TCK;
SDR 16 TDI (FFFF);
RUNTEST 10 TCK;
SDR 16 TDI (BFFF);
RUNTEST 10 TCK;
SDR 16 TDI (FFFF);
RUNTEST 10 TCK;
SDR 16 TDI (7FFF);
RUNTEST 10 TCK;
SDR 16 TDI (FFFF);
RUNTEST 10 TCK;
SDR 16 TDI (BFFF);
RUNTEST 10 TCK;
SDR 16 TDI (FFFF);
RUNTEST 10 TCK;
SDR 16 TDI (7FFF);
RUNTEST 10 TCK;
SDR 16 TDI (FFFF);
RUNTEST 10 TCK;
SDR 16 TDI (BFFF);
RUNTEST 10 TCK;
SDR 16 TDI (FFFF);
RUNTEST 10 TCK;
SDR 16 TDI (7FFF);
RUNTEST 10 TCK;
SDR 16 TDI (FFFF);
RUNTEST 10 TCK;
SDR 16 TDI (BFFF);
RUNTEST 10 TCK;
SDR 16 TDI (FFFF);
RUNTEST 10 TCK;
SDR 16 TDI (7FFF);
RUNTEST 10 TCK;
SDR 16 TDI (FFFF);
RUNTEST 10 TCK;
SDR 16 TDI (BFFF);
RUNTEST 10 TCK;
SDR 16 TDI (FFFF);
RUNTEST 10 TCK;
SDR 16 TDI (7FFF);
RUNTEST 10 TCK;
SDR 16 TDI (FFFF);
RUNTEST 10 TCK;
SDR 16 TDI (BFFF);
RUNTEST 10 TCK;
SDR 16 TDI (FFFF);
RUNTEST 10 TCK;
SDR 16 TDI (7FFF);
RUNTEST 10 TCK;
SDR 16 TDI (FFFF);
RUNTEST 10 TCK;
SDR 16 TDI (BFFF);
RUNTEST 10 TCK;
SDR 16 TDI (FFFF);
RUNTEST 10 TCK;
SDR 16 TDI (7FFF);
RUNTEST 10 TCK;
SDR 16 TDI (FFFF);
RUNTEST 10 TCK;
SDR 16 TDI (BFFF);
RUNTEST 10 TCK;
SDR 16 TDI (FFFF);
RUNTEST 10 TCK;
SDR 16 TDI (7FFF);
RUNTEST 10 TCK;
SDR 16 TDI (FFFF);
RUNTEST 10 TCK;
SDR 16 TDI (BFFF);
RUNTEST 10 TCK;
SDR 16 TDI (FFFF);
RUNTEST 10 TCK;
SDR 16 TDI (7FFF);
RUNTEST 10 TCK;
SDR 16 TDI (FFFF);
RUNTEST 10 TCK;
SDR 16 TDI (BFFF);
RUNTEST 10 TCK;
SDR 16 TDI (FFFF);
RUNTEST 10 TCK;
SDR 16 TDI (7FFF);
RUNTEST 10 TCK;
SDR 16 TDI (FFFF);
RUNTEST 10 TCK;
SDR 16 TDI (BFFF);
RUNTEST 10 TCK;
SDR 16 TDI (FFFF);
RUNTEST 10 TCK;
SDR 16 TDI (7FFF);
RUNTEST 10 TCK;
SDR 16 TDI (FFFF);
RUNTEST 10 TCK;
SDR 16 TDI (BFFF);
RUNTEST 10 TCK;
SDR 16 TDI (FFFF);
RUNTEST 10 TCK;
SDR 16 TDI (7FFF);
RUNTEST 10 TCK;
SDR 16 TDI (FFFF);
RUNTEST 10 TCK;
SDR 16 TDI (BFFF);
RUNTEST 10 TCK;
SDR 16 TDI (FFFF);
RUNTEST 10 TCK;
SDR 16 TDI (7FFF);
RUNTEST 10 TCK;
SDR 16 TDI (FFFF);
RUNTEST 10 TCK;
SDR 16 TDI (BFFF);
RUNTEST 10 TCK;
SDR 16 TDI (FFFF);
RUNTEST 10 TCK;
SDR 16 TDI (7FFF);
RUNTEST 10 TCK;
SDR 16 TDI (FFFF);
RUNTEST 10 TCK;
SDR 16 TDI (BFFF);
RUNTEST 10 TCK;
SDR 16 TDI (FFFF);
RUNTEST 10 TCK;
SDR 16 TDI (7FFF);
RUNTEST 10 TCK;
SDR 16 TDI (FFFF);
RUNTEST 10 TCK;
SDR 16 TDI (BFFF);
RUNTEST 10 TCK;
SDR 16 TDI (FFFF);
RUNTEST 10 TCK;
SDR 16 TDI (7FFF);
RUNTEST 10 TCK;
SDR 16 TDI (FFFF);
RUNTEST 10 TCK;
SDR 16 TDI (BFFF);
RUNTEST 10 TCK;
SDR 16 TDI (FFFF);
RUNTEST 10 TCK;
SDR 16 TDI (7FFF);
RUNTEST 10 TCK;
SDR 16 TDI (FFFF);
RUNTEST 10 TCK;
SDR 16 TDI (BFFF);
RUNTEST 10 TCK;
SDR 16 TDI (FFFF);
RUNTEST 10 TCK;
SDR 16 TDI (7FFF);
RUNTEST 10 TCK;
SDR 16 TDI (FFFF);
RUNTEST 10 TCK;
SDR 16 TDI (BFFF);
RUNTEST 10 TCK;
SDR 16 TDI (FFFF);
RUNTEST 10 TCK;
SDR 16 TDI (7FFF);
RUNTEST 10 TCK;
SDR 16 TDI (FFFF);
RUNTEST 10 TCK;
SDR 16 TDI (BFFF);
RUNTEST 10 TCK;
SDR 16 TDI (FFFF);
RUNTEST 10 TCK;
SDR 16 TDI (7FFF);
RUNTEST 10 TCK;
SDR 16 TDI (FFFF);
RUNTEST 10 TCK;
SDR 16 TDI (BFFF);
RUNTEST 10 TCK;
SDR 16 TDI (FFFF);
RUNTEST 10 TCK;
SDR 16 TDI (7FFF);
RUNTEST 10 TCK;
SDR 16 TDI (FFFF);
RUNTEST 10 TCK;
SDR 16 TDI (BFFF);
RUNTEST 10 TCK;
SDR 16 TDI (FFFF);
RUNTEST 10 TCK;
SDR 16 TDI (7FFF);
RUNTEST 10 TCK;
SDR 16 TDI (FFFF);
RUNTEST 10 TCK;
SDR 16 TDI (BFFF);
RUNTEST 10 TCK;
SDR 16 TDI (FFFF);
RUNTEST 10 TCK;
SDR 16 TDI (7FFF);
RUNTEST 10 TCK;
SDR 16 TDI (FFFF);
RUNTEST 10 TCK;
SDR 16 TDI (BFFF);
RUNTEST 10 TCK;
SDR 16 TDI (FFFF);
RUNTEST 10 TCK;
SDR 16 TDI (7FFF);
RUNTEST 10 TCK;
SDR 16 TDI (FFFF);
RUNTEST 10 TCK;
SDR 16 TDI (BFFF);
RUNTEST 10 TCK;
SDR 16 TDI (FFFF);
RUNTEST 10 TCK;
SDR 16 TDI (7FFF);
RUNTEST 10 TCK;
SDR 16 TDI (FFFF);
RUNTEST 10 TCK;
SDR 16 TDI (BFFF);
RUNTEST 10 TCK;
SDR 16 TDI (FFFF);
RUNTEST 10 TCK;
SDR 16 TDI (7FFF);
RUNTEST 10 TCK;
SDR 16 TDI (FFFF);
RUNTEST 10 TCK;
SDR 16 TDI (BFFF);
RUNTEST 10 TCK;
SDR 16 TDI (FFFF);
RUNTEST 10 TCK;
SDR 16 TDI (7FFF);
RUNTEST 10 TCK;
SDR 16 TDI (FFFF);
RUNTEST 10 TCK;
SDR 16 TDI (BFFF);
RUNTEST 10 TCK;
SDR 16 TDI (FFFF);
RUNTEST 10 TCK;
SDR 16 TDI (7FFF);
RUNTEST 10 TCK;
SDR 16 TDI (FFFF);
RUNTEST 10 TCK;
SDR 16 TDI (BFFF);
RUNTEST 10 TCK;
SDR 16 TDI (FFFF);
RUNTEST 10 TCK;
SDR 16 TDI (7FFF);
RUNTEST 10 TCK;
SDR 16 TDI (FFFF);
RUNTEST 10 TCK;
SDR 16 TDI (BFFF);
RUNTEST 10 TCK;
SDR 16 TDI (FFFF);
RUNTEST 10 TCK;
SDR 16 TDI (7FFF);
RUNTEST 10 TCK;
SDR 16 TDI (FFFF);
RUNTEST 10 TCK;
SDR 16 TDI (BFFF);
RUNTEST 10 TCK;
SDR 16 TDI (FFFF);
RUNTEST 10 TCK;
SDR 16 TDI (7FFF);
RUNTEST 10 TCK;
SDR 16 TDI (FFFF);
RUNTEST 10 TCK;
SDR 16 TDI (BFFF);
RUNTEST 10 TCK;
SDR 16 TDI (FFFF);
RUNTEST 10 TCK;
SDR 16 TDI (7FFF);
RUNTEST 10 TCK;
SDR 16 TDI (FFFF);
RUNTEST 10 TCK;
SDR 16 TDI (BFFF);
RUNTEST 10 TCK;
SDR 16 TDI (FFFF);
RUNTEST 10 TCK;
SDR 16 TDI (7FFF);
RUNTEST 10 TCK;
SDR 16 TDI (FFFF);
RUNTEST 10 TCK;
SDR 16 TDI (BFFF);
RUNTEST 10 TCK;
SDR 16 TDI (FFFF);
RUNTEST 10 TCK;
SIR 10 TDI (203);
RUNTEST 4 TCK;
SDR 13 TDI (0001);
SIR 10 TDI (2F4);
RUNTEST 4 TCK;
SDR 16 TDI (FFFF);
RUNTEST 10 TCK;
SDR 16 TDI (FFFF);
RUNTEST 10 TCK;
SDR 16 TDI (FFFF);
RUNTEST 10 TCK;
SDR 16 TDI (FFFF);
RUNTEST 10 TCK;
SDR 16 TDI (FFFF);
RUNTEST 10 TCK;
SDR 16 TDI (FFFF);
RUNTEST 10 TCK;
SDR 16 TDI (FFFF);
RUNTEST 10 TCK;
SDR 16 TDI (FFFF);
RUNTEST 10 TCK;
SDR 16 TDI (FFFF);
RUNTEST 10 TCK;
SDR 16 TDI (FFFF);
RUNTEST 10 TCK;
SDR 16 TDI (FFFF);
RUNTEST 10 TCK;
SDR 16 TDI (FFFF);
RUNTEST 10 TCK;
SDR 16 TDI (FFFF);
RUNTEST 10 TCK;
SDR 16 TDI (FFFF);
RUNTEST 10 TCK;
SDR 16 TDI (FFFF);
RUNTEST 10 TCK;
SDR 16 TDI (FFFF);
RUNTEST 10 TCK;
SDR 16 TDI (FFFF);
RUNTEST 10 TCK;
SDR 16 TDI (FFFF);
RUNTEST 10 TCK;
SDR 16 TDI (FFFF);
RUNTEST 10 TCK;
SDR 16 TDI (FFFF);
RUNTEST 10 TCK;
SDR 16 TDI (FFFF);
RUNTEST 10 TCK;
SDR 16 TDI (FFFF);
RUNTEST 10 TCK;
SDR 16 TDI (FFFF);
RUNTEST 10 TCK;
SDR 16 TDI (FFFF);
RUNTEST 10 TCK;
SDR 16 TDI (FFFF);
RUNTEST 10 TCK;
SDR 16 TDI (FFFF);
RUNTEST 10 TCK;
SDR 16 TDI (FFFF);
RUNTEST 10 TCK;
SDR 16 TDI (FFFF);
RUNTEST 10 TCK;
SDR 16 TDI (FFFF);
RUNTEST 10 TCK;
SDR 16 TDI (FFFF);
RUNTEST 10 TCK;
SDR 16 TDI (FFFF);
RUNTEST 10 TCK;
SDR 16 TDI (FFFF);
RUNTEST 10 TCK;
SDR 16 TDI (FFFF);
RUNTEST 10 TCK;
SDR 16 TDI (FFFF);
RUNTEST 10 TCK;
SDR 16 TDI (FFFF);
RUNTEST 10 TCK;
SDR 16 TDI (FFFF);
RUNTEST 10 TCK;
SDR 16 TDI (FFFF);
RUNTEST 10 TCK;
SDR 16 TDI (FFFF);
RUNTEST 10 TCK;
SDR 16 TDI (FFFF);
RUNTEST 10 TCK;
SDR 16 TDI (FFFF);
RUNTEST 10 TCK;
SDR 16 TDI (FFFF);
RUNTEST 10 TCK;
SDR 16 TDI (FFFF);
RUNTEST 10 TCK;
SDR 16 TDI (FFFF);
RUNTEST 10 TCK;
SDR 16 TDI (FFFF);
RUNTEST 10 TCK;
SDR 16 TDI (FFFF);
RUNTEST 10 TCK;
SDR 16 TDI (FFFF);
RUNTEST 10 TCK;
SDR 16 TDI (FFFF);
RUNTEST 10 TCK;
SDR 16 TDI (FFFF);
RUNTEST 10 TCK;
SDR 16 TDI (FFFF);
RUNTEST 10 TCK;
SDR 16 TDI (FFFF);
RUNTEST 10 TCK;
SDR 16 TDI (FFFF);
RUNTEST 10 TCK;
SDR 16 TDI (FFFF);
RUNTEST 10 TCK;
SDR 16 TDI (FFFF);
RUNTEST 10 TCK;
SDR 16 TDI (FFFF);
RUNTEST 10 TCK;
SDR 16 TDI (FFFF);
RUNTEST 10 TCK;
SDR 16 TDI (FFFF);
RUNTEST 10 TCK;
SDR 16 TDI (FFFF);
RUNTEST 10 TCK;
SDR 16 TDI (FFFF);
RUNTEST 10 TCK;
SDR 16 TDI (FFFF);
RUNTEST 10 TCK;
SDR 16 TDI (FFFF);
RUNTEST 10 TCK;
SDR 16 TDI (FFFF);
RUNTEST 10 TCK;
SDR 16 TDI (FFFF);
RUNTEST 10 TCK;
SDR 16 TDI (FFFF);
RUNTEST 10 TCK;
SDR 16 TDI (FFFF);
RUNTEST 10 TCK;
SDR 16 TDI (FFFF);
RUNTEST 10 TCK;
SDR 16 TDI (FFFF);
RUNTEST 10 TCK;
SDR 16 TDI (FFFF);
RUNTEST 10 TCK;
SDR 16 TDI (FFFF);
RUNTEST 10 TCK;
SDR 16 TDI (FFFF);
RUNTEST 10 TCK;
SDR 16 TDI (FFFF);
RUNTEST 10 TCK;
SDR 16 TDI (FFFF);
RUNTEST 10 TCK;
SDR 16 TDI (FFFF);
RUNTEST 10 TCK;
SDR 16 TDI (FFFF);
RUNTEST 10 TCK;
SDR 16 TDI (FFFF);
RUNTEST 10 TCK;
SDR 16 TDI (FFFF);
RUNTEST 10 TCK;
SDR 16 TDI (FFFF);
RUNTEST 10 TCK;
SDR 16 TDI (FFFF);
RUNTEST 10 TCK;
SDR 16 TDI (FFFF);
RUNTEST 10 TCK;
SDR 16 TDI (FFFF);
RUNTEST 10 TCK;
SDR 16 TDI (FFFF);
RUNTEST 10 TCK;
SDR 16 TDI (FFFF);
RUNTEST 10 TCK;
SDR 16 TDI (FFFF);
RUNTEST 10 TCK;
SDR 16 TDI (FFFF);
RUNTEST 10 TCK;
SDR 16 TDI (FFFF);
RUNTEST 10 TCK;
SDR 16 TDI (FFFF);
RUNTEST 10 TCK;
SDR 16 TDI (FFFF);
RUNTEST 10 TCK;
SDR 16 TDI (FFFF);
RUNTEST 10 TCK;
SDR 16 TDI (FFFF);
RUNTEST 10 TCK;
SDR 16 TDI (FFFF);
RUNTEST 10 TCK;
SDR 16 TDI (FFFF);
RUNTEST 10 TCK;
SDR 16 TDI (FFFF);
RUNTEST 10 TCK;
SDR 16 TDI (FFFF);
RUNTEST 10 TCK;
SDR 16 TDI (FFFF);
RUNTEST 10 TCK;
SDR 16 TDI (FFFF);
RUNTEST 10 TCK;
SDR 16 TDI (FFFF);
RUNTEST 10 TCK;
SDR 16 TDI (FFFF);
RUNTEST 10 TCK;
SDR 16 TDI (FFFF);
RUNTEST 10 TCK;
SDR 16 TDI (FFFF);
RUNTEST 10 TCK;
SDR 16 TDI (FFFF);
RUNTEST 10 TCK;
SDR 16 TDI (FFFF);
RUNTEST 10 TCK;
SDR 16 TDI (FFFF);
RUNTEST 10 TCK;
SDR 16 TDI (FFFF);
RUNTEST 10 TCK;
SDR 16 TDI (FFFF);
RUNTEST 10 TCK;
SDR 16 TDI (FFFF);
RUNTEST 10 TCK;
SDR 16 TDI (FFFF);
RUNTEST 10 TCK;
SDR 16 TDI (FFFF);
RUNTEST 10 TCK;
SDR 16 TDI (FFFF);
RUNTEST 10 TCK;
SDR 16 TDI (FFFF);
RUNTEST 10 TCK;
SDR 16 TDI (FFFF);
RUNTEST 10 TCK;
SDR 16 TDI (FFFF);
RUNTEST 10 TCK;
SDR 16 TDI (FFFF);
RUNTEST 10 TCK;
SDR 16 TDI (FFFF);
RUNTEST 10 TCK;
SDR 16 TDI (FFFF);
RUNTEST 10 TCK;
SDR 16 TDI (FFFF);
RUNTEST 10 TCK;
SDR 16 TDI (FFFF);
RUNTEST 10 TCK;
SDR 16 TDI (FFFF);
RUNTEST 10 TCK;
SDR 16 TDI (FFFF);
RUNTEST 10 TCK;
SDR 16 TDI (FFFF);
RUNTEST 10 TCK;
SDR 16 TDI (FFFF);
RUNTEST 10 TCK;
SDR 16 TDI (FFFF);
RUNTEST 10 TCK;
SDR 16 TDI (FFFF);
RUNTEST 10 TCK;
SDR 16 TDI (FFFF);
RUNTEST 10 TCK;
SDR 16 TDI (FFFF);
RUNTEST 10 TCK;
SDR 16 TDI (FFFF);
RUNTEST 10 TCK;
SDR 16 TDI (FFFF);
RUNTEST 10 TCK;
SDR 16 TDI (FFFF);
RUNTEST 10 TCK;
SDR 16 TDI (FFFF);
RUNTEST 10 TCK;
SDR 16 TDI (FFFF);
RUNTEST 10 TCK;
SDR 16 TDI (FFFF);
RUNTEST 10 TCK;
SDR 16 TDI (FFFF);
RUNTEST 10 TCK;
SDR 16 TDI (FFFF);
RUNTEST 10 TCK;
SDR 16 TDI (FFFF);
RUNTEST 10 TCK;
SDR 16 TDI (FFFF);
RUNTEST 10 TCK;
SDR 16 TDI (FFFF);
RUNTEST 10 TCK;
SDR 16 TDI (FFFF);
RUNTEST 10 TCK;
SDR 16 TDI (FFFF);
RUNTEST 10 TCK;
SDR 16 TDI (FFFF);
RUNTEST 10 TCK;
SDR 16 TDI (FFFF);
RUNTEST 10 TCK;
SDR 16 TDI (FFFF);
RUNTEST 10 TCK;
SDR 16 TDI (FFFF);
RUNTEST 10 TCK;
SDR 16 TDI (FFFF);
RUNTEST 10 TCK;
SDR 16 TDI (FFFF);
RUNTEST 10 TCK;
SDR 16 TDI (FFFF);
RUNTEST 10 TCK;
SDR 16 TDI (FFFF);
RUNTEST 10 TCK;
SDR 16 TDI (FFFF);
RUNTEST 10 TCK;
SDR 16 TDI (FFFF);
RUNTEST 10 TCK;
SDR 16 TDI (FFFF);
RUNTEST 10 TCK;
SDR 16 TDI (FFFF);
RUNTEST 10 TCK;
SDR 16 TDI (FFFF);
RUNTEST 10 TCK;
SDR 16 TDI (FFFF);
RUNTEST 10 TCK;
SDR 16 TDI (FFFF);
RUNTEST 10 TCK;
SDR 16 TDI (FFFF);
RUNTEST 10 TCK;
SDR 16 TDI (FFFF);
RUNTEST 10 TCK;
SDR 16 TDI (FFFF);
RUNTEST 10 TCK;
SDR 16 TDI (FFFF);
RUNTEST 10 TCK;
SDR 16 TDI (FFFF);
RUNTEST 10 TCK;
SDR 16 TDI (FFFF);
RUNTEST 10 TCK;
SDR 16 TDI (FFFF);
RUNTEST 10 TCK;
SDR 16 TDI (FFFF);
RUNTEST 10 TCK;
SDR 16 TDI (FFFF);
RUNTEST 10 TCK;
SDR 16 TDI (FFFF);
RUNTEST 10 TCK;
SDR 16 TDI (FFFF);
RUNTEST 10 TCK;
SDR 16 TDI (FFFF);
RUNTEST 10 TCK;
SDR 16 TDI (FFFF);
RUNTEST 10 TCK;
SDR 16 TDI (FFFF);
RUNTEST 10 TCK;
SDR 16 TDI (FFFF);
RUNTEST 10 TCK;
SDR 16 TDI (FFFF);
RUNTEST 10 TCK;
SDR 16 TDI (FFFF);
RUNTEST 10 TCK;
SDR 16 TDI (FFFF);
RUNTEST 10 TCK;
SDR 16 TDI (FFFF);
RUNTEST 10 TCK;
SDR 16 TDI (FFFF);
RUNTEST 10 TCK;
SDR 16 TDI (FFFF);
RUNTEST 10 TCK;
SDR 16 TDI (FFFF);
RUNTEST 10 TCK;
SDR 16 TDI (FFFF);
RUNTEST 10 TCK;
SDR 16 TDI (FFFF);
RUNTEST 10 TCK;
SDR 16 TDI (FFFF);
RUNTEST 10 TCK;
SDR 16 TDI (FFFF);
RUNTEST 10 TCK;
SDR 16 TDI (FFFF);
RUNTEST 10 TCK;
SDR 16 TDI (FFFF);
RUNTEST 10 TCK;
SDR 16 TDI (FFFF);
RUNTEST 10 TCK;
SDR 16 TDI (FFFF);
RUNTEST 10 TCK;
SDR 16 TDI (FFFF);
RUNTEST 10 TCK;
SDR 16 TDI (FFFF);
RUNTEST 10 TCK;
SDR 16 TDI (FFFF);
RUNTEST 10 TCK;
SDR 16 TDI (FFFF);
RUNTEST 10 TCK;
SDR 16 TDI (FFFF);
RUNTEST 10 TCK;
SDR 16 TDI (FFFF);
RUNTEST 10 TCK;
SDR 16 TDI (FFFF);
RUNTEST 10 TCK;
SDR 16 TDI (FFFF);
RUNTEST 10 TCK;
SDR 16 TDI (FFFF);
RUNTEST 10 TCK;
SDR 16 TDI (FFFF);
RUNTEST 10 TCK;
SDR 16 TDI (FFFF);
RUNTEST 10 TCK;
SDR 16 TDI (FFFF);
RUNTEST 10 TCK;
SDR 16 TDI (FFFF);
RUNTEST 10 TCK;
SDR 16 TDI (FFFF);
RUNTEST 10 TCK;
SDR 16 TDI (FFFF);
RUNTEST 10 TCK;
SDR 16 TDI (FFFF);
RUNTEST 10 TCK;
SDR 16 TDI (FFFF);
RUNTEST 10 TCK;
SDR 16 TDI (FFFF);
RUNTEST 10 TCK;
SDR 16 TDI (FFFF);
RUNTEST 10 TCK;
SDR 16 TDI (FFFF);
RUNTEST 10 TCK;
SDR 16 TDI (FFFF);
RUNTEST 10 TCK;
SDR 16 TDI (FFFF);
RUNTEST 10 TCK;
SDR 16 TDI (FFFF);
RUNTEST 10 TCK;
SDR 16 TDI (FFFF);
RUNTEST 10 TCK;
SDR 16 TDI (FFFF);
RUNTEST 10 TCK;
SDR 16 TDI (FFFF);
RUNTEST 10 TCK;
SDR 16 TDI (FFFF);
RUNTEST 10 TCK;
SDR 16 TDI (FFFF);
RUNTEST 10 TCK;
SDR 16 TDI (FFFF);
RUNTEST 10 TCK;
SDR 16 TDI (FFFF);
RUNTEST 10 TCK;
SDR 16 TDI (FFFF);
RUNTEST 10 TCK;
SDR 16 TDI (FFFF);
RUNTEST 10 TCK;
SDR 16 TDI (FFFF);
RUNTEST 10 TCK;
SDR 16 TDI (FFFF);
RUNTEST 10 TCK;
SDR 16 TDI (FFFF);
RUNTEST 10 TCK;
SDR 16 TDI (FFFF);
RUNTEST 10 TCK;
SDR 16 TDI (FFFF);
RUNTEST 10 TCK;
SDR 16 TDI (FFFF);
RUNTEST 10 TCK;
SDR 16 TDI (FFFF);
RUNTEST 10 TCK;
SDR 16 TDI (FFFF);
RUNTEST 10 TCK;
SDR 16 TDI (FFFF);
RUNTEST 10 TCK;
SDR 16 TDI (FFFF);
RUNTEST 10 TCK;
SDR 16 TDI (FFFF);
RUNTEST 10 TCK;
SDR 16 TDI (FFFF);
RUNTEST 10 TCK;
SDR 16 TDI (FFFF);
RUNTEST 10 TCK;
SDR 16 TDI (FFFF);
RUNTEST 10 TCK;
SDR 16 TDI (FFFF);
RUNTEST 10 TCK;
SDR 16 TDI (FFFF);
RUNTEST 10 TCK;
SDR 16 TDI (FFFF);
RUNTEST 10 TCK;
SDR 16 TDI (FFFF);
RUNTEST 10 TCK;
SDR 16 TDI (FFFF);
RUNTEST 10 TCK;
SDR 16 TDI (FFFF);
RUNTEST 10 TCK;
SDR 16 TDI (FFFF);
RUNTEST 10 TCK;
SDR 16 TDI (FFFF);
RUNTEST 10 TCK;
SDR 16 TDI (FFFF);
RUNTEST 10 TCK;
SDR 16 TDI (FFFF);
RUNTEST 10 TCK;
SDR 16 TDI (FFFF);
RUNTEST 10 TCK;
SDR 16 TDI (FFFF);
RUNTEST 10 TCK;
SDR 16 TDI (FFFF);
RUNTEST 10 TCK;
SDR 16 TDI (FFFF);
RUNTEST 10 TCK;
SDR 16 TDI (FFFF);
RUNTEST 10 TCK;
SDR 16 TDI (FFFF);
RUNTEST 10 TCK;
SDR 16 TDI (FFFF);
RUNTEST 10 TCK;
SDR 16 TDI (FFFF);
RUNTEST 10 TCK;
SDR 16 TDI (FFFF);
RUNTEST 10 TCK;
SDR 16 TDI (FFFF);
RUNTEST 10 TCK;
SDR 16 TDI (FFFF);
RUNTEST 10 TCK;
SDR 16 TDI (FFFF);
RUNTEST 10 TCK;
SDR 16 TDI (FFFF);
RUNTEST 10 TCK;
SDR 16 TDI (FFFF);
RUNTEST 10 TCK;
SDR 16 TDI (FFFF);
RUNTEST 10 TCK;
SDR 16 TDI (FFFF);
RUNTEST 10 TCK;
SDR 16 TDI (FFFF);
RUNTEST 10 TCK;
SDR 16 TDI (FFFF);
RUNTEST 10 TCK;
SDR 16 TDI (FFFF);
RUNTEST 10 TCK;
SDR 16 TDI (FFFF);
RUNTEST 10 TCK;
SDR 16 TDI (FFFF);
RUNTEST 10 TCK;
SDR 16 TDI (FFFF);
RUNTEST 10 TCK;
SDR 16 TDI (FFFF);
RUNTEST 10 TCK;
SDR 16 TDI (FFFF);
RUNTEST 10 TCK;
SDR 16 TDI (FFFF);
RUNTEST 10 TCK;
SDR 16 TDI (FFFF);
RUNTEST 10 TCK;
SDR 16 TDI (FFFF);
RUNTEST 10 TCK;
SDR 16 TDI (FFFF);
RUNTEST 10 TCK;
SDR 16 TDI (FFFF);
RUNTEST 10 TCK;
SDR 16 TDI (FFFF);
RUNTEST 10 TCK;
SDR 16 TDI (FFFF);
RUNTEST 10 TCK;
SDR 16 TDI (FFFF);
RUNTEST 10 TCK;
SDR 16 TDI (FFFF);
RUNTEST 10 TCK;
SDR 16 TDI (FFFF);
RUNTEST 10 TCK;
SDR 16 TDI (FFFF);
RUNTEST 10 TCK;
SDR 16 TDI (FFFF);
RUNTEST 10 TCK;
SDR 16 TDI (FFFF);
RUNTEST 10 TCK;
SDR 16 TDI (FFFF);
RUNTEST 10 TCK;
SDR 16 TDI (FFFF);
RUNTEST 10 TCK;
SDR 16 TDI (FFFF);
RUNTEST 10 TCK;
SDR 16 TDI (FFFF);
RUNTEST 10 TCK;
SDR 16 TDI (FFFF);
RUNTEST 10 TCK;
SDR 16 TDI (FFFF);
RUNTEST 10 TCK;
SDR 16 TDI (FFFF);
RUNTEST 10 TCK;
SDR 16 TDI (FFFF);
RUNTEST 10 TCK;
SDR 16 TDI (FFFF);
RUNTEST 10 TCK;
SDR 16 TDI (FFFF);
RUNTEST 10 TCK;
SDR 16 TDI (FFFF);
RUNTEST 10 TCK;
SDR 16 TDI (FFFF);
RUNTEST 10 TCK;
SDR 16 TDI (FFFF);
RUNTEST 10 TCK;
SDR 16 TDI (FFFF);
RUNTEST 10 TCK;
SDR 16 TDI (FFFF);
RUNTEST 10 TCK;
SDR 16 TDI (FFFF);
RUNTEST 10 TCK;
SDR 16 TDI (FFFF);
RUNTEST 10 TCK;
SDR 16 TDI (FFFF);
RUNTEST 10 TCK;
SDR 16 TDI (FFFF);
RUNTEST 10 TCK;
SDR 16 TDI (FFFF);
RUNTEST 10 TCK;
SDR 16 TDI (FFFF);
RUNTEST 10 TCK;
SDR 16 TDI (FFFF);
RUNTEST 10 TCK;
SDR 16 TDI (FFFF);
RUNTEST 10 TCK;
SDR 16 TDI (FFFF);
RUNTEST 10 TCK;
SDR 16 TDI (FFFF);
RUNTEST 10 TCK;
SDR 16 TDI (FFFF);
RUNTEST 10 TCK;
SDR 16 TDI (FFFF);
RUNTEST 10 TCK;
SDR 16 TDI (FFFF);
RUNTEST 10 TCK;
SDR 16 TDI (FFFF);
RUNTEST 10 TCK;
SDR 16 TDI (FFFF);
RUNTEST 10 TCK;
SDR 16 TDI (FFFF);
RUNTEST 10 TCK;
SDR 16 TDI (FFFF);
RUNTEST 10 TCK;
SDR 16 TDI (FFFF);
RUNTEST 10 TCK;
SDR 16 TDI (FFFF);
RUNTEST 10 TCK;
SDR 16 TDI (FFFF);
RUNTEST 10 TCK;
SDR 16 TDI (FFFF);
RUNTEST 10 TCK;
SDR 16 TDI (FFFF);
RUNTEST 10 TCK;
SDR 16 TDI (FFFF);
RUNTEST 10 TCK;
SDR 16 TDI (FFFF);
RUNTEST 10 TCK;
SDR 16 TDI (FFFF);
RUNTEST 10 TCK;
SDR 16 TDI (FFFF);
RUNTEST 10 TCK;
SDR 16 TDI (FFFF);
RUNTEST 10 TCK;
SDR 16 TDI (FFFF);
RUNTEST 10 TCK;
SDR 16 TDI (FFFF);
RUNTEST 10 TCK;
SDR 16 TDI (FFFF);
RUNTEST 10 TCK;
SDR 16 TDI (FFFF);
RUNTEST 10 TCK;
SDR 16 TDI (FFFF);
RUNTEST 10 TCK;
SDR 16 TDI (FFFF);
RUNTEST 10 TCK;
SDR 16 TDI (FFFF);
RUNTEST 10 TCK;
SDR 16 TDI (FFFF);
RUNTEST 10 TCK;
SDR 16 TDI (FFFF);
RUNTEST 10 TCK;
SDR 16 TDI (FFFF);
RUNTEST 10 TCK;
SDR 16 TDI (FFFF);
RUNTEST 10 TCK;
SDR 16 TDI (FFFF);
RUNTEST 10 TCK;
SDR 16 TDI (FFFF);
RUNTEST 10 TCK;
SDR 16 TDI (FFFF);
RUNTEST 10 TCK;
SDR 16 TDI (FFFF);
RUNTEST 10 TCK;
SDR 16 TDI (FFFF);
RUNTEST 10 TCK;
SDR 16 TDI (FFFF);
RUNTEST 10 TCK;
SDR 16 TDI (FFFF);
RUNTEST 10 TCK;
SDR 16 TDI (FFFF);
RUNTEST 10 TCK;
SDR 16 TDI (FFFF);
RUNTEST 10 TCK;
SDR 16 TDI (FFFF);
RUNTEST 10 TCK;
SDR 16 TDI (FFFF);
RUNTEST 10 TCK;
SDR 16 TDI (FFFF);
RUNTEST 10 TCK;
SDR 16 TDI (FFFF);
RUNTEST 10 TCK;
SDR 16 TDI (FFFF);
RUNTEST 10 TCK;
SDR 16 TDI (FFFF);
RUNTEST 10 TCK;
SDR 16 TDI (FFFF);
RUNTEST 10 TCK;
SDR 16 TDI (FFFF);
RUNTEST 10 TCK;
SDR 16 TDI (FFFF);
RUNTEST 10 TCK;
SDR 16 TDI (FFFF);
RUNTEST 10 TCK;
SDR 16 TDI (FFFF);
RUNTEST 10 TCK;
SDR 16 TDI (FFFF);
RUNTEST 10 TCK;
SDR 16 TDI (FFFF);
RUNTEST 10 TCK;
SDR 16 TDI (FFFF);
RUNTEST 10 TCK;
SDR 16 TDI (FFFF);
RUNTEST 10 TCK;
SDR 16 TDI (FFFF);
RUNTEST 10 TCK;
SDR 16 TDI (FFFF);
RUNTEST 10 TCK;
SDR 16 TDI (FFFF);
RUNTEST 10 TCK;
SDR 16 TDI (FFFF);
RUNTEST 10 TCK;
SDR 16 TDI (FFFF);
RUNTEST 10 TCK;
SDR 16 TDI (FFFF);
RUNTEST 10 TCK;
SDR 16 TDI (FFFF);
RUNTEST 10 TCK;
SDR 16 TDI (FFFF);
RUNTEST 10 TCK;
SDR 16 TDI (FFFF);
RUNTEST 10 TCK;
SDR 16 TDI (FFFF);
RUNTEST 10 TCK;
SDR 16 TDI (FFFF);
RUNTEST 10 TCK;
SDR 16 TDI (FFFF);
RUNTEST 10 TCK;
SDR 16 TDI (FFFF);
RUNTEST 10 TCK;
SDR 16 TDI (FFFF);
RUNTEST 10 TCK;
SDR 16 TDI (FFFF);
RUNTEST 10 TCK;
SDR 16 TDI (FFFF);
RUNTEST 10 TCK;
SDR 16 TDI (FFFF);
RUNTEST 10 TCK;
SDR 16 TDI (FFFF);
RUNTEST 10 TCK;
SDR 16 TDI (FFFF);
RUNTEST 10 TCK;
SDR 16 TDI (FFFF);
RUNTEST 10 TCK;
SDR 16 TDI (FFFF);
RUNTEST 10 TCK;
SDR 16 TDI (FFFF);
RUNTEST 10 TCK;
SDR 16 TDI (FFFF);
RUNTEST 10 TCK;
SDR 16 TDI (FFFF);
RUNTEST 10 TCK;
SDR 16 TDI (FFFF);
RUNTEST 10 TCK;
SDR 16 TDI (FFFF);
RUNTEST 10 TCK;
SDR 16 TDI (FFFF);
RUNTEST 10 TCK;
SDR 16 TDI (FFFF);
RUNTEST 10 TCK;
SDR 16 TDI (FFFF);
RUNTEST 10 TCK;
SDR 16 TDI (FFFF);
RUNTEST 10 TCK;
SDR 16 TDI (FFFF);
RUNTEST 10 TCK;
SDR 16 TDI (FFFF);
RUNTEST 10 TCK;
SDR 16 TDI (FFFF);
RUNTEST 10 TCK;
SDR 16 TDI (FFFF);
RUNTEST 10 TCK;
SDR 16 TDI (FFFF);
RUNTEST 10 TCK;
SDR 16 TDI (FFFF);
RUNTEST 10 TCK;
SDR 16 TDI (FFFF);
RUNTEST 10 TCK;
SDR 16 TDI (FFFF);
RUNTEST 10 TCK;
SDR 16 TDI (FFFF);
RUNTEST 10 TCK;
SDR 16 TDI (FFFF);
RUNTEST 10 TCK;
SDR 16 TDI (FFFF);
RUNTEST 10 TCK;
SDR 16 TDI (FFFF);
RUNTEST 10 TCK;
SDR 16 TDI (FFFF);
RUNTEST 10 TCK;
SDR 16 TDI (FFFF);
RUNTEST 10 TCK;
SDR 16 TDI (FFFF);
RUNTEST 10 TCK;
SDR 16 TDI (FFFF);
RUNTEST 10 TCK;
SDR 16 TDI (FFFF);
RUNTEST 10 TCK;
SDR 16 TDI (FFFF);
RUNTEST 10 TCK;
SDR 16 TDI (FFFF);
RUNTEST 10 TCK;
SDR 16 TDI (FFFF);
RUNTEST 10 TCK;
SDR 16 TDI (FFFF);
RUNTEST 10 TCK;
SDR 16 TDI (FFFF);
RUNTEST 10 TCK;
SDR 16 TDI (FFFF);
RUNTEST 10 TCK;
SDR 16 TDI (FFFF);
RUNTEST 10 TCK;
SDR 16 TDI (FFFF);
RUNTEST 10 TCK;
SDR 16 TDI (FFFF);
RUNTEST 10 TCK;
SDR 16 TDI (FFFF);
RUNTEST 10 TCK;
SDR 16 TDI (FFFF);
RUNTEST 10 TCK;
SDR 16 TDI (FFFF);
RUNTEST 10 TCK;
SDR 16 TDI (FFFF);
RUNTEST 10 TCK;
SDR 16 TDI (FFFF);
RUNTEST 10 TCK;
SDR 16 TDI (FFFF);
RUNTEST 10 TCK;
SDR 16 TDI (FFFF);
RUNTEST 10 TCK;
SDR 16 TDI (FFFF);
RUNTEST 10 TCK;
SDR 16 TDI (FFFF);
RUNTEST 10 TCK;
SDR 16 TDI (FFFF);
RUNTEST 10 TCK;
SDR 16 TDI (FFFF);
RUNTEST 10 TCK;
SDR 16 TDI (FFFF);
RUNTEST 10 TCK;
SDR 16 TDI (FFFF);
RUNTEST 10 TCK;
SDR 16 TDI (FFFF);
RUNTEST 10 TCK;
SDR 16 TDI (FFFF);
RUNTEST 10 TCK;
SDR 16 TDI (FFFF);
RUNTEST 10 TCK;
SDR 16 TDI (FFFF);
RUNTEST 10 TCK;
SDR 16 TDI (FFFF);
RUNTEST 10 TCK;
SDR 16 TDI (FFFF);
RUNTEST 10 TCK;
SDR 16 TDI (FFFF);
RUNTEST 10 TCK;
SDR 16 TDI (FFFF);
RUNTEST 10 TCK;
SDR 16 TDI (FFFF);
RUNTEST 10 TCK;
SDR 16 TDI (FFFF);
RUNTEST 10 TCK;
SDR 16 TDI (FFFF);
RUNTEST 10 TCK;
SDR 16 TDI (FFFF);
RUNTEST 10 TCK;
SDR 16 TDI (FFFF);
RUNTEST 10 TCK;
SDR 16 TDI (FFFF);
RUNTEST 10 TCK;
SDR 16 TDI (FFFF);
RUNTEST 10 TCK;
SDR 16 TDI (FFFF);
RUNTEST 10 TCK;
SDR 16 TDI (FFFF);
RUNTEST 10 TCK;
SDR 16 TDI (FFFF);
RUNTEST 10 TCK;
SDR 16 TDI (FFFF);
RUNTEST 10 TCK;
SDR 16 TDI (FFFF);
RUNTEST 10 TCK;
SDR 16 TDI (FFFF);
RUNTEST 10 TCK;
SDR 16 TDI (FFFF);
RUNTEST 10 TCK;
SDR 16 TDI (FFFF);
RUNTEST 10 TCK;
SDR 16 TDI (FFFF);
RUNTEST 10 TCK;
SDR 16 TDI (FFFF);
RUNTEST 10 TCK;
SDR 16 TDI (FFFF);
RUNTEST 10 TCK;
SDR 16 TDI (FFFF);
RUNTEST 10 TCK;
SDR 16 TDI (FFFF);
RUNTEST 10 TCK;
SDR 16 TDI (FFFF);
RUNTEST 10 TCK;
SDR 16 TDI (FFFF);
RUNTEST 10 TCK;
SDR 16 TDI (FFFF);
RUNTEST 10 TCK;
SDR 16 TDI (FFFF);
RUNTEST 10 TCK;
SDR 16 TDI (FFFF);
RUNTEST 10 TCK;
SDR 16 TDI (FFFF);
RUNTEST 10 TCK;
SDR 16 TDI (FFFF);
RUNTEST 10 TCK;
SDR 16 TDI (FFFF);
RUNTEST 10 TCK;
SDR 16 TDI (FFFF);
RUNTEST 10 TCK;
SDR 16 TDI (FFFF);
RUNTEST 10 TCK;
SDR 16 TDI (FFFF);
RUNTEST 10 TCK;
SDR 16 TDI (FFFF);
RUNTEST 10 TCK;
SDR 16 TDI (FFFF);
RUNTEST 10 TCK;
SDR 16 TDI (FFFF);
RUNTEST 10 TCK;
SDR 16 TDI (FFFF);
RUNTEST 10 TCK;
SDR 16 TDI (FFFF);
RUNTEST 10 TCK;
SDR 16 TDI (FFFF);
RUNTEST 10 TCK;
SDR 16 TDI (FFFF);
RUNTEST 10 TCK;
SDR 16 TDI (FFFF);
RUNTEST 10 TCK;
SDR 16 TDI (FFFF);
RUNTEST 10 TCK;
SDR 16 TDI (FFFF);
RUNTEST 10 TCK;
SDR 16 TDI (FFFF);
RUNTEST 10 TCK;
SDR 16 TDI (FFFF);
RUNTEST 10 TCK;
SDR 16 TDI (FFFF);
RUNTEST 10 TCK;
SDR 16 TDI (FFFF);
RUNTEST 10 TCK;
SDR 16 TDI (FFFF);
RUNTEST 10 TCK;
SDR 16 TDI (FFFF);
RUNTEST 10 TCK;
SDR 16 TDI (FFFF);
RUNTEST 10 TCK;
SDR 16 TDI (FFFF);
RUNTEST 10 TCK;
SDR 16 TDI (FFFF);
RUNTEST 10 TCK;
SDR 16 TDI (FFFF);
RUNTEST 10 TCK;
SDR 16 TDI (FFFF);
RUNTEST 10 TCK;
SDR 16 TDI (FFFF);
RUNTEST 10 TCK;
SDR 16 TDI (FFFF);
RUNTEST 10 TCK;
SDR 16 TDI (FFFF);
RUNTEST 10 TCK;
SDR 16 TDI (FFFF);
RUNTEST 10 TCK;
SDR 16 TDI (FFFF);
RUNTEST 10 TCK;
SDR 16 TDI (FFFF);
RUNTEST 10 TCK;
SDR 16 TDI (FFFF);
RUNTEST 10 TCK;
SDR 16 TDI (FFFF);
RUNTEST 10 TCK;
SDR 16 TDI (FFFF);
RUNTEST 10 TCK;
SDR 16 TDI (FFFF);
RUNTEST 10 TCK;
SDR 16 TDI (FFFF);
RUNTEST 10 TCK;
SDR 16 TDI (FFFF);
RUNTEST 10 TCK;
SDR 16 TDI (FFFF);
RUNTEST 10 TCK;
SDR 16 TDI (FFFF);
RUNTEST 10 TCK;
SDR 16 TDI (FFFF);
RUNTEST 10 TCK;
SDR 16 TDI (FFFF);
RUNTEST 10 TCK;
SDR 16 TDI (FFFF);
RUNTEST 10 TCK;
SDR 16 TDI (FFFF);
RUNTEST 10 TCK;
SDR 16 TDI (FFFF);
RUNTEST 10 TCK;
SDR 16 TDI (FFFF);
RUNTEST 10 TCK;
SDR 16 TDI (FFFF);
RUNTEST 10 TCK;
SDR 16 TDI (FFFF);
RUNTEST 10 TCK;
SDR 16 TDI (FFFF);
RUNTEST 10 TCK;
SDR 16 TDI (FFFF);
RUNTEST 10 TCK;
SDR 16 TDI (FFFF);
RUNTEST 10 TCK;
SDR 16 TDI (FFFF);
RUNTEST 10 TCK;
SDR 16 TDI (FFFF);
RUNTEST 10 TCK;
SDR 16 TDI (FFFF);
RUNTEST 10 TCK;
SDR 16 TDI (FFFF);
RUNTEST 10 TCK;
SDR 16 TDI (FFFF);
RUNTEST 10 TCK;
SDR 16 TDI (FFFF);
RUNTEST 10 TCK;
SDR 16 TDI (FFFF);
RUNTEST 10 TCK;
!
!
!
!VERIFY
!
!
!
SIR 10 TDI (203);
RUNTEST 4 TCK;
SDR 13 TDI (0000);
SIR 10 TDI (205);
RUNTEST 4 TCK;
SDR 16 TDI (FFFF) TDO (7FFF) MASK (FFFF);
SDR 16 TDI (FFFF) TDO (FFFF);
SDR 16 TDI (FFFF) TDO (BFFF);
SDR 16 TDI (FFFF) TDO (FFFF);
SDR 16 TDI (FFFF) TDO (7FFF);
SDR 16 TDI (FFFF) TDO (FFFF);
SDR 16 TDI (FFFF) TDO (BFFF);
SDR 16 TDI (FFFF) TDO (FFFF);
SDR 16 TDI (FFFF) TDO (7FFF);
SDR 16 TDI (FFFF) TDO (FFFF);
SDR 16 TDI (FFFF) TDO (BFFF);
SDR 16 TDI (FFFF) TDO (FFFF);
SDR 16 TDI (FFFF) TDO (7FFF);
SDR 16 TDI (FFFF) TDO (FFFF);
SDR 16 TDI (FFFF) TDO (BFFF);
SDR 16 TDI (FFFF) TDO (FFFF);
SDR 16 TDI (FFFF) TDO (7FFF);
SDR 16 TDI (FFFF) TDO (FFFF);
SDR 16 TDI (FFFF) TDO (BFF7);
SDR 16 TDI (FFFF) TDO (FFFF);
SDR 16 TDI (FFFF) TDO (7FFF);
SDR 16 TDI (FFFF) TDO (FFFF);
SDR 16 TDI (FFFF) TDO (BFFF);
SDR 16 TDI (FFFF) TDO (FFFF);
SDR 16 TDI (FFFF) TDO (7FFF);
SDR 16 TDI (FFFF) TDO (FFFF);
SDR 16 TDI (FFFF) TDO (BF7F);
SDR 16 TDI (FFFF) TDO (EFFF);
SDR 16 TDI (FFFF) TDO (7FFF);
SDR 16 TDI (FFFF) TDO (FFFF);
SDR 16 TDI (FFFF) TDO (BFFF);
SDR 16 TDI (FFFF) TDO (FFFF);
SDR 16 TDI (FFFF) TDO (77FF);
SDR 16 TDI (FFFF) TDO (FFFF);
SDR 16 TDI (FFFF) TDO (BFFF);
SDR 16 TDI (FFFF) TDO (CFDF);
SDR 16 TDI (FFFF) TDO (7FFD);
SDR 16 TDI (FFFF) TDO (FF7F);
SDR 16 TDI (FFFF) TDO (BFFF);
SDR 16 TDI (FFFF) TDO (DFF9);
SDR 16 TDI (FFFF) TDO (733F);
SDR 16 TDI (FFFF) TDO (FF5F);
SDR 16 TDI (FFFF) TDO (AFFF);
SDR 16 TDI (FFFF) TDO (FCCF);
SDR 16 TDI (FFFF) TDO (7FF3);
SDR 16 TDI (FFFF) TDO (FFFF);
SDR 16 TDI (FFFF) TDO (BF4C);
SDR 16 TDI (FFFF) TDO (CFFF);
SDR 16 TDI (FFFF) TDO (6FFF);
SDR 16 TDI (FFFF) TDO (FFFF);
SDR 16 TDI (FFFF) TDO (BFFF);
SDR 16 TDI (FFFF) TDO (FE76);
SDR 16 TDI (FFFF) TDO (6FF7);
SDR 16 TDI (FFFF) TDO (FFFF);
SDR 16 TDI (FFFF) TDO (BFE6);
SDR 16 TDI (FFFF) TDO (77FF);
SDR 16 TDI (FFFF) TDO (777F);
SDR 16 TDI (FFFF) TDO (FFF5);
SDR 16 TDI (FFFF) TDO (BBBF);
SDR 16 TDI (FFFF) TDO (DFFF);
SDR 16 TDI (FFFF) TDO (7FFF);
SDR 16 TDI (FFFF) TDO (559F);
SDR 16 TDI (FFFF) TDO (BDFF);
SDR 16 TDI (FFFF) TDO (FEFE);
SDR 16 TDI (FFFF) TDO (7FFF);
SDR 16 TDI (FFFF) TDO (FFFF);
SDR 16 TDI (FFFF) TDO (BFFF);
SDR 16 TDI (FFFF) TDO (FFED);
SDR 16 TDI (FFFF) TDO (7FFF);
SDR 16 TDI (FFFF) TDO (FFFF);
SDR 16 TDI (FFFF) TDO (BFFD);
SDR 16 TDI (FFFF) TDO (FFFF);
SDR 16 TDI (FFFF) TDO (7FFF);
SDR 16 TDI (FFFF) TDO (FFFB);
SDR 16 TDI (FFFF) TDO (BFF7);
SDR 16 TDI (FFFF) TDO (FFFF);
SDR 16 TDI (FFFF) TDO (7FFF);
SDR 16 TDI (FFFF) TDO (FFFF);
SDR 16 TDI (FFFF) TDO (BFFF);
SDR 16 TDI (FFFF) TDO (FFFE);
SDR 16 TDI (FFFF) TDO (7FFF);
SDR 16 TDI (FFFF) TDO (FFFF);
SDR 16 TDI (FFFF) TDO (BFFF);
SDR 16 TDI (FFFF) TDO (FDFF);
SDR 16 TDI (FFFF) TDO (7FFF);
SDR 16 TDI (FFFF) TDO (FFFF);
SDR 16 TDI (FFFF) TDO (BFEF);
SDR 16 TDI (FFFF) TDO (FFFF);
SDR 16 TDI (FFFF) TDO (7EFF);
SDR 16 TDI (FFFF) TDO (EFFF);
SDR 16 TDI (FFFF) TDO (BFFF);
SDR 16 TDI (FFFF) TDO (FFFF);
SDR 16 TDI (FFFF) TDO (7FFF);
SDR 16 TDI (FFFF) TDO (7F7F);
SDR 16 TDI (FFFF) TDO (BEFF);
SDR 16 TDI (FFFF) TDO (FFFE);
SDR 16 TDI (FFFF) TDO (6FFF);
SDR 16 TDI (FFFF) TDO (FFFF);
SDR 16 TDI (FFFF) TDO (BFFF);
SDR 16 TDI (FFFF) TDO (FFBB);
SDR 16 TDI (FFFF) TDO (77ED);
SDR 16 TDI (FFFF) TDO (FFFF);
SDR 16 TDI (FFFF) TDO (BFFB);
SDR 16 TDI (FFFF) TDO (9BFF);
SDR 16 TDI (FFFF) TDO (77FF);
SDR 16 TDI (FFFF) TDO (EBFE);
SDR 16 TDI (FFFF) TDO (ADDF);
SDR 16 TDI (FFFF) TDO (BFFF);
SDR 16 TDI (FFFF) TDO (7FEF);
SDR 16 TDI (FFFF) TDO (D5DF);
SDR 16 TDI (FFFF) TDO (BDFF);
SDR 16 TDI (FFFF) TDO (FFFE);
SDR 16 TDI (FFFF) TDO (7FFF);
SDR 16 TDI (FFFF) TDO (FFFF);
SDR 16 TDI (FFFF) TDO (BFFF);
SDR 16 TDI (FFFF) TDO (F7FF);
SDR 16 TDI (FFFF) TDO (6FFF);
SDR 16 TDI (FFFF) TDO (FFFD);
SDR 16 TDI (FFFF) TDO (BFBF);
SDR 16 TDI (FFFF) TDO (F7F7);
SDR 16 TDI (FFFF) TDO (7FF7);
SDR 16 TDI (FFFF) TDO (EFFB);
SDR 16 TDI (FFFF) TDO (BFFF);
SDR 16 TDI (FFFF) TDO (FFFF);
SDR 16 TDI (FFFF) TDO (7FFF);
SDR 16 TDI (FFFF) TDO (FEEF);
SDR 16 TDI (FFFF) TDO (BDFE);
SDR 16 TDI (FFFF) TDO (FFFE);
SDR 16 TDI (FFFF) TDO (6FFF);
SDR 16 TDI (FFFF) TDO (FFFF);
SDR 16 TDI (FFFF) TDO (BFFF);
SDR 16 TDI (FFFF) TDO (FF7F);
SDR 16 TDI (FFFF) TDO (7FFF);
SDR 16 TDI (FFFF) TDO (D7FF);
SDR 16 TDI (FFFF) TDO (BFFF);
SDR 16 TDI (FFFF) TDO (FFFF);
SDR 16 TDI (FFFF) TDO (7D7F);
SDR 16 TDI (FFFF) TDO (EBFF);
SDR 16 TDI (FFFF) TDO (BFFF);
SDR 16 TDI (FFFF) TDO (FF5F);
SDR 16 TDI (FFFF) TDO (7FFF);
SDR 16 TDI (FFFF) TDO (FFFF);
SDR 16 TDI (FFFF) TDO (BFFF);
SDR 16 TDI (FFFF) TDO (F7FF);
SDR 16 TDI (FFFF) TDO (6FFF);
SDR 16 TDI (FFFF) TDO (FFFF);
SDR 16 TDI (FFFF) TDO (BFFF);
SDR 16 TDI (FFFF) TDO (F77F);
SDR 16 TDI (FFFF) TDO (6FFF);
SDR 16 TDI (FFFF) TDO (DFFB);
SDR 16 TDI (FFFF) TDO (BFFF);
SDR 16 TDI (FFFF) TDO (FBFF);
SDR 16 TDI (FFFF) TDO (7D77);
SDR 16 TDI (FFFF) TDO (EFFF);
SDR 16 TDI (FFFF) TDO (BFFF);
SDR 16 TDI (FFFF) TDO (FEFF);
SDR 16 TDI (FFFF) TDO (7FFF);
SDR 16 TDI (FFFF) TDO (FDEF);
SDR 16 TDI (FFFF) TDO (BBFF);
SDR 16 TDI (FFFF) TDO (6FFE);
SDR 16 TDI (FFFF) TDO (6FFF);
SDR 16 TDI (FFFF) TDO (FFFF);
SDR 16 TDI (FFFF) TDO (BFFF);
SDR 16 TDI (FFFF) TDO (FFFF);
SDR 16 TDI (FFFF) TDO (7FFF);
SDR 16 TDI (FFFF) TDO (EFFF);
SDR 16 TDI (FFFF) TDO (BF7F);
SDR 16 TDI (FFFF) TDO (FFF7);
SDR 16 TDI (FFFF) TDO (7FFF);
SDR 16 TDI (FFFF) TDO (FFF7);
SDR 16 TDI (FFFF) TDO (BFFF);
SDR 16 TDI (FFFF) TDO (FFDF);
SDR 16 TDI (FFFF) TDO (7FFF);
SDR 16 TDI (FFFF) TDO (FFFF);
SDR 16 TDI (FFFF) TDO (BFFF);
SDR 16 TDI (FFFF) TDO (FFFF);
SDR 16 TDI (FFFF) TDO (7FFF);
SDR 16 TDI (FFFF) TDO (FFFF);
SDR 16 TDI (FFFF) TDO (BFFD);
SDR 16 TDI (FFFF) TDO (FFFF);
SDR 16 TDI (FFFF) TDO (7FFF);
SDR 16 TDI (FFFF) TDO (F7FF);
SDR 16 TDI (FFFF) TDO (BF7F);
SDR 16 TDI (FFFF) TDO (FFF9);
SDR 16 TDI (FFFF) TDO (7FFF);
SDR 16 TDI (FFFF) TDO (EFFD);
SDR 16 TDI (FFFF) TDO (BFFF);
SDR 16 TDI (FFFF) TDO (FFFF);
SDR 16 TDI (FFFF) TDO (7FFF);
SDR 16 TDI (FFFF) TDO (FFFF);
SDR 16 TDI (FFFF) TDO (BFEB);
SDR 16 TDI (FFFF) TDO (FFFF);
SDR 16 TDI (FFFF) TDO (7FFF);
SDR 16 TDI (FFFF) TDO (FFFF);
SDR 16 TDI (FFFF) TDO (BFFF);
SDR 16 TDI (FFFF) TDO (BEEF);
SDR 16 TDI (FFFF) TDO (7FFF);
SDR 16 TDI (FFFF) TDO (FFFE);
SDR 16 TDI (FFFF) TDO (BFFF);
SDR 16 TDI (FFFF) TDO (FFFF);
SDR 16 TDI (FFFF) TDO (7F7F);
SDR 16 TDI (FFFF) TDO (EFFF);
SDR 16 TDI (FFFF) TDO (BFFF);
SDR 16 TDI (FFFF) TDO (FFFF);
SDR 16 TDI (FFFF) TDO (7B7F);
SDR 16 TDI (FFFF) TDO (FFFF);
SDR 16 TDI (FFFF) TDO (BFFF);
SDR 16 TDI (FFFF) TDO (FFFF);
SDR 16 TDI (FFFF) TDO (7FFF);
SDR 16 TDI (FFFF) TDO (FFFF);
SDR 16 TDI (FFFF) TDO (BFFD);
SDR 16 TDI (FFFF) TDO (FBFF);
SDR 16 TDI (FFFF) TDO (7FFF);
SDR 16 TDI (FFFF) TDO (FFFE);
SDR 16 TDI (FFFF) TDO (BFFF);
SDR 16 TDI (FFFF) TDO (FFFF);
SDR 16 TDI (FFFF) TDO (7F7F);
SDR 16 TDI (FFFF) TDO (EEBD);
SDR 16 TDI (FFFF) TDO (BDFF);
SDR 16 TDI (FFFF) TDO (FEEE);
SDR 16 TDI (FFFF) TDO (7F7F);
SDR 16 TDI (FFFF) TDO (FFFF);
SDR 16 TDI (FFFF) TDO (BFFF);
SDR 16 TDI (FFFF) TDO (FFF7);
SDR 16 TDI (FFFF) TDO (7FFF);
SDR 16 TDI (FFFF) TDO (FFFF);
SDR 16 TDI (FFFF) TDO (BFFF);
SDR 16 TDI (FFFF) TDO (7EDF);
SDR 16 TDI (FFFF) TDO (7FFF);
SDR 16 TDI (FFFF) TDO (EFFF);
SDR 16 TDI (FFFF) TDO (BF7F);
SDR 16 TDI (FFFF) TDO (FFFA);
SDR 16 TDI (FFFF) TDO (7FFF);
SDR 16 TDI (FFFF) TDO (FFFF);
SDR 16 TDI (FFFF) TDO (BFFF);
SDR 16 TDI (FFFF) TDO (FFFF);
SDR 16 TDI (FFFF) TDO (77FF);
SDR 16 TDI (FFFF) TDO (FFFF);
SDR 16 TDI (FFFF) TDO (BFF5);
SDR 16 TDI (FFFF) TDO (FFFF);
SDR 16 TDI (FFFF) TDO (7FFF);
SDR 16 TDI (FFFF) TDO (FFFF);
SDR 16 TDI (FFFF) TDO (BFFF);
SDR 16 TDI (FFFF) TDO (FFFF);
SDR 16 TDI (FFFF) TDO (7FFF);
SDR 16 TDI (FFFF) TDO (FFFE);
SDR 16 TDI (FFFF) TDO (B7FF);
SDR 16 TDI (FFFF) TDO (BFFF);
SDR 16 TDI (FFFF) TDO (7FFF);
SDR 16 TDI (FFFF) TDO (FFFF);
SDR 16 TDI (FFFF) TDO (BFFF);
SDR 16 TDI (FFFF) TDO (FAFF);
SDR 16 TDI (FFFF) TDO (7FFF);
SDR 16 TDI (FFFF) TDO (FFFF);
SDR 16 TDI (FFFF) TDO (BFFF);
SDR 16 TDI (FFFF) TDO (FFDF);
SDR 16 TDI (FFFF) TDO (7FFF);
SDR 16 TDI (FFFF) TDO (FFFF);
SDR 16 TDI (FFFF) TDO (BFFF);
SDR 16 TDI (FFFF) TDO (FFFF);
SDR 16 TDI (FFFF) TDO (7FFF);
SDR 16 TDI (FFFF) TDO (FFFF);
SDR 16 TDI (FFFF) TDO (BF9D);
SDR 16 TDI (FFFF) TDO (FFFB);
SDR 16 TDI (FFFF) TDO (6FFD);
SDR 16 TDI (FFFF) TDO (6FFF);
SDR 16 TDI (FFFF) TDO (B7FF);
SDR 16 TDI (FFFF) TDO (FFBF);
SDR 16 TDI (FFFF) TDO (7FFF);
SDR 16 TDI (FFFF) TDO (FFFF);
SDR 16 TDI (FFFF) TDO (BFFF);
SDR 16 TDI (FFFF) TDO (FFFD);
SDR 16 TDI (FFFF) TDO (7FFF);
SDR 16 TDI (FFFF) TDO (FFFF);
SDR 16 TDI (FFFF) TDO (BFFF);
SDR 16 TDI (FFFF) TDO (FFFF);
SDR 16 TDI (FFFF) TDO (7FFF);
SDR 16 TDI (FFFF) TDO (FFFE);
SDR 16 TDI (FFFF) TDO (B7FD);
SDR 16 TDI (FFFF) TDO (FFFF);
SDR 16 TDI (FFFF) TDO (7FFF);
SDR 16 TDI (FFFF) TDO (FFFF);
SDR 16 TDI (FFFF) TDO (BFFF);
SDR 16 TDI (FFFF) TDO (FF5F);
SDR 16 TDI (FFFF) TDO (7FFF);
SDR 16 TDI (FFFF) TDO (FFFF);
SDR 16 TDI (FFFF) TDO (BFFF);
SDR 16 TDI (FFFF) TDO (FFDF);
SDR 16 TDI (FFFF) TDO (7FFF);
SDR 16 TDI (FFFF) TDO (FFFF);
SDR 16 TDI (FFFF) TDO (BFFF);
SDR 16 TDI (FFFF) TDO (FFFF);
SDR 16 TDI (FFFF) TDO (7FFF);
SDR 16 TDI (FFFF) TDO (FFFF);
SDR 16 TDI (FFFF) TDO (BF5F);
SDR 16 TDI (FFFF) TDO (7FFF);
SDR 16 TDI (FFFF) TDO (6FFB);
SDR 16 TDI (FFFF) TDO (7FFF);
SDR 16 TDI (FFFF) TDO (AFFF);
SDR 16 TDI (FFFF) TDO (FDFF);
SDR 16 TDI (FFFF) TDO (7FFF);
SDR 16 TDI (FFFF) TDO (FFFF);
SDR 16 TDI (FFFF) TDO (BFFF);
SDR 16 TDI (FFFF) TDO (FFFD);
SDR 16 TDI (FFFF) TDO (7FFF);
SDR 16 TDI (FFFF) TDO (FFFF);
SDR 16 TDI (FFFF) TDO (A55F);
SDR 16 TDI (FFFF) TDO (FFFF);
SDR 16 TDI (FFFF) TDO (7FFF);
SDR 16 TDI (FFFF) TDO (FFFF);
SDR 16 TDI (FFFF) TDO (ADFD);
SDR 16 TDI (FFFF) TDO (EFBF);
SDR 16 TDI (FFFF) TDO (7FFF);
SDR 16 TDI (FFFF) TDO (FBBB);
SDR 16 TDI (FFFF) TDO (BEFF);
SDR 16 TDI (FFFF) TDO (FEF6);
SDR 16 TDI (FFFF) TDO (7FFF);
SDR 16 TDI (FFFF) TDO (FFFF);
SDR 16 TDI (FFFF) TDO (BFFF);
SDR 16 TDI (FFFF) TDO (FFED);
SDR 16 TDI (FFFF) TDO (7BFF);
SDR 16 TDI (FFFF) TDO (FFFF);
SDR 16 TDI (FFFF) TDO (AFFF);
SDR 16 TDI (FFFF) TDO (FFFF);
SDR 16 TDI (FFFF) TDO (7FFF);
SDR 16 TDI (FFFF) TDO (FFFF);
SDR 16 TDI (FFFF) TDO (BFFF);
SDR 16 TDI (FFFF) TDO (FFFF);
SDR 16 TDI (FFFF) TDO (7FFD);
SDR 16 TDI (FFFF) TDO (FFFF);
SDR 16 TDI (FFFF) TDO (AFFF);
SDR 16 TDI (FFFF) TDO (FFFF);
SDR 16 TDI (FFFF) TDO (7FFF);
SDR 16 TDI (FFFF) TDO (FFFF);
SDR 16 TDI (FFFF) TDO (BFFF);
SDR 16 TDI (FFFF) TDO (FFFF);
SDR 16 TDI (FFFF) TDO (6FFF);
SDR 16 TDI (FFFF) TDO (FFFF);
SDR 16 TDI (FFFF) TDO (A55F);
SDR 16 TDI (FFFF) TDO (FFFF);
SDR 16 TDI (FFFF) TDO (7FFF);
SDR 16 TDI (FFFF) TDO (FFFF);
SDR 16 TDI (FFFF) TDO (BFDF);
SDR 16 TDI (FFFF) TDO (DFF7);
SDR 16 TDI (FFFF) TDO (6FFF);
SDR 16 TDI (FFFF) TDO (FD5D);
SDR 16 TDI (FFFF) TDO (BBBF);
SDR 16 TDI (FFFF) TDO (DDDD);
SDR 16 TDI (FFFF) TDO (7BFF);
SDR 16 TDI (FFFF) TDO (FFFF);
SDR 16 TDI (FFFF) TDO (BFFF);
SDR 16 TDI (FFFF) TDO (FFED);
SDR 16 TDI (FFFF) TDO (7BFF);
SDR 16 TDI (FFFF) TDO (FFFF);
SDR 16 TDI (FFFF) TDO (AAAF);
SDR 16 TDI (FFFF) TDO (FFFF);
SDR 16 TDI (FFFF) TDO (7FFF);
SDR 16 TDI (FFFF) TDO (FFFF);
SDR 16 TDI (FFFF) TDO (ADFE);
SDR 16 TDI (FFFF) TDO (FFFB);
SDR 16 TDI (FFFF) TDO (7DFB);
SDR 16 TDI (FFFF) TDO (FFFB);
SDR 16 TDI (FFFF) TDO (AFBF);
SDR 16 TDI (FFFF) TDO (DDDB);
SDR 16 TDI (FFFF) TDO (7BFF);
SDR 16 TDI (FFFF) TDO (FFFF);
SDR 16 TDI (FFFF) TDO (BFFF);
SDR 16 TDI (FFFF) TDO (FFFB);
SDR 16 TDI (FFFF) TDO (67FF);
SDR 16 TDI (FFFF) TDO (FFFF);
SDR 16 TDI (FFFF) TDO (BFFF);
SDR 16 TDI (FFFF) TDO (FFFF);
SDR 16 TDI (FFFF) TDO (7FFF);
SDR 16 TDI (FFFF) TDO (FFFF);
SDR 16 TDI (FFFF) TDO (BFFF);
SDR 16 TDI (FFFF) TDO (FFFE);
SDR 16 TDI (FFFF) TDO (7FFF);
SDR 16 TDI (FFFF) TDO (B5DD);
SDR 16 TDI (FFFF) TDO (BAFF);
SDR 16 TDI (FFFF) TDO (F777);
SDR 16 TDI (FFFF) TDO (6EFF);
SDR 16 TDI (FFFF) TDO (FFFF);
SDR 16 TDI (FFFF) TDO (BFFF);
SDR 16 TDI (FFFF) TDO (FFFF);
SDR 16 TDI (FFFF) TDO (7FFF);
SDR 16 TDI (FFFF) TDO (FFFF);
SDR 16 TDI (FFFF) TDO (BFFF);
SDR 16 TDI (FFFF) TDO (FFFF);
SDR 16 TDI (FFFF) TDO (7FFF);
SDR 16 TDI (FFFF) TDO (FFFF);
SDR 16 TDI (FFFF) TDO (BFDF);
SDR 16 TDI (FFFF) TDO (FFFE);
SDR 16 TDI (FFFF) TDO (753F);
SDR 16 TDI (FFFF) TDO (BFFF);
SDR 16 TDI (FFFF) TDO (BFFF);
SDR 16 TDI (FFFF) TDO (F7FF);
SDR 16 TDI (FFFF) TDO (7EFF);
SDR 16 TDI (FFFF) TDO (FFFF);
SDR 16 TDI (FFFF) TDO (BFFF);
SDR 16 TDI (FFFF) TDO (FFFF);
SDR 16 TDI (FFFF) TDO (7FFF);
SDR 16 TDI (FFFF) TDO (FFFF);
SDR 16 TDI (FFFF) TDO (BFFF);
SDR 16 TDI (FFFF) TDO (FFFF);
SDR 16 TDI (FFFF) TDO (7FFF);
SDR 16 TDI (FFFF) TDO (FFFE);
SDR 16 TDI (FFFF) TDO (AFDF);
SDR 16 TDI (FFFF) TDO (EFFF);
SDR 16 TDI (FFFF) TDO (6EFF);
SDR 16 TDI (FFFF) TDO (99FD);
SDR 16 TDI (FFFF) TDO (BABF);
SDR 16 TDI (FFFF) TDO (D5D9);
SDR 16 TDI (FFFF) TDO (7BFF);
SDR 16 TDI (FFFF) TDO (FFFF);
SDR 16 TDI (FFFF) TDO (BFFF);
SDR 16 TDI (FFFF) TDO (FFFF);
SDR 16 TDI (FFFF) TDO (7FFF);
SDR 16 TDI (FFFF) TDO (FFFF);
SDR 16 TDI (FFFF) TDO (BAAF);
SDR 16 TDI (FFFF) TDO (FFFF);
SDR 16 TDI (FFFF) TDO (7FFF);
SDR 16 TDI (FFFF) TDO (FFFF);
SDR 16 TDI (FFFF) TDO (BCFF);
SDR 16 TDI (FFFF) TDO (DFFE);
SDR 16 TDI (FFFF) TDO (7DFB);
SDR 16 TDI (FFFF) TDO (F662);
SDR 16 TDI (FFFF) TDO (BD7F);
SDR 16 TDI (FFFF) TDO (EEE6);
SDR 16 TDI (FFFF) TDO (6DFF);
SDR 16 TDI (FFFF) TDO (FFFF);
SDR 16 TDI (FFFF) TDO (BFFF);
SDR 16 TDI (FFFF) TDO (FFEE);
SDR 16 TDI (FFFF) TDO (7FFF);
SDR 16 TDI (FFFF) TDO (FFFF);
SDR 16 TDI (FFFF) TDO (BFFF);
SDR 16 TDI (FFFF) TDO (FFFF);
SDR 16 TDI (FFFF) TDO (7FFF);
SDR 16 TDI (FFFF) TDO (FFFF);
SDR 16 TDI (FFFF) TDO (BFEC);
SDR 16 TDI (FFFF) TDO (FF71);
SDR 16 TDI (FFFF) TDO (73DD);
SDR 16 TDI (FFFF) TDO (FF9F);
SDR 16 TDI (FFFF) TDO (A7DF);
SDR 16 TDI (FFFF) TDO (BB3F);
SDR 16 TDI (FFFF) TDO (76FF);
SDR 16 TDI (FFFF) TDO (FFFF);
SDR 16 TDI (FFFF) TDO (BFFF);
SDR 16 TDI (FFFF) TDO (FFFF);
SDR 16 TDI (FFFF) TDO (7FFF);
SDR 16 TDI (FFFF) TDO (FFFF);
SDR 16 TDI (FFFF) TDO (A55F);
SDR 16 TDI (FFFF) TDO (FFFF);
SDR 16 TDI (FFFF) TDO (7FDF);
SDR 16 TDI (FFFF) TDO (FFFF);
SDR 16 TDI (FFFF) TDO (BBBB);
SDR 16 TDI (FFFF) TDO (B7E0);
SDR 16 TDI (FFFF) TDO (601F);
SDR 16 TDI (FFFF) TDO (FA8A);
SDR 16 TDI (FFFF) TDO (BFFF);
SDR 16 TDI (FFFF) TDO (7FF9);
SDR 16 TDI (FFFF) TDO (7FFF);
SDR 16 TDI (FFFF) TDO (FFFF);
SDR 16 TDI (FFFF) TDO (B7FF);
SDR 16 TDI (FFFF) TDO (FFF5);
SDR 16 TDI (FFFF) TDO (6BFF);
SDR 16 TDI (FFFF) TDO (FFFF);
SDR 16 TDI (FFFF) TDO (AFFF);
SDR 16 TDI (FFFF) TDO (FFFF);
SDR 16 TDI (FFFF) TDO (7FBF);
SDR 16 TDI (FFFF) TDO (FFFF);
SDR 16 TDI (FFFF) TDO (BFFF);
SDR 16 TDI (FFFF) TDO (F3F0);
SDR 16 TDI (FFFF) TDO (6077);
SDR 16 TDI (FFFF) TDO (7A0A);
SDR 16 TDI (FFFF) TDO (A01E);
SDR 16 TDI (FFFF) TDO (8001);
SDR 16 TDI (FFFF) TDO (70FF);
SDR 16 TDI (FFFF) TDO (FFFF);
SDR 16 TDI (FFFF) TDO (AFFF);
SDR 16 TDI (FFFF) TDO (FFFF);
SDR 16 TDI (FFFF) TDO (7FFF);
SDR 16 TDI (FFFF) TDO (FFFF);
SDR 16 TDI (FFFF) TDO (B55F);
SDR 16 TDI (FFFF) TDO (FFFF);
SDR 16 TDI (FFFF) TDO (7FFF);
SDR 16 TDI (FFFF) TDO (FFFF);
SDR 16 TDI (FFFF) TDO (B733);
SDR 16 TDI (FFFF) TDO (3FF1);
SDR 16 TDI (FFFF) TDO (626E);
SDR 16 TDI (FFFF) TDO (F1FD);
SDR 16 TDI (FFFF) TDO (BFFF);
SDR 16 TDI (FFFF) TDO (F7F1);
SDR 16 TDI (FFFF) TDO (6EFF);
SDR 16 TDI (FFFF) TDO (FFFF);
SDR 16 TDI (FFFF) TDO (BFFF);
SDR 16 TDI (FFFF) TDO (FFF5);
SDR 16 TDI (FFFF) TDO (67FF);
SDR 16 TDI (FFFF) TDO (FFFF);
SDR 16 TDI (FFFF) TDO (BFFF);
SDR 16 TDI (FFFF) TDO (FFFF);
SDR 16 TDI (FFFF) TDO (7FFF);
SDR 16 TDI (FFFF) TDO (FFFF);
SDR 16 TDI (FFFF) TDO (BF77);
SDR 16 TDI (FFFF) TDO (7BF9);
SDR 16 TDI (FFFF) TDO (67E6);
SDR 16 TDI (FFFF) TDO (79F9);
SDR 16 TDI (FFFF) TDO (B11F);
SDR 16 TDI (FFFF) TDO (8081);
SDR 16 TDI (FFFF) TDO (70FF);
SDR 16 TDI (FFFF) TDO (FFFF);
SDR 16 TDI (FFFF) TDO (BFFF);
SDR 16 TDI (FFFF) TDO (FFFF);
SDR 16 TDI (FFFF) TDO (7BFF);
SDR 16 TDI (FFFF) TDO (FFFF);
SDR 16 TDI (FFFF) TDO (BFFF);
SDR 16 TDI (FFFF) TDO (3333);
SDR 16 TDI (FFFF) TDO (63E6);
SDR 16 TDI (FFFF) TDO (6667);
SDR 16 TDI (FFFF) TDO (B333);
SDR 16 TDI (FFFF) TDO (31F7);
SDR 16 TDI (FFFF) TDO (6E26);
SDR 16 TDI (FFFF) TDO (7CC8);
SDR 16 TDI (FFFF) TDO (B98F);
SDR 16 TDI (FFFF) TDO (9999);
SDR 16 TDI (FFFF) TDO (73CC);
SDR 16 TDI (FFFF) TDO (CCC7);
SDR 16 TDI (FFFF) TDO (B999);
SDR 16 TDI (FFFF) TDO (99FA);
SDR 16 TDI (FFFF) TDO (7FFF);
SDR 16 TDI (FFFF) TDO (FFFF);
SDR 16 TDI (FFFF) TDO (BFFF);
SDR 16 TDI (FFFF) TDO (7777);
SDR 16 TDI (FFFF) TDO (6957);
SDR 16 TDI (FFFF) TDO (7777);
SDR 16 TDI (FFFF) TDO (B555);
SDR 16 TDI (FFFF) TDO (54A3);
SDR 16 TDI (FFFF) TDO (6755);
SDR 16 TDI (FFFF) TDO (599D);
SDR 16 TDI (FFFF) TDO (B325);
SDR 16 TDI (FFFF) TDO (4CCC);
SDR 16 TDI (FFFF) TDO (79DD);
SDR 16 TDI (FFFF) TDO (DDD2);
SDR 16 TDI (FFFF) TDO (B5DD);
SDR 16 TDI (FFFF) TDO (DDFF);
SDR 16 TDI (FFFF) TDO (7FFF);
SDR 16 TDI (FFFF) TDO (FFFF);
SDR 16 TDI (FFFF) TDO (BFFF);
SDR 16 TDI (FFFF) TDO (FFFF);
SDR 16 TDI (FFFF) TDO (7FDF);
SDR 16 TDI (FFFF) TDO (FFFF);
SDR 16 TDI (FFFF) TDO (BFFF);
SDR 16 TDI (FFFF) TDO (FFEF);
SDR 16 TDI (FFFF) TDO (7EFF);
SDR 16 TDI (FFFF) TDO (FFFF);
SDR 16 TDI (FFFF) TDO (BFFF);
SDR 16 TDI (FFFF) TDO (7FFF);
SDR 16 TDI (FFFF) TDO (7FFF);
SDR 16 TDI (FFFF) TDO (FFFF);
SDR 16 TDI (FFFF) TDO (B7FF);
SDR 16 TDI (FFFF) TDO (FFFF);
SDR 16 TDI (FFFF) TDO (7BFF);
SDR 16 TDI (FFFF) TDO (FFFF);
SDR 16 TDI (FFFF) TDO (BFFF);
SDR 16 TDI (FFFF) TDO (FFFF);
SDR 16 TDI (FFFF) TDO (7FFF);
SDR 16 TDI (FFFF) TDO (FFBD);
SDR 16 TDI (FFFF) TDO (BEBF);
SDR 16 TDI (FFFF) TDO (FBFF);
SDR 16 TDI (FFFF) TDO (7F7F);
SDR 16 TDI (FFFF) TDO (FFFD);
SDR 16 TDI (FFFF) TDO (BBDF);
SDR 16 TDI (FFFF) TDO (BFDF);
SDR 16 TDI (FFFF) TDO (7FFF);
SDR 16 TDI (FFFF) TDO (FFFF);
SDR 16 TDI (FFFF) TDO (BFFF);
SDR 16 TDI (FFFF) TDO (FFFF);
SDR 16 TDI (FFFF) TDO (7FFF);
SDR 16 TDI (FFFF) TDO (FFFF);
SDR 16 TDI (FFFF) TDO (BFFF);
SDR 16 TDI (FFFF) TDO (EFFE);
SDR 16 TDI (FFFF) TDO (7FFF);
SDR 16 TDI (FFFF) TDO (FFFF);
SDR 16 TDI (FFFF) TDO (BFFB);
SDR 16 TDI (FFFF) TDO (AFF7);
SDR 16 TDI (FFFF) TDO (6FAF);
SDR 16 TDI (FFFF) TDO (7EEF);
SDR 16 TDI (FFFF) TDO (BEFF);
SDR 16 TDI (FFFF) TDO (F3FD);
SDR 16 TDI (FFFF) TDO (77FF);
SDR 16 TDI (FFFF) TDO (FFFF);
SDR 16 TDI (FFFF) TDO (BFFF);
SDR 16 TDI (FFFF) TDO (FFFF);
SDR 16 TDI (FFFF) TDO (7FFF);
SDR 16 TDI (FFFF) TDO (FFFF);
SDR 16 TDI (FFFF) TDO (AFFF);
SDR 16 TDI (FFFF) TDO (FFFF);
SDR 16 TDI (FFFF) TDO (7FFF);
SDR 16 TDI (FFFF) TDO (FFFF);
SDR 16 TDI (FFFF) TDO (BDBF);
SDR 16 TDI (FFFF) TDO (FBFF);
SDR 16 TDI (FFFF) TDO (7F7F);
SDR 16 TDI (FFFF) TDO (7FFD);
SDR 16 TDI (FFFF) TDO (BEBF);
SDR 16 TDI (FFFF) TDO (FFDD);
SDR 16 TDI (FFFF) TDO (7FFF);
SDR 16 TDI (FFFF) TDO (FFFF);
SDR 16 TDI (FFFF) TDO (BFFF);
SDR 16 TDI (FFFF) TDO (FFFF);
SDR 16 TDI (FFFF) TDO (7DFF);
SDR 16 TDI (FFFF) TDO (FFFF);
SDR 16 TDI (FFFF) TDO (AFFF);
SDR 16 TDI (FFFF) TDO (FFFF);
SDR 16 TDI (FFFF) TDO (7FFF);
SDR 16 TDI (FFFF) TDO (FFDD);
SDR 16 TDI (FFFF) TDO (BFFF);
SDR 16 TDI (FFFF) TDO (FFFF);
SDR 16 TDI (FFFF) TDO (7FFF);
SDR 16 TDI (FFFF) TDO (FFFF);
SDR 16 TDI (FFFF) TDO (BBFF);
SDR 16 TDI (FFFF) TDO (CFFF);
SDR 16 TDI (FFFF) TDO (7FFF);
SDR 16 TDI (FFFF) TDO (FFFF);
SDR 16 TDI (FFFF) TDO (BFFF);
SDR 16 TDI (FFFF) TDO (FFFB);
SDR 16 TDI (FFFF) TDO (75FF);
SDR 16 TDI (FFFF) TDO (FFFF);
SDR 16 TDI (FFFF) TDO (BFFF);
SDR 16 TDI (FFFF) TDO (FFD7);
SDR 16 TDI (FFFF) TDO (7FEF);
SDR 16 TDI (FFFF) TDO (FFFD);
SDR 16 TDI (FFFF) TDO (BFFF);
SDR 16 TDI (FFFF) TDO (FBFF);
SDR 16 TDI (FFFF) TDO (7FFF);
SDR 16 TDI (FFFF) TDO (FFFF);
SDR 16 TDI (FFFF) TDO (BFFF);
SDR 16 TDI (FFFF) TDO (FFFF);
SDR 16 TDI (FFFF) TDO (7FFD);
SDR 16 TDI (FFFF) TDO (FF7F);
SDR 16 TDI (FFFF) TDO (BFFF);
SDR 16 TDI (FFFF) TDO (FBFF);
SDR 16 TDI (FFFF) TDO (7FFF);
SDR 16 TDI (FFFF) TDO (FFFF);
SDR 16 TDI (FFFF) TDO (BFFF);
SDR 16 TDI (FFFF) TDO (BFFF);
SDR 16 TDI (FFFF) TDO (7FFB);
SDR 16 TDI (FFFF) TDO (F7FF);
SDR 16 TDI (FFFF) TDO (B7FE);
SDR 16 TDI (FFFF) TDO (BFFF);
SDR 16 TDI (FFFF) TDO (7F7D);
SDR 16 TDI (FFFF) TDO (FBFF);
SDR 16 TDI (FFFF) TDO (ABFF);
SDR 16 TDI (FFFF) TDO (FFFF);
SDR 16 TDI (FFFF) TDO (7FFF);
SDR 16 TDI (FFFF) TDO (FFFF);
SDR 16 TDI (FFFF) TDO (BFFF);
SDR 16 TDI (FFFF) TDO (BFFF);
SDR 16 TDI (FFFF) TDO (7FFF);
SDR 16 TDI (FFFF) TDO (FFFF);
SDR 16 TDI (FFFF) TDO (BFFF);
SDR 16 TDI (FFFF) TDO (FEF7);
SDR 16 TDI (FFFF) TDO (7FFF);
SDR 16 TDI (FFFF) TDO (FFBF);
SDR 16 TDI (FFFF) TDO (A6FF);
SDR 16 TDI (FFFF) TDO (FFFD);
SDR 16 TDI (FFFF) TDO (7FFD);
SDR 16 TDI (FFFF) TDO (EFFF);
SDR 16 TDI (FFFF) TDO (BFFF);
SDR 16 TDI (FFFF) TDO (FFEF);
SDR 16 TDI (FFFF) TDO (7DFD);
SDR 16 TDI (FFFF) TDO (FFFF);
SDR 16 TDI (FFFF) TDO (BFFF);
SDR 16 TDI (FFFF) TDO (FFFF);
SDR 16 TDI (FFFF) TDO (7FFF);
SDR 16 TDI (FFFF) TDO (FFFF);
SDR 16 TDI (FFFF) TDO (BFFF);
SDR 16 TDI (FFFF) TDO (7FEF);
SDR 16 TDI (FFFF) TDO (7FF5);
SDR 16 TDI (FFFF) TDO (EFFB);
SDR 16 TDI (FFFF) TDO (BFFD);
SDR 16 TDI (FFFF) TDO (7BFF);
SDR 16 TDI (FFFF) TDO (7EFF);
SDR 16 TDI (FFFF) TDO (FBFF);
SDR 16 TDI (FFFF) TDO (B5FF);
SDR 16 TDI (FFFF) TDO (FFFF);
SDR 16 TDI (FFFF) TDO (7FFF);
SDR 16 TDI (FFFF) TDO (FFBF);
SDR 16 TDI (FFFF) TDO (BFFF);
SDR 16 TDI (FFFF) TDO (DDFF);
SDR 16 TDI (FFFF) TDO (7FFF);
SDR 16 TDI (FFFF) TDO (FFFF);
SDR 16 TDI (FFFF) TDO (BFFF);
SDR 16 TDI (FFFF) TDO (F7FF);
SDR 16 TDI (FFFF) TDO (7FFF);
SDR 16 TDI (FFFF) TDO (FFFE);
SDR 16 TDI (FFFF) TDO (BAFF);
SDR 16 TDI (FFFF) TDO (BFFF);
SDR 16 TDI (FFFF) TDO (7FDF);
SDR 16 TDI (FFFF) TDO (7FFF);
SDR 16 TDI (FFFF) TDO (B7FF);
SDR 16 TDI (FFFF) TDO (FD7F);
SDR 16 TDI (FFFF) TDO (7FFF);
SDR 16 TDI (FFFF) TDO (FFFF);
SDR 16 TDI (FFFF) TDO (BFFF);
SDR 16 TDI (FFFF) TDO (FFFF);
SDR 16 TDI (FFFF) TDO (6FFF);
SDR 16 TDI (FFFF) TDO (FFFF);
SDR 16 TDI (FFFF) TDO (BFFF);
SDR 16 TDI (FFFF) TDO (FFFF);
SDR 16 TDI (FFFF) TDO (7FF7);
SDR 16 TDI (FFFF) TDO (FFFF);
SDR 16 TDI (FFFF) TDO (BF5F);
SDR 16 TDI (FFFF) TDO (FFFB);
SDR 16 TDI (FFFF) TDO (7FFF);
SDR 16 TDI (FFFF) TDO (E7FF);
SDR 16 TDI (FFFF) TDO (BFFF);
SDR 16 TDI (FFFF) TDO (DFFF);
SDR 16 TDI (FFFF) TDO (7AFF);
SDR 16 TDI (FFFF) TDO (FFDF);
SDR 16 TDI (FFFF) TDO (BFFF);
SDR 16 TDI (FFFF) TDO (FFFF);
SDR 16 TDI (FFFF) TDO (7FFF);
SDR 16 TDI (FFFF) TDO (FFFF);
SDR 16 TDI (FFFF) TDO (BFFF);
SDR 16 TDI (FFFF) TDO (FFFF);
SDR 16 TDI (FFFF) TDO (7FFF);
SDR 16 TDI (FFFF) TDO (BBFE);
SDR 16 TDI (FFFF) TDO (BFFF);
SDR 16 TDI (FFFF) TDO (7FFB);
SDR 16 TDI (FFFF) TDO (7EFF);
SDR 16 TDI (FFFF) TDO (F7BF);
SDR 16 TDI (FFFF) TDO (BFFF);
SDR 16 TDI (FFFF) TDO (FFFF);
SDR 16 TDI (FFFF) TDO (7EFF);
SDR 16 TDI (FFFF) TDO (FFFF);
SDR 16 TDI (FFFF) TDO (BFFF);
SDR 16 TDI (FFFF) TDO (FFFF);
SDR 16 TDI (FFFF) TDO (6FFF);
SDR 16 TDI (FFFF) TDO (FFFF);
SDR 16 TDI (FFFF) TDO (BFFF);
SDR 16 TDI (FFFF) TDO (FBFF);
SDR 16 TDI (FFFF) TDO (7FFF);
SDR 16 TDI (FFFF) TDO (FFFF);
SDR 16 TDI (FFFF) TDO (BAAF);
SDR 16 TDI (FFFF) TDO (FFFF);
SDR 16 TDI (FFFF) TDO (7FBE);
SDR 16 TDI (FFFF) TDO (FFFF);
SDR 16 TDI (FFFF) TDO (AFFF);
SDR 16 TDI (FFFF) TDO (FD7F);
SDR 16 TDI (FFFF) TDO (77FF);
SDR 16 TDI (FFFF) TDO (FFFF);
SDR 16 TDI (FFFF) TDO (BFFF);
SDR 16 TDI (FFFF) TDO (FFFF);
SDR 16 TDI (FFFF) TDO (7FFF);
SDR 16 TDI (FFFF) TDO (FFFF);
SDR 16 TDI (FFFF) TDO (A55F);
SDR 16 TDI (FFFF) TDO (FFFF);
SDR 16 TDI (FFFF) TDO (7FBF);
SDR 16 TDI (FFFF) TDO (FFFF);
SDR 16 TDI (FFFF) TDO (BFEF);
SDR 16 TDI (FFFF) TDO (DFFE);
SDR 16 TDI (FFFF) TDO (7DFF);
SDR 16 TDI (FFFF) TDO (FFFF);
SDR 16 TDI (FFFF) TDO (BFFF);
SDR 16 TDI (FFFF) TDO (FFFB);
SDR 16 TDI (FFFF) TDO (7FFF);
SDR 16 TDI (FFFF) TDO (DFFF);
SDR 16 TDI (FFFF) TDO (BFFF);
SDR 16 TDI (FFFF) TDO (FFF5);
SDR 16 TDI (FFFF) TDO (79FF);
SDR 16 TDI (FFFF) TDO (FFFF);
SDR 16 TDI (FFFF) TDO (AFFF);
SDR 16 TDI (FFFF) TDO (FFFE);
SDR 16 TDI (FFFF) TDO (7FEC);
SDR 16 TDI (FFFF) TDO (BDBB);
SDR 16 TDI (FFFF) TDO (BBFF);
SDR 16 TDI (FFFF) TDO (FFBF);
SDR 16 TDI (FFFF) TDO (7FF7);
SDR 16 TDI (FFFF) TDO (FD7F);
SDR 16 TDI (FFFF) TDO (BFFF);
SDR 16 TDI (FFFF) TDO (FDDE);
SDR 16 TDI (FFFF) TDO (77FF);
SDR 16 TDI (FFFF) TDO (FFFF);
SDR 16 TDI (FFFF) TDO (BFFF);
SDR 16 TDI (FFFF) TDO (FFFE);
SDR 16 TDI (FFFF) TDO (7DFF);
SDR 16 TDI (FFFF) TDO (FFFF);
SDR 16 TDI (FFFF) TDO (A55E);
SDR 16 TDI (FFFF) TDO (FFFF);
SDR 16 TDI (FFFF) TDO (7FFF);
SDR 16 TDI (FFFF) TDO (FFFE);
SDR 16 TDI (FFFF) TDO (BFBB);
SDR 16 TDI (FFFF) TDO (BBF7);
SDR 16 TDI (FFFF) TDO (6CFF);
SDR 16 TDI (FFFF) TDO (FBDF);
SDR 16 TDI (FFFF) TDO (BB7F);
SDR 16 TDI (FFFF) TDO (FFFF);
SDR 16 TDI (FFFF) TDO (7DFF);
SDR 16 TDI (FFFF) TDO (FFFF);
SDR 16 TDI (FFFF) TDO (BFFF);
SDR 16 TDI (FFFF) TDO (FFF4);
SDR 16 TDI (FFFF) TDO (75FF);
SDR 16 TDI (FFFF) TDO (FFFF);
SDR 16 TDI (FFFF) TDO (AAAF);
SDR 16 TDI (FFFF) TDO (FFFF);
SDR 16 TDI (FFFF) TDO (7FFF);
SDR 16 TDI (FFFF) TDO (FFFF);
SDR 16 TDI (FFFF) TDO (B777);
SDR 16 TDI (FFFF) TDO (77FD);
SDR 16 TDI (FFFF) TDO (7F7F);
SDR 16 TDI (FFFF) TDO (FFDF);
SDR 16 TDI (FFFF) TDO (BFFF);
SDR 16 TDI (FFFF) TDO (FF7F);
SDR 16 TDI (FFFF) TDO (6FFF);
SDR 16 TDI (FFFF) TDO (FFFF);
SDR 16 TDI (FFFF) TDO (BFFF);
SDR 16 TDI (FFFF) TDO (FFFF);
SDR 16 TDI (FFFF) TDO (75FF);
SDR 16 TDI (FFFF) TDO (FFFF);
SDR 16 TDI (FFFF) TDO (BFFF);
SDR 16 TDI (FFFF) TDO (EEFF);
SDR 16 TDI (FFFF) TDO (7F7D);
SDR 16 TDI (FFFF) TDO (BFFF);
SDR 16 TDI (FFFF) TDO (BFDD);
SDR 16 TDI (FFFF) TDO (DFFB);
SDR 16 TDI (FFFF) TDO (77CD);
SDR 16 TDI (FFFF) TDO (FFBF);
SDR 16 TDI (FFFF) TDO (BFFF);
SDR 16 TDI (FFFF) TDO (FFFD);
SDR 16 TDI (FFFF) TDO (7FFF);
SDR 16 TDI (FFFF) TDO (FFFF);
SDR 16 TDI (FFFF) TDO (BFFF);
SDR 16 TDI (FFFF) TDO (FFFF);
SDR 16 TDI (FFFF) TDO (7FFF);
SDR 16 TDI (FFFF) TDO (FFFF);
SDR 16 TDI (FFFF) TDO (BFFF);
SDR 16 TDI (FFFF) TDO (FFEF);
SDR 16 TDI (FFFF) TDO (7FF6);
SDR 16 TDI (FFFF) TDO (FFFE);
SDR 16 TDI (FFFF) TDO (BFFD);
SDR 16 TDI (FFFF) TDO (FFFF);
SDR 16 TDI (FFFF) TDO (7FBD);
SDR 16 TDI (FFFF) TDO (76FF);
SDR 16 TDI (FFFF) TDO (B53F);
SDR 16 TDI (FFFF) TDO (AADF);
SDR 16 TDI (FFFF) TDO (76FF);
SDR 16 TDI (FFFF) TDO (FFFF);
SDR 16 TDI (FFFF) TDO (BFFF);
SDR 16 TDI (FFFF) TDO (FFFF);
SDR 16 TDI (FFFF) TDO (7FFF);
SDR 16 TDI (FFFF) TDO (FFFF);
SDR 16 TDI (FFFF) TDO (BFFF);
SDR 16 TDI (FFFF) TDO (FFFD);
SDR 16 TDI (FFFF) TDO (7F7B);
SDR 16 TDI (FFFF) TDO (7FFF);
SDR 16 TDI (FFFF) TDO (BFDF);
SDR 16 TDI (FFFF) TDO (FFFF);
SDR 16 TDI (FFFF) TDO (7FDF);
SDR 16 TDI (FFFF) TDO (F7BF);
SDR 16 TDI (FFFF) TDO (BFFF);
SDR 16 TDI (FFFF) TDO (FF9B);
SDR 16 TDI (FFFF) TDO (79FF);
SDR 16 TDI (FFFF) TDO (DFFF);
SDR 16 TDI (FFFF) TDO (BFFF);
SDR 16 TDI (FFFF) TDO (FFFF);
SDR 16 TDI (FFFF) TDO (7FFF);
SDR 16 TDI (FFFF) TDO (FFFF);
SDR 16 TDI (FFFF) TDO (BAAE);
SDR 16 TDI (FFFF) TDO (FEDF);
SDR 16 TDI (FFFF) TDO (7FFC);
SDR 16 TDI (FFFF) TDO (9DFC);
SDR 16 TDI (FFFF) TDO (A764);
SDR 16 TDI (FFFF) TDO (63F3);
SDR 16 TDI (FFFF) TDO (6333);
SDR 16 TDI (FFFF) TDO (FADF);
SDR 16 TDI (FFFF) TDO (BA7F);
SDR 16 TDI (FFFF) TDO (FFFC);
SDR 16 TDI (FFFF) TDO (7FFF);
SDR 16 TDI (FFFF) TDO (FFFF);
SDR 16 TDI (FFFF) TDO (BFFF);
SDR 16 TDI (FFFF) TDO (FFEA);
SDR 16 TDI (FFFF) TDO (77FF);
SDR 16 TDI (FFFF) TDO (FFFF);
SDR 16 TDI (FFFF) TDO (BFFF);
SDR 16 TDI (FFFF) TDO (EFFF);
SDR 16 TDI (FFFF) TDO (7FA7);
SDR 16 TDI (FFFF) TDO (FFDF);
SDR 16 TDI (FFFF) TDO (BBBB);
SDR 16 TDI (FFFF) TDO (9F7C);
SDR 16 TDI (FFFF) TDO (7CEC);
SDR 16 TDI (FFFF) TDO (FD6F);
SDR 16 TDI (FFFF) TDO (ADDF);
SDR 16 TDI (FFFF) TDO (B07F);
SDR 16 TDI (FFFF) TDO (66FF);
SDR 16 TDI (FFFF) TDO (FFFF);
SDR 16 TDI (FFFF) TDO (BFFF);
SDR 16 TDI (FFFF) TDO (FFFF);
SDR 16 TDI (FFFF) TDO (7FFF);
SDR 16 TDI (FFFF) TDO (FFFF);
SDR 16 TDI (FFFF) TDO (A55D);
SDR 16 TDI (FFFF) TDO (69FC);
SDR 16 TDI (FFFF) TDO (67DE);
SDR 16 TDI (FFFF) TDO (1F9E);
SDR 16 TDI (FFFF) TDO (ABEA);
SDR 16 TDI (FFFF) TDO (A3E1);
SDR 16 TDI (FFFF) TDO (62A3);
SDR 16 TDI (FFFF) TDO (9A0F);
SDR 16 TDI (FFFF) TDO (A1DF);
SDR 16 TDI (FFFF) TDO (1EE6);
SDR 16 TDI (FFFF) TDO (6CFF);
SDR 16 TDI (FFFF) TDO (0FFF);
SDR 16 TDI (FFFF) TDO (B7FF);
SDR 16 TDI (FFFF) TDO (FFF5);
SDR 16 TDI (FFFF) TDO (6BFF);
SDR 16 TDI (FFFF) TDO (FFFF);
SDR 16 TDI (FFFF) TDO (AFFD);
SDR 16 TDI (FFFF) TDO (69C3);
SDR 16 TDI (FFFF) TDO (66FE);
SDR 16 TDI (FFFF) TDO (01E0);
SDR 16 TDI (FFFF) TDO (A3C0);
SDR 16 TDI (FFFF) TDO (23F1);
SDR 16 TDI (FFFF) TDO (6203);
SDR 16 TDI (FFFF) TDO (9E2F);
SDR 16 TDI (FFFF) TDO (A19E);
SDR 16 TDI (FFFF) TDO (8164);
SDR 16 TDI (FFFF) TDO (68FF);
SDR 16 TDI (FFFF) TDO (0FFF);
SDR 16 TDI (FFFF) TDO (AFFF);
SDR 16 TDI (FFFF) TDO (FFFF);
SDR 16 TDI (FFFF) TDO (7FFF);
SDR 16 TDI (FFFF) TDO (FFFF);
SDR 16 TDI (FFFF) TDO (B55D);
SDR 16 TDI (FFFF) TDO (9283);
SDR 16 TDI (FFFF) TDO (7FFC);
SDR 16 TDI (FFFF) TDO (2060);
SDR 16 TDI (FFFF) TDO (A322);
SDR 16 TDI (FFFF) TDO (23F1);
SDR 16 TDI (FFFF) TDO (6223);
SDR 16 TDI (FFFF) TDO (900F);
SDR 16 TDI (FFFF) TDO (B9BF);
SDR 16 TDI (FFFF) TDO (9806);
SDR 16 TDI (FFFF) TDO (63FF);
SDR 16 TDI (FFFF) TDO (0FFF);
SDR 16 TDI (FFFF) TDO (BFFF);
SDR 16 TDI (FFFF) TDO (FFF5);
SDR 16 TDI (FFFF) TDO (6BFF);
SDR 16 TDI (FFFF) TDO (FFFF);
SDR 16 TDI (FFFF) TDO (BFFD);
SDR 16 TDI (FFFF) TDO (92B0);
SDR 16 TDI (FFFF) TDO (67FE);
SDR 16 TDI (FFFF) TDO (1F86);
SDR 16 TDI (FFFF) TDO (A300);
SDR 16 TDI (FFFF) TDO (03F0);
SDR 16 TDI (FFFF) TDO (601F);
SDR 16 TDI (FFFF) TDO (90EF);
SDR 16 TDI (FFFF) TDO (A19F);
SDR 16 TDI (FFFF) TDO (8000);
SDR 16 TDI (FFFF) TDO (62FF);
SDR 16 TDI (FFFF) TDO (0FFF);
SDR 16 TDI (FFFF) TDO (BFFF);
SDR 16 TDI (FFFF) TDO (FFBF);
SDR 16 TDI (FFFF) TDO (7FFF);
SDR 16 TDI (FFFF) TDO (FFFF);
SDR 16 TDI (FFFF) TDO (BFFF);
SDR 16 TDI (FFFF) TDO (BBBB);
SDR 16 TDI (FFFF) TDO (73E6);
SDR 16 TDI (FFFF) TDO (6EEE);
SDR 16 TDI (FFFF) TDO (A33B);
SDR 16 TDI (FFFF) TDO (B9F7);
SDR 16 TDI (FFFF) TDO (6EE6);
SDR 16 TDI (FFFF) TDO (7EEC);
SDR 16 TDI (FFFF) TDO (B90F);
SDR 16 TDI (FFFF) TDO (9BA3);
SDR 16 TDI (FFFF) TDO (77CC);
SDR 16 TDI (FFFF) TDO (ECC7);
SDR 16 TDI (FFFF) TDO (B999);
SDR 16 TDI (FFFF) TDO (99FE);
SDR 16 TDI (FFFF) TDO (77FF);
SDR 16 TDI (FFFF) TDO (FFFF);
SDR 16 TDI (FFFF) TDO (BFFF);
SDR 16 TDI (FFFF) TDO (1111);
SDR 16 TDI (FFFF) TDO (6157);
SDR 16 TDI (FFFF) TDO (2445);
SDR 16 TDI (FFFF) TDO (B273);
SDR 16 TDI (FFFF) TDO (32A3);
SDR 16 TDI (FFFF) TDO (6672);
SDR 16 TDI (FFFF) TDO (7CCD);
SDR 16 TDI (FFFF) TDO (BBB5);
SDR 16 TDI (FFFF) TDO (5999);
SDR 16 TDI (FFFF) TDO (73DD);
SDR 16 TDI (FFFF) TDO (CDDA);
SDR 16 TDI (FFFF) TDO (B5DD);
SDR 16 TDI (FFFF) TDO (DDFF);
SDR 16 TDI (FFFF) TDO (7FFF);
SDR 16 TDI (FFFF) TDO (FFFF);
SDR 16 TDI (FFFF) TDO (BFFD);
SDR 16 TDI (FFFF) TDO (DDDD);
SDR 16 TDI (FFFF) TDO (7BCF);
SDR 16 TDI (FFFF) TDO (FDDC);
SDR 16 TDI (FFFF) TDO (BFBF);
SDR 16 TDI (FFFF) TDO (FFEF);
SDR 16 TDI (FFFF) TDO (7FEF);
SDR 16 TDI (FFFF) TDO (FFFF);
SDR 16 TDI (FFFF) TDO (BDDF);
SDR 16 TDI (FFFF) TDO (3FF7);
SDR 16 TDI (FFFF) TDO (7FFF);
SDR 16 TDI (FFFF) TDO (7FFF);
SDR 16 TDI (FFFF) TDO (B7FF);
SDR 16 TDI (FFFF) TDO (FFDF);
SDR 16 TDI (FFFF) TDO (7FFF);
SDR 16 TDI (FFFF) TDO (FFFF);
SDR 16 TDI (FFFF) TDO (BFFF);
SDR 16 TDI (FFFF) TDO (FFFE);
SDR 16 TDI (FFFF) TDO (7FFF);
SDR 16 TDI (FFFF) TDO (FFFF);
SDR 16 TDI (FFFF) TDO (BDBF);
SDR 16 TDI (FFFF) TDO (F7FF);
SDR 16 TDI (FFFF) TDO (7EFF);
SDR 16 TDI (FFFF) TDO (FFFF);
SDR 16 TDI (FFFF) TDO (BFBF);
SDR 16 TDI (FFFF) TDO (FFFF);
SDR 16 TDI (FFFF) TDO (7FFF);
SDR 16 TDI (FFFF) TDO (FFFF);
SDR 16 TDI (FFFF) TDO (BFFF);
SDR 16 TDI (FFFF) TDO (FF7F);
SDR 16 TDI (FFFF) TDO (7FFF);
SDR 16 TDI (FFFF) TDO (FFFF);
SDR 16 TDI (FFFF) TDO (BFFF);
SDR 16 TDI (FFFF) TDO (F6DF);
SDR 16 TDI (FFFF) TDO (7FFF);
SDR 16 TDI (FFFF) TDO (FFFF);
SDR 16 TDI (FFFF) TDO (BFFF);
SDR 16 TDI (FFFF) TDO (FFFF);
SDR 16 TDI (FFFF) TDO (7FDF);
SDR 16 TDI (FFFF) TDO (FFDF);
SDR 16 TDI (FFFF) TDO (BFFF);
SDR 16 TDI (FFFF) TDO (FFD7);
SDR 16 TDI (FFFF) TDO (7FDF);
SDR 16 TDI (FFFF) TDO (BFBF);
SDR 16 TDI (FFFF) TDO (BEEF);
SDR 16 TDI (FFFF) TDO (FFD7);
SDR 16 TDI (FFFF) TDO (7FFF);
SDR 16 TDI (FFFF) TDO (FFFF);
SDR 16 TDI (FFFF) TDO (AFFF);
SDR 16 TDI (FFFF) TDO (FFDD);
SDR 16 TDI (FFFF) TDO (7FFF);
SDR 16 TDI (FFFF) TDO (FFFF);
SDR 16 TDI (FFFF) TDO (BEFF);
SDR 16 TDI (FFFF) TDO (F7FF);
SDR 16 TDI (FFFF) TDO (7FFF);
SDR 16 TDI (FFFF) TDO (FFEF);
SDR 16 TDI (FFFF) TDO (BFFF);
SDR 16 TDI (FFFF) TDO (FFF7);
SDR 16 TDI (FFFF) TDO (7FEF);
SDR 16 TDI (FFFF) TDO (FFFF);
SDR 16 TDI (FFFF) TDO (BFFF);
SDR 16 TDI (FFFF) TDO (FEFF);
SDR 16 TDI (FFFF) TDO (7FFF);
SDR 16 TDI (FFFF) TDO (FFFF);
SDR 16 TDI (FFFF) TDO (AFFF);
SDR 16 TDI (FFFF) TDO (F7FF);
SDR 16 TDI (FFFF) TDO (7FFF);
SDR 16 TDI (FFFF) TDO (FFFF);
SDR 16 TDI (FFFF) TDO (BFBF);
SDR 16 TDI (FFFF) TDO (FFFF);
SDR 16 TDI (FFFF) TDO (7F3F);
SDR 16 TDI (FFFF) TDO (FFFF);
SDR 16 TDI (FFFF) TDO (BFDF);
SDR 16 TDI (FFFF) TDO (FFDF);
SDR 16 TDI (FFFF) TDO (7FFF);
SDR 16 TDI (FFFF) TDO (FFFF);
SDR 16 TDI (FFFF) TDO (BFFF);
SDR 16 TDI (FFFF) TDO (FFFF);
SDR 16 TDI (FFFF) TDO (7FFF);
SDR 16 TDI (FFFF) TDO (FFFF);
SDR 16 TDI (FFFF) TDO (BFFF);
SDR 16 TDI (FFFF) TDO (FDFF);
SDR 16 TDI (FFFF) TDO (7FFF);
SDR 16 TDI (FFFF) TDO (FF7F);
SDR 16 TDI (FFFF) TDO (BDFF);
SDR 16 TDI (FFFF) TDO (FFFF);
SDR 16 TDI (FFFF) TDO (7FFF);
SDR 16 TDI (FFFF) TDO (FFFF);
SDR 16 TDI (FFFF) TDO (BFFF);
SDR 16 TDI (FFFF) TDO (FFFF);
SDR 16 TDI (FFFF) TDO (6FFF);
SDR 16 TDI (FFFF) TDO (FEFF);
SDR 16 TDI (FFFF) TDO (BFDF);
SDR 16 TDI (FFFF) TDO (FFFF);
SDR 16 TDI (FFFF) TDO (7FFF);
SDR 16 TDI (FFFF) TDO (FFFF);
SDR 16 TDI (FFFF) TDO (BFFF);
SDR 16 TDI (FFFF) TDO (FFFB);
SDR 16 TDI (FFFF) TDO (7FFF);
SDR 16 TDI (FFFF) TDO (FFFF);
SDR 16 TDI (FFFF) TDO (BFFF);
SDR 16 TDI (FFFF) TDO (FFFF);
SDR 16 TDI (FFFF) TDO (7FF7);
SDR 16 TDI (FFFF) TDO (FFFF);
SDR 16 TDI (FFFF) TDO (BFFF);
SDR 16 TDI (FFFF) TDO (FFFF);
SDR 16 TDI (FFFF) TDO (7FFF);
SDR 16 TDI (FFFF) TDO (FFFF);
SDR 16 TDI (FFFF) TDO (BFFE);
SDR 16 TDI (FFFF) TDO (FFFF);
SDR 16 TDI (FFFF) TDO (7FFF);
SDR 16 TDI (FFFF) TDO (FFFF);
SDR 16 TDI (FFFF) TDO (BFFF);
SDR 16 TDI (FFFF) TDO (BDFF);
SDR 16 TDI (FFFF) TDO (7FFF);
SDR 16 TDI (FFFF) TDO (FF7F);
SDR 16 TDI (FFFF) TDO (BFFF);
SDR 16 TDI (FFFF) TDO (FFFF);
SDR 16 TDI (FFFF) TDO (7FF7);
SDR 16 TDI (FFFF) TDO (EFFF);
SDR 16 TDI (FFFF) TDO (BFFF);
SDR 16 TDI (FFFF) TDO (FFBF);
SDR 16 TDI (FFFF) TDO (7FFF);
SDR 16 TDI (FFFF) TDO (FFFF);
SDR 16 TDI (FFFF) TDO (BFEF);
SDR 16 TDI (FFFF) TDO (7FFF);
SDR 16 TDI (FFFF) TDO (7FFF);
SDR 16 TDI (FFFF) TDO (FFFF);
SDR 16 TDI (FFFF) TDO (BFFF);
SDR 16 TDI (FFFF) TDO (FFFB);
SDR 16 TDI (FFFF) TDO (7FFF);
SDR 16 TDI (FFFF) TDO (FFFF);
SDR 16 TDI (FFFF) TDO (BDFF);
SDR 16 TDI (FFFF) TDO (FFFF);
SDR 16 TDI (FFFF) TDO (7FFF);
SDR 16 TDI (FFFF) TDO (FFFF);
SDR 16 TDI (FFFF) TDO (BFFF);
SDR 16 TDI (FFFF) TDO (FFFE);
SDR 16 TDI (FFFF) TDO (7FFF);
SDR 16 TDI (FFFF) TDO (FEFF);
SDR 16 TDI (FFFF) TDO (BFDF);
SDR 16 TDI (FFFF) TDO (FFFF);
SDR 16 TDI (FFFF) TDO (7FFF);
SDR 16 TDI (FFFF) TDO (FFFF);
SDR 16 TDI (FFFF) TDO (BFFF);
SDR 16 TDI (FFFF) TDO (FFFF);
SDR 16 TDI (FFFF) TDO (7FFF);
SDR 16 TDI (FFFF) TDO (FEFF);
SDR 16 TDI (FFFF) TDO (BFFB);
SDR 16 TDI (FFFF) TDO (FFFF);
SDR 16 TDI (FFFF) TDO (7FFF);
SDR 16 TDI (FFFF) TDO (FFFF);
SDR 16 TDI (FFFF) TDO (BFFF);
SDR 16 TDI (FFFF) TDO (FFFF);
SDR 16 TDI (FFFF) TDO (7F7F);
SDR 16 TDI (FFFF) TDO (FFFF);
SDR 16 TDI (FFFF) TDO (BFFF);
SDR 16 TDI (FFFF) TDO (EFFF);
SDR 16 TDI (FFFF) TDO (7FFF);
SDR 16 TDI (FFFF) TDO (FFFF);
SDR 16 TDI (FFFF) TDO (BFFF);
SDR 16 TDI (FFFF) TDO (FFFF);
SDR 16 TDI (FFFF) TDO (7FF7);
SDR 16 TDI (FFFF) TDO (FFFF);
SDR 16 TDI (FFFF) TDO (BFFF);
SDR 16 TDI (FFFF) TDO (FFFB);
SDR 16 TDI (FFFF) TDO (7BFD);
SDR 16 TDI (FFFF) TDO (EFFF);
SDR 16 TDI (FFFF) TDO (BFFF);
SDR 16 TDI (FFFF) TDO (DFFF);
SDR 16 TDI (FFFF) TDO (7FFF);
SDR 16 TDI (FFFF) TDO (FFDF);
SDR 16 TDI (FFFF) TDO (BFFF);
SDR 16 TDI (FFFF) TDO (FFFF);
SDR 16 TDI (FFFF) TDO (7FFF);
SDR 16 TDI (FFFF) TDO (FFFF);
SDR 16 TDI (FFFF) TDO (BFFF);
SDR 16 TDI (FFFF) TDO (FFFF);
SDR 16 TDI (FFFF) TDO (7FFF);
SDR 16 TDI (FFFF) TDO (FF7F);
SDR 16 TDI (FFFF) TDO (BFFF);
SDR 16 TDI (FFFF) TDO (FFFB);
SDR 16 TDI (FFFF) TDO (7FFD);
SDR 16 TDI (FFFF) TDO (FFFF);
SDR 16 TDI (FFFF) TDO (BFFF);
SDR 16 TDI (FFFF) TDO (FFFF);
SDR 16 TDI (FFFF) TDO (7FFF);
SDR 16 TDI (FFFF) TDO (FFFF);
SDR 16 TDI (FFFF) TDO (BDFF);
SDR 16 TDI (FFFF) TDO (F7FF);
SDR 16 TDI (FFFF) TDO (7FFF);
SDR 16 TDI (FFFF) TDO (FFFF);
SDR 16 TDI (FFFF) TDO (BFFF);
SDR 16 TDI (FFFF) TDO (FFFF);
SDR 16 TDI (FFFF) TDO (7FFF);
SDR 16 TDI (FFFF) TDO (FFFF);
SDR 16 TDI (FFFF) TDO (BFFB);
SDR 16 TDI (FFFF) TDO (FFEF);
SDR 16 TDI (FFFF) TDO (7BFF);
SDR 16 TDI (FFFF) TDO (FFFF);
SDR 16 TDI (FFFF) TDO (BFFF);
SDR 16 TDI (FFFF) TDO (FFFF);
SDR 16 TDI (FFFF) TDO (7F7F);
SDR 16 TDI (FFFF) TDO (FFFF);
SDR 16 TDI (FFFF) TDO (BFFF);
SDR 16 TDI (FFFF) TDO (FFFF);
SDR 16 TDI (FFFF) TDO (7FFF);
SDR 16 TDI (FFFF) TDO (FFFF);
SDR 16 TDI (FFFF) TDO (B77F);
SDR 16 TDI (FFFF) TDO (FFFF);
SDR 16 TDI (FFFF) TDO (7FFF);
SDR 16 TDI (FFFF) TDO (FFFF);
SDR 16 TDI (FFFF) TDO (BFFF);
SDR 16 TDI (FFFF) TDO (FFFF);
SDR 16 TDI (FFFF) TDO (6FDF);
SDR 16 TDI (FFFF) TDO (FFFF);
SDR 16 TDI (FFFF) TDO (BFFF);
SDR 16 TDI (FFFF) TDO (FFFF);
SDR 16 TDI (FFFF) TDO (7FFF);
SDR 16 TDI (FFFF) TDO (7FDF);
SDR 16 TDI (FFFF) TDO (BDDF);
SDR 16 TDI (FFFF) TDO (FDFD);
SDR 16 TDI (FFFF) TDO (7FFF);
SDR 16 TDI (FFFF) TDO (FFFF);
SDR 16 TDI (FFFF) TDO (BFFF);
SDR 16 TDI (FFFF) TDO (FFFE);
SDR 16 TDI (FFFF) TDO (7FFE);
SDR 16 TDI (FFFF) TDO (AFBB);
SDR 16 TDI (FFFF) TDO (BFFF);
SDR 16 TDI (FFFF) TDO (BBEF);
SDR 16 TDI (FFFF) TDO (7FFF);
SDR 16 TDI (FFFF) TDO (FFFF);
SDR 16 TDI (FFFF) TDO (BF5F);
SDR 16 TDI (FFFF) TDO (BBAA);
SDR 16 TDI (FFFF) TDO (75FF);
SDR 16 TDI (FFFF) TDO (EFFF);
SDR 16 TDI (FFFF) TDO (BFFF);
SDR 16 TDI (FFFF) TDO (FFFF);
SDR 16 TDI (FFFF) TDO (77FF);
SDR 16 TDI (FFFF) TDO (FFFF);
SDR 16 TDI (FFFF) TDO (A77F);
SDR 16 TDI (FFFF) TDO (FFFF);
SDR 16 TDI (FFFF) TDO (7FCB);
SDR 16 TDI (FFFF) TDO (FFFF);
SDR 16 TDI (FFFF) TDO (BFFF);
SDR 16 TDI (FFFF) TDO (FFFF);
SDR 16 TDI (FFFF) TDO (7EFF);
SDR 16 TDI (FFFF) TDO (FFFF);
SDR 16 TDI (FFFF) TDO (BFFF);
SDR 16 TDI (FFFF) TDO (FEFF);
SDR 16 TDI (FFFF) TDO (7FFF);
SDR 16 TDI (FFFF) TDO (7F7F);
SDR 16 TDI (FFFF) TDO (BFF7);
SDR 16 TDI (FFFF) TDO (FF7D);
SDR 16 TDI (FFFF) TDO (75FF);
SDR 16 TDI (FFFF) TDO (FFFF);
SDR 16 TDI (FFFF) TDO (ABBF);
SDR 16 TDI (FFFF) TDO (FFFF);
SDR 16 TDI (FFFF) TDO (7FFF);
SDR 16 TDI (FFFF) TDO (FFFF);
SDR 16 TDI (FFFF) TDO (BFFF);
SDR 16 TDI (FFFF) TDO (FFFF);
SDR 16 TDI (FFFF) TDO (7FDD);
SDR 16 TDI (FFFF) TDO (FFFF);
SDR 16 TDI (FFFF) TDO (BFFF);
SDR 16 TDI (FFFF) TDO (FFFF);
SDR 16 TDI (FFFF) TDO (7FFF);
SDR 16 TDI (FFFF) TDO (FFFF);
SDR 16 TDI (FFFF) TDO (BFFF);
SDR 16 TDI (FFFF) TDO (DFFF);
SDR 16 TDI (FFFF) TDO (7DFF);
SDR 16 TDI (FFFF) TDO (FFFF);
SDR 16 TDI (FFFF) TDO (BFFF);
SDR 16 TDI (FFFF) TDO (EEFF);
SDR 16 TDI (FFFF) TDO (7F7F);
SDR 16 TDI (FFFF) TDO (EBFF);
SDR 16 TDI (FFFF) TDO (BFFF);
SDR 16 TDI (FFFF) TDO (7FFF);
SDR 16 TDI (FFFF) TDO (77F7);
SDR 16 TDI (FFFF) TDO (7FFE);
SDR 16 TDI (FFFF) TDO (BF5F);
SDR 16 TDI (FFFF) TDO (AFAA);
SDR 16 TDI (FFFF) TDO (75FF);
SDR 16 TDI (FFFF) TDO (DFEF);
SDR 16 TDI (FFFF) TDO (BBBF);
SDR 16 TDI (FFFF) TDO (FBFF);
SDR 16 TDI (FFFF) TDO (7FFF);
SDR 16 TDI (FFFF) TDO (FFFF);
SDR 16 TDI (FFFF) TDO (BFFF);
SDR 16 TDI (FFFF) TDO (FFEF);
SDR 16 TDI (FFFF) TDO (7FF3);
SDR 16 TDI (FFFF) TDO (FBFF);
SDR 16 TDI (FFFF) TDO (BFFF);
SDR 16 TDI (FFFF) TDO (EFEF);
SDR 16 TDI (FFFF) TDO (7AFF);
SDR 16 TDI (FFFF) TDO (BFFF);
SDR 16 TDI (FFFF) TDO (BFFF);
SDR 16 TDI (FFFF) TDO (FBFF);
SDR 16 TDI (FFFF) TDO (7FFF);
SDR 16 TDI (FFFF) TDO (FF7F);
SDR 16 TDI (FFFF) TDO (BFFF);
SDR 16 TDI (FFFF) TDO (FFFF);
SDR 16 TDI (FFFF) TDO (7FFF);
SDR 16 TDI (FFFF) TDO (FFFF);
SDR 16 TDI (FFFF) TDO (BFFF);
SDR 16 TDI (FFFF) TDO (FFFD);
SDR 16 TDI (FFFF) TDO (7F3F);
SDR 16 TDI (FFFF) TDO (F7FF);
SDR 16 TDI (FFFF) TDO (BFFF);
SDR 16 TDI (FFFF) TDO (37FF);
SDR 16 TDI (FFFF) TDO (7EAE);
SDR 16 TDI (FFFF) TDO (FFFF);
SDR 16 TDI (FFFF) TDO (BE7F);
SDR 16 TDI (FFFF) TDO (EAE6);
SDR 16 TDI (FFFF) TDO (6CFF);
SDR 16 TDI (FFFF) TDO (7F5F);
SDR 16 TDI (FFFF) TDO (BDDF);
SDR 16 TDI (FFFF) TDO (FDFF);
SDR 16 TDI (FFFF) TDO (77FF);
SDR 16 TDI (FFFF) TDO (FFFF);
SDR 16 TDI (FFFF) TDO (BAAF);
SDR 16 TDI (FFFF) TDO (FEDF);
SDR 16 TDI (FFFF) TDO (7FFF);
SDR 16 TDI (FFFF) TDO (6DFD);
SDR 16 TDI (FFFF) TDO (BFFF);
SDR 16 TDI (FFFF) TDO (FFEF);
SDR 16 TDI (FFFF) TDO (7FDF);
SDR 16 TDI (FFFF) TDO (FFFE);
SDR 16 TDI (FFFF) TDO (BFDF);
SDR 16 TDI (FFFF) TDO (BDBB);
SDR 16 TDI (FFFF) TDO (77FF);
SDR 16 TDI (FFFF) TDO (FFEF);
SDR 16 TDI (FFFF) TDO (BBBF);
SDR 16 TDI (FFFF) TDO (BBEE);
SDR 16 TDI (FFFF) TDO (77FF);
SDR 16 TDI (FFFF) TDO (FFFF);
SDR 16 TDI (FFFF) TDO (BFFF);
SDR 16 TDI (FFFF) TDO (EFFF);
SDR 16 TDI (FFFF) TDO (7FE1);
SDR 16 TDI (FFFF) TDO (DBDF);
SDR 16 TDI (FFFF) TDO (BFFF);
SDR 16 TDI (FFFF) TDO (DFDF);
SDR 16 TDI (FFFF) TDO (657B);
SDR 16 TDI (FFFF) TDO (DFFF);
SDR 16 TDI (FFFF) TDO (BFBF);
SDR 16 TDI (FFFF) TDO (DFDD);
SDR 16 TDI (FFFF) TDO (7BFF);
SDR 16 TDI (FFFF) TDO (8FBF);
SDR 16 TDI (FFFF) TDO (BFEF);
SDR 16 TDI (FFFF) TDO (FEFF);
SDR 16 TDI (FFFF) TDO (7FFF);
SDR 16 TDI (FFFF) TDO (FFFF);
SDR 16 TDI (FFFF) TDO (A55F);
SDR 16 TDI (FFFF) TDO (D68F);
SDR 16 TDI (FFFF) TDO (67CE);
SDR 16 TDI (FFFF) TDO (01F9);
SDR 16 TDI (FFFF) TDO (BFFF);
SDR 16 TDI (FFFF) TDO (3EFF);
SDR 16 TDI (FFFF) TDO (7E4F);
SDR 16 TDI (FFFF) TDO (FFF3);
SDR 16 TDI (FFFF) TDO (BF77);
SDR 16 TDI (FFFF) TDO (2B80);
SDR 16 TDI (FFFF) TDO (72FF);
SDR 16 TDI (FFFF) TDO (4FFF);
SDR 16 TDI (FFFF) TDO (B007);
SDR 16 TDI (FFFF) TDO (9975);
SDR 16 TDI (FFFF) TDO (69FF);
SDR 16 TDI (FFFF) TDO (FFFF);
SDR 16 TDI (FFFF) TDO (AFFF);
SDR 16 TDI (FFFF) TDO (D6BC);
SDR 16 TDI (FFFF) TDO (7EEE);
SDR 16 TDI (FFFF) TDO (001F);
SDR 16 TDI (FFFF) TDO (BFFF);
SDR 16 TDI (FFFF) TDO (03DF);
SDR 16 TDI (FFFF) TDO (61EE);
SDR 16 TDI (FFFF) TDO (7FF3);
SDR 16 TDI (FFFF) TDO (BE1E);
SDR 16 TDI (FFFF) TDO (AB89);
SDR 16 TDI (FFFF) TDO (70FF);
SDR 16 TDI (FFFF) TDO (CF0F);
SDR 16 TDI (FFFF) TDO (A807);
SDR 16 TDI (FFFF) TDO (997F);
SDR 16 TDI (FFFF) TDO (7DFF);
SDR 16 TDI (FFFF) TDO (FFFF);
SDR 16 TDI (FFFF) TDO (B55F);
SDR 16 TDI (FFFF) TDO (D930);
SDR 16 TDI (FFFF) TDO (7FF3);
SDR 16 TDI (FFFF) TDO (E207);
SDR 16 TDI (FFFF) TDO (BFFF);
SDR 16 TDI (FFFF) TDO (FFFF);
SDR 16 TDI (FFFF) TDO (7FD7);
SDR 16 TDI (FFFF) TDO (FFF3);
SDR 16 TDI (FFFF) TDO (BEFF);
SDR 16 TDI (FFFF) TDO (D006);
SDR 16 TDI (FFFF) TDO (60FF);
SDR 16 TDI (FFFF) TDO (CF7F);
SDR 16 TDI (FFFF) TDO (B997);
SDR 16 TDI (FFFF) TDO (9875);
SDR 16 TDI (FFFF) TDO (6BFF);
SDR 16 TDI (FFFF) TDO (FFFF);
SDR 16 TDI (FFFF) TDO (BFFF);
SDR 16 TDI (FFFF) TDO (D90F);
SDR 16 TDI (FFFF) TDO (7FF6);
SDR 16 TDI (FFFF) TDO (01F9);
SDR 16 TDI (FFFF) TDO (BFFF);
SDR 16 TDI (FFFF) TDO (FFFF);
SDR 16 TDI (FFFF) TDO (67F6);
SDR 16 TDI (FFFF) TDO (7FF3);
SDR 16 TDI (FFFF) TDO (BF1F);
SDR 16 TDI (FFFF) TDO (D006);
SDR 16 TDI (FFFF) TDO (60FF);
SDR 16 TDI (FFFF) TDO (CF0F);
SDR 16 TDI (FFFF) TDO (B997);
SDR 16 TDI (FFFF) TDO (987F);
SDR 16 TDI (FFFF) TDO (7FFF);
SDR 16 TDI (FFFF) TDO (FFFF);
SDR 16 TDI (FFFF) TDO (BFFF);
SDR 16 TDI (FFFF) TDO (3BBB);
SDR 16 TDI (FFFF) TDO (73E6);
SDR 16 TDI (FFFF) TDO (66EF);
SDR 16 TDI (FFFF) TDO (B333);
SDR 16 TDI (FFFF) TDO (31F3);
SDR 16 TDI (FFFF) TDO (6E66);
SDR 16 TDI (FFFF) TDO (3CCE);
SDR 16 TDI (FFFF) TDO (B9CF);
SDR 16 TDI (FFFF) TDO (B89B);
SDR 16 TDI (FFFF) TDO (73CC);
SDR 16 TDI (FFFF) TDO (2CC7);
SDR 16 TDI (FFFF) TDO (B999);
SDR 16 TDI (FFFF) TDO (BBDF);
SDR 16 TDI (FFFF) TDO (7FFF);
SDR 16 TDI (FFFF) TDO (FFFF);
SDR 16 TDI (FFFF) TDO (BFFF);
SDR 16 TDI (FFFF) TDO (7111);
SDR 16 TDI (FFFF) TDO (6157);
SDR 16 TDI (FFFF) TDO (7645);
SDR 16 TDI (FFFF) TDO (B777);
SDR 16 TDI (FFFF) TDO (75BB);
SDR 16 TDI (FFFF) TDO (6737);
SDR 16 TDI (FFFF) TDO (7DDC);
SDR 16 TDI (FFFF) TDO (BB85);
SDR 16 TDI (FFFF) TDO (1DD9);
SDR 16 TDI (FFFF) TDO (7BDD);
SDR 16 TDI (FFFF) TDO (CD9A);
SDR 16 TDI (FFFF) TDO (B49D);
SDR 16 TDI (FFFF) TDO (99FF);
SDR 16 TDI (FFFF) TDO (7FFF);
SDR 16 TDI (FFFF) TDO (FFFF);
SDR 16 TDI (FFFF) TDO (BFFF);
SDR 16 TDI (FFFF) TDO (DDDD);
SDR 16 TDI (FFFF) TDO (7BCE);
SDR 16 TDI (FFFF) TDO (EFDD);
SDR 16 TDI (FFFF) TDO (BFFF);
SDR 16 TDI (FFFF) TDO (BF9F);
SDR 16 TDI (FFFF) TDO (7EEF);
SDR 16 TDI (FFFF) TDO (FFFF);
SDR 16 TDI (FFFF) TDO (BFFF);
SDR 16 TDI (FFFF) TDO (7BBF);
SDR 16 TDI (FFFF) TDO (77FF);
SDR 16 TDI (FFFF) TDO (7FFF);
SDR 16 TDI (FFFF) TDO (B7FF);
SDR 16 TDI (FFFF) TDO (FFDF);
SDR 16 TDI (FFFF) TDO (7FFF);
SDR 16 TDI (FFFF) TDO (FFFF);
SDR 16 TDI (FFFF) TDO (BFFF);
SDR 16 TDI (FFFF) TDO (F7FF);
SDR 16 TDI (FFFF) TDO (7FFF);
SDR 16 TDI (FFFF) TDO (BFFF);
SDR 16 TDI (FFFF) TDO (BFFF);
SDR 16 TDI (FFFF) TDO (F7FF);
SDR 16 TDI (FFFF) TDO (7FFF);
SDR 16 TDI (FFFF) TDO (FFBF);
SDR 16 TDI (FFFF) TDO (BFFF);
SDR 16 TDI (FFFF) TDO (FFFF);
SDR 16 TDI (FFFF) TDO (7FDF);
SDR 16 TDI (FFFF) TDO (F7FF);
SDR 16 TDI (FFFF) TDO (BFFF);
SDR 16 TDI (FFFF) TDO (EFFF);
SDR 16 TDI (FFFF) TDO (7FFF);
SDR 16 TDI (FFFF) TDO (FFFF);
SDR 16 TDI (FFFF) TDO (BFFF);
SDR 16 TDI (FFFF) TDO (FFDF);
SDR 16 TDI (FFFF) TDO (7FFB);
SDR 16 TDI (FFFF) TDO (FFBB);
SDR 16 TDI (FFFF) TDO (BFEF);
SDR 16 TDI (FFFF) TDO (6FFD);
SDR 16 TDI (FFFF) TDO (7FEF);
SDR 16 TDI (FFFF) TDO (FBFF);
SDR 16 TDI (FFFF) TDO (BFFF);
SDR 16 TDI (FFFF) TDO (FFFF);
SDR 16 TDI (FFFF) TDO (7FFD);
SDR 16 TDI (FFFF) TDO (DFFF);
SDR 16 TDI (FFFF) TDO (BFFF);
SDR 16 TDI (FFFF) TDO (FFFF);
SDR 16 TDI (FFFF) TDO (7FFF);
SDR 16 TDI (FFFF) TDO (FFFF);
SDR 16 TDI (FFFF) TDO (AFFF);
SDR 16 TDI (FFFF) TDO (FBEF);
SDR 16 TDI (FFFF) TDO (7FFF);
SDR 16 TDI (FFFF) TDO (FFFF);
SDR 16 TDI (FFFF) TDO (BFFF);
SDR 16 TDI (FFFF) TDO (7FFF);
SDR 16 TDI (FFFF) TDO (7FFF);
SDR 16 TDI (FFFF) TDO (FFFF);
SDR 16 TDI (FFFF) TDO (BFFF);
SDR 16 TDI (FFFF) TDO (FFFF);
SDR 16 TDI (FFFF) TDO (7FEE);
SDR 16 TDI (FFFF) TDO (DFFF);
SDR 16 TDI (FFFF) TDO (BFFF);
SDR 16 TDI (FFFF) TDO (F7FF);
SDR 16 TDI (FFFF) TDO (7DFF);
SDR 16 TDI (FFFF) TDO (FFFF);
SDR 16 TDI (FFFF) TDO (AFFF);
SDR 16 TDI (FFFF) TDO (FFFF);
SDR 16 TDI (FFFF) TDO (7FFF);
SDR 16 TDI (FFFF) TDO (DFFF);
SDR 16 TDI (FFFF) TDO (BFFF);
SDR 16 TDI (FFFF) TDO (F7FF);
SDR 16 TDI (FFFF) TDO (7FFF);
SDR 16 TDI (FFFF) TDO (FFBF);
SDR 16 TDI (FFFF) TDO (BFFF);
SDR 16 TDI (FFFF) TDO (FFFF);
SDR 16 TDI (FFFF) TDO (7FFF);
SDR 16 TDI (FFFF) TDO (FBFF);
SDR 16 TDI (FFFF) TDO (BFFF);
SDR 16 TDI (FFFF) TDO (FFFF);
SDR 16 TDI (FFFF) TDO (7DFF);
SDR 16 TDI (FFFF) TDO (FFFF);
SDR 16 TDI (FFFF) TDO (BFFE);
SDR 16 TDI (FFFF) TDO (FFFF);
SDR 16 TDI (FFFF) TDO (7FFF);
SDR 16 TDI (FFFF) TDO (FFFF);
SDR 16 TDI (FFFF) TDO (BFFF);
SDR 16 TDI (FFFF) TDO (FFFF);
SDR 16 TDI (FFFF) TDO (7FFF);
SDR 16 TDI (FFFF) TDO (FDFF);
SDR 16 TDI (FFFF) TDO (BFFF);
SDR 16 TDI (FFFF) TDO (DFF7);
SDR 16 TDI (FFFF) TDO (7FFF);
SDR 16 TDI (FFFF) TDO (FFFF);
SDR 16 TDI (FFFF) TDO (BFFF);
SDR 16 TDI (FFFF) TDO (FFFF);
SDR 16 TDI (FFFF) TDO (7FFF);
SDR 16 TDI (FFFF) TDO (FFFF);
SDR 16 TDI (FFFF) TDO (BFFF);
SDR 16 TDI (FFFF) TDO (7DFF);
SDR 16 TDI (FFFF) TDO (7FFF);
SDR 16 TDI (FFFF) TDO (FFFF);
SDR 16 TDI (FFFF) TDO (BFFD);
SDR 16 TDI (FFFF) TDO (FFFF);
SDR 16 TDI (FFFF) TDO (7FFF);
SDR 16 TDI (FFFF) TDO (FBFF);
SDR 16 TDI (FFFF) TDO (B7FF);
SDR 16 TDI (FFFF) TDO (EFFF);
SDR 16 TDI (FFFF) TDO (7F7F);
SDR 16 TDI (FFFF) TDO (FFFF);
SDR 16 TDI (FFFF) TDO (BDFD);
SDR 16 TDI (FFFF) TDO (FFFF);
SDR 16 TDI (FFFF) TDO (7FFF);
SDR 16 TDI (FFFF) TDO (FFFF);
SDR 16 TDI (FFFF) TDO (BFFF);
SDR 16 TDI (FFFF) TDO (7FEB);
SDR 16 TDI (FFFF) TDO (77FF);
SDR 16 TDI (FFFF) TDO (FFFF);
SDR 16 TDI (FFFF) TDO (BFFD);
SDR 16 TDI (FFFF) TDO (FBFF);
SDR 16 TDI (FFFF) TDO (6BFB);
SDR 16 TDI (FFFF) TDO (E7FF);
SDR 16 TDI (FFFF) TDO (AF7F);
SDR 16 TDI (FFFF) TDO (FBF7);
SDR 16 TDI (FFFF) TDO (7F7F);
SDR 16 TDI (FFFF) TDO (EFFF);
SDR 16 TDI (FFFF) TDO (BFEF);
SDR 16 TDI (FFFF) TDO (FFFF);
SDR 16 TDI (FFFF) TDO (7FFF);
SDR 16 TDI (FFFF) TDO (FFFF);
SDR 16 TDI (FFFF) TDO (BFFE);
SDR 16 TDI (FFFF) TDO (FDFF);
SDR 16 TDI (FFFF) TDO (7FFF);
SDR 16 TDI (FFFF) TDO (FFFF);
SDR 16 TDI (FFFF) TDO (BFFF);
SDR 16 TDI (FFFF) TDO (FFFF);
SDR 16 TDI (FFFF) TDO (7FFF);
SDR 16 TDI (FFFF) TDO (FDFF);
SDR 16 TDI (FFFF) TDO (BFFF);
SDR 16 TDI (FFFF) TDO (CFFF);
SDR 16 TDI (FFFF) TDO (7FFF);
SDR 16 TDI (FFFF) TDO (FFFF);
SDR 16 TDI (FFFF) TDO (BBFB);
SDR 16 TDI (FFFF) TDO (FFFF);
SDR 16 TDI (FFFF) TDO (7FFF);
SDR 16 TDI (FFFF) TDO (FFFF);
SDR 16 TDI (FFFF) TDO (BFFF);
SDR 16 TDI (FFFF) TDO (7FFB);
SDR 16 TDI (FFFF) TDO (7FFF);
SDR 16 TDI (FFFF) TDO (FFFF);
SDR 16 TDI (FFFF) TDO (ADDB);
SDR 16 TDI (FFFF) TDO (FFFF);
SDR 16 TDI (FFFF) TDO (7FF7);
SDR 16 TDI (FFFF) TDO (FEFF);
SDR 16 TDI (FFFF) TDO (BFFF);
SDR 16 TDI (FFFF) TDO (FFFD);
SDR 16 TDI (FFFF) TDO (7EFF);
SDR 16 TDI (FFFF) TDO (FFFF);
SDR 16 TDI (FFFF) TDO (BFFF);
SDR 16 TDI (FFFF) TDO (FFFF);
SDR 16 TDI (FFFF) TDO (7FFF);
SDR 16 TDI (FFFF) TDO (FFFF);
SDR 16 TDI (FFFF) TDO (BFFE);
SDR 16 TDI (FFFF) TDO (FBDF);
SDR 16 TDI (FFFF) TDO (7FF7);
SDR 16 TDI (FFFF) TDO (F7FF);
SDR 16 TDI (FFFF) TDO (BFFF);
SDR 16 TDI (FFFF) TDO (F7FF);
SDR 16 TDI (FFFF) TDO (6FFF);
SDR 16 TDI (FFFF) TDO (EFFF);
SDR 16 TDI (FFFF) TDO (BDFF);
SDR 16 TDI (FFFF) TDO (DFFF);
SDR 16 TDI (FFFF) TDO (7FFF);
SDR 16 TDI (FFFF) TDO (7FDF);
SDR 16 TDI (FFFF) TDO (BFDF);
SDR 16 TDI (FFFF) TDO (FFFF);
SDR 16 TDI (FFFF) TDO (7FFF);
SDR 16 TDI (FFFF) TDO (FFFF);
SDR 16 TDI (FFFF) TDO (BFFF);
SDR 16 TDI (FFFF) TDO (7EDF);
SDR 16 TDI (FFFF) TDO (7FFF);
SDR 16 TDI (FFFF) TDO (FEEF);
SDR 16 TDI (FFFF) TDO (BFFE);
SDR 16 TDI (FFFF) TDO (BFFB);
SDR 16 TDI (FFFF) TDO (7FFA);
SDR 16 TDI (FFFF) TDO (FDFF);
SDR 16 TDI (FFFF) TDO (BFFF);
SDR 16 TDI (FFFF) TDO (DFFD);
SDR 16 TDI (FFFF) TDO (7FFF);
SDR 16 TDI (FFFF) TDO (FFFF);
SDR 16 TDI (FFFF) TDO (BDFF);
SDR 16 TDI (FFFF) TDO (FFFF);
SDR 16 TDI (FFFF) TDO (7FFF);
SDR 16 TDI (FFFF) TDO (FFFF);
SDR 16 TDI (FFFF) TDO (BFFD);
SDR 16 TDI (FFFF) TDO (FBFB);
SDR 16 TDI (FFFF) TDO (7FDF);
SDR 16 TDI (FFFF) TDO (F7FF);
SDR 16 TDI (FFFF) TDO (AED7);
SDR 16 TDI (FFFF) TDO (FFEF);
SDR 16 TDI (FFFF) TDO (77F7);
SDR 16 TDI (FFFF) TDO (FFFF);
SDR 16 TDI (FFFF) TDO (BDFF);
SDR 16 TDI (FFFF) TDO (FFFF);
SDR 16 TDI (FFFF) TDO (7EFF);
SDR 16 TDI (FFFF) TDO (7FFF);
SDR 16 TDI (FFFF) TDO (BFBF);
SDR 16 TDI (FFFF) TDO (FFFF);
SDR 16 TDI (FFFF) TDO (7FFF);
SDR 16 TDI (FFFF) TDO (FFFF);
SDR 16 TDI (FFFF) TDO (A55F);
SDR 16 TDI (FFFF) TDO (F7FF);
SDR 16 TDI (FFFF) TDO (7FEE);
SDR 16 TDI (FFFF) TDO (DFFF);
SDR 16 TDI (FFFF) TDO (BFFF);
SDR 16 TDI (FFFF) TDO (FF77);
SDR 16 TDI (FFFF) TDO (7BFF);
SDR 16 TDI (FFFF) TDO (BFFF);
SDR 16 TDI (FFFF) TDO (BFFF);
SDR 16 TDI (FFFF) TDO (FFFF);
SDR 16 TDI (FFFF) TDO (7FFF);
SDR 16 TDI (FFFF) TDO (FFFF);
SDR 16 TDI (FFFF) TDO (BFBF);
SDR 16 TDI (FFFF) TDO (FBF5);
SDR 16 TDI (FFFF) TDO (69FF);
SDR 16 TDI (FFFF) TDO (FFFF);
SDR 16 TDI (FFFF) TDO (AFFF);
SDR 16 TDI (FFFF) TDO (FFFF);
SDR 16 TDI (FFFF) TDO (7FFF);
SDR 16 TDI (FFFF) TDO (FFBF);
SDR 16 TDI (FFFF) TDO (AFFB);
SDR 16 TDI (FFFF) TDO (FFFF);
SDR 16 TDI (FFFF) TDO (77AF);
SDR 16 TDI (FFFF) TDO (FFFF);
SDR 16 TDI (FFFF) TDO (BFFD);
SDR 16 TDI (FFFF) TDO (AFDB);
SDR 16 TDI (FFFF) TDO (7DFF);
SDR 16 TDI (FFFF) TDO (FFFF);
SDR 16 TDI (FFFF) TDO (BFFF);
SDR 16 TDI (FFFF) TDO (7EFF);
SDR 16 TDI (FFFF) TDO (7DFF);
SDR 16 TDI (FFFF) TDO (FFFF);
SDR 16 TDI (FFFF) TDO (A55F);
SDR 16 TDI (FFFF) TDO (FFEB);
SDR 16 TDI (FFFF) TDO (7FFF);
SDR 16 TDI (FFFF) TDO (FEAF);
SDR 16 TDI (FFFF) TDO (B7BF);
SDR 16 TDI (FFFF) TDO (E7FF);
SDR 16 TDI (FFFF) TDO (7CFF);
SDR 16 TDI (FFFF) TDO (3FAD);
SDR 16 TDI (FFFF) TDO (BDDF);
SDR 16 TDI (FFFF) TDO (7BFF);
SDR 16 TDI (FFFF) TDO (77FF);
SDR 16 TDI (FFFF) TDO (FFFF);
SDR 16 TDI (FFFF) TDO (BFFD);
SDR 16 TDI (FFFF) TDO (7F75);
SDR 16 TDI (FFFF) TDO (69FF);
SDR 16 TDI (FFFF) TDO (FFFF);
SDR 16 TDI (FFFF) TDO (AAAF);
SDR 16 TDI (FFFF) TDO (9BB7);
SDR 16 TDI (FFFF) TDO (7FDD);
SDR 16 TDI (FFFF) TDO (7FFD);
SDR 16 TDI (FFFF) TDO (BFFF);
SDR 16 TDI (FFFF) TDO (FFF7);
SDR 16 TDI (FFFF) TDO (77CF);
SDR 16 TDI (FFFF) TDO (7FED);
SDR 16 TDI (FFFF) TDO (BDDF);
SDR 16 TDI (FFFF) TDO (FEBF);
SDR 16 TDI (FFFF) TDO (7FFF);
SDR 16 TDI (FFFF) TDO (FFFF);
SDR 16 TDI (FFFF) TDO (BFFF);
SDR 16 TDI (FFFF) TDO (FFEE);
SDR 16 TDI (FFFF) TDO (7DFF);
SDR 16 TDI (FFFF) TDO (FFFF);
SDR 16 TDI (FFFF) TDO (BFFF);
SDR 16 TDI (FFFF) TDO (FFFF);
SDR 16 TDI (FFFF) TDO (7FFF);
SDR 16 TDI (FFFF) TDO (B7FF);
SDR 16 TDI (FFFF) TDO (BEFF);
SDR 16 TDI (FFFF) TDO (FFFE);
SDR 16 TDI (FFFF) TDO (7FFF);
SDR 16 TDI (FFFF) TDO (FEFF);
SDR 16 TDI (FFFF) TDO (BF7F);
SDR 16 TDI (FFFF) TDO (BFFE);
SDR 16 TDI (FFFF) TDO (7FFF);
SDR 16 TDI (FFFF) TDO (FFFF);
SDR 16 TDI (FFFF) TDO (BFFF);
SDR 16 TDI (FFFF) TDO (FFFF);
SDR 16 TDI (FFFF) TDO (77FF);
SDR 16 TDI (FFFF) TDO (FFFF);
SDR 16 TDI (FFFF) TDO (BFFF);
SDR 16 TDI (FFFF) TDO (DFDF);
SDR 16 TDI (FFFF) TDO (6FF5);
SDR 16 TDI (FFFF) TDO (FFED);
SDR 16 TDI (FFFF) TDO (BBFB);
SDR 16 TDI (FFFF) TDO (7FED);
SDR 16 TDI (FFFF) TDO (7FFF);
SDR 16 TDI (FFFF) TDO (FF7F);
SDR 16 TDI (FFFF) TDO (BF7F);
SDR 16 TDI (FFFF) TDO (FBFA);
SDR 16 TDI (FFFF) TDO (7FFF);
SDR 16 TDI (FFFF) TDO (FFFF);
SDR 16 TDI (FFFF) TDO (BFFD);
SDR 16 TDI (FFFF) TDO (FDFF);
SDR 16 TDI (FFFF) TDO (7FFF);
SDR 16 TDI (FFFF) TDO (FFFF);
SDR 16 TDI (FFFF) TDO (BFFF);
SDR 16 TDI (FFFF) TDO (BFFF);
SDR 16 TDI (FFFF) TDO (7FFF);
SDR 16 TDI (FFFF) TDO (5FDF);
SDR 16 TDI (FFFF) TDO (BBFB);
SDR 16 TDI (FFFF) TDO (FFFF);
SDR 16 TDI (FFFF) TDO (793F);
SDR 16 TDI (FFFF) TDO (DFED);
SDR 16 TDI (FFFF) TDO (BDDF);
SDR 16 TDI (FFFF) TDO (B19F);
SDR 16 TDI (FFFF) TDO (7FFF);
SDR 16 TDI (FFFF) TDO (FFFF);
SDR 16 TDI (FFFF) TDO (BFFC);
SDR 16 TDI (FFFF) TDO (FDFF);
SDR 16 TDI (FFFF) TDO (77FF);
SDR 16 TDI (FFFF) TDO (FFFF);
SDR 16 TDI (FFFF) TDO (BAAF);
SDR 16 TDI (FFFF) TDO (EFF3);
SDR 16 TDI (FFFF) TDO (77F3);
SDR 16 TDI (FFFF) TDO (AFBB);
SDR 16 TDI (FFFF) TDO (B7FF);
SDR 16 TDI (FFFF) TDO (FF7B);
SDR 16 TDI (FFFF) TDO (6FEE);
SDR 16 TDI (FFFF) TDO (FF5F);
SDR 16 TDI (FFFF) TDO (BB3B);
SDR 16 TDI (FFFF) TDO (FFF8);
SDR 16 TDI (FFFF) TDO (7AFF);
SDR 16 TDI (FFFF) TDO (FFFF);
SDR 16 TDI (FFFF) TDO (BFFF);
SDR 16 TDI (FFFF) TDO (FF7F);
SDR 16 TDI (FFFF) TDO (7FFF);
SDR 16 TDI (FFFF) TDO (FFFF);
SDR 16 TDI (FFFF) TDO (BFFF);
SDR 16 TDI (FFFF) TDO (D38F);
SDR 16 TDI (FFFF) TDO (7FCC);
SDR 16 TDI (FFFF) TDO (FF64);
SDR 16 TDI (FFFF) TDO (BE77);
SDR 16 TDI (FFFF) TDO (A7E4);
SDR 16 TDI (FFFF) TDO (77D7);
SDR 16 TDI (FFFF) TDO (3EBE);
SDR 16 TDI (FFFF) TDO (BEFE);
SDR 16 TDI (FFFF) TDO (DEFF);
SDR 16 TDI (FFFF) TDO (6FFF);
SDR 16 TDI (FFFF) TDO (FFFF);
SDR 16 TDI (FFFF) TDO (BFDB);
SDR 16 TDI (FFFF) TDO (7AFF);
SDR 16 TDI (FFFF) TDO (7FFF);
SDR 16 TDI (FFFF) TDO (FFFF);
SDR 16 TDI (FFFF) TDO (A55C);
SDR 16 TDI (FFFF) TDO (E0F8);
SDR 16 TDI (FFFF) TDO (7DC3);
SDR 16 TDI (FFFF) TDO (79EF);
SDR 16 TDI (FFFF) TDO (BE00);
SDR 16 TDI (FFFF) TDO (C3E5);
SDR 16 TDI (FFFF) TDO (61E6);
SDR 16 TDI (FFFF) TDO (13F3);
SDR 16 TDI (FFFF) TDO (BE17);
SDR 16 TDI (FFFF) TDO (1918);
SDR 16 TDI (FFFF) TDO (6FFF);
SDR 16 TDI (FFFF) TDO (FFFF);
SDR 16 TDI (FFFF) TDO (B787);
SDR 16 TDI (FFFF) TDO (FF75);
SDR 16 TDI (FFFF) TDO (69FF);
SDR 16 TDI (FFFF) TDO (FFFF);
SDR 16 TDI (FFFF) TDO (AFFC);
SDR 16 TDI (FFFF) TDO (C0E8);
SDR 16 TDI (FFFF) TDO (7FA1);
SDR 16 TDI (FFFF) TDO (58A7);
SDR 16 TDI (FFFF) TDO (BE00);
SDR 16 TDI (FFFF) TDO (C3F0);
SDR 16 TDI (FFFF) TDO (7FE6);
SDR 16 TDI (FFFF) TDO (13F3);
SDR 16 TDI (FFFF) TDO (BE1E);
SDR 16 TDI (FFFF) TDO (F918);
SDR 16 TDI (FFFF) TDO (6FFF);
SDR 16 TDI (FFFF) TDO (FFFF);
SDR 16 TDI (FFFF) TDO (AF80);
SDR 16 TDI (FFFF) TDO (F87E);
SDR 16 TDI (FFFF) TDO (7DFF);
SDR 16 TDI (FFFF) TDO (FFFF);
SDR 16 TDI (FFFF) TDO (B55C);
SDR 16 TDI (FFFF) TDO (F8C4);
SDR 16 TDI (FFFF) TDO (7FEE);
SDR 16 TDI (FFFF) TDO (79E5);
SDR 16 TDI (FFFF) TDO (B2F0);
SDR 16 TDI (FFFF) TDO (DBF3);
SDR 16 TDI (FFFF) TDO (60DE);
SDR 16 TDI (FFFF) TDO (130F);
SDR 16 TDI (FFFF) TDO (B85F);
SDR 16 TDI (FFFF) TDO (87FA);
SDR 16 TDI (FFFF) TDO (6FFF);
SDR 16 TDI (FFFF) TDO (FFFF);
SDR 16 TDI (FFFF) TDO (BF86);
SDR 16 TDI (FFFF) TDO (7F75);
SDR 16 TDI (FFFF) TDO (7BFF);
SDR 16 TDI (FFFF) TDO (FFFF);
SDR 16 TDI (FFFF) TDO (BFFC);
SDR 16 TDI (FFFF) TDO (FCE4);
SDR 16 TDI (FFFF) TDO (7FFE);
SDR 16 TDI (FFFF) TDO (19E6);
SDR 16 TDI (FFFF) TDO (A2F0);
SDR 16 TDI (FFFF) TDO (DBF3);
SDR 16 TDI (FFFF) TDO (7DFE);
SDR 16 TDI (FFFF) TDO (53DF);
SDR 16 TDI (FFFF) TDO (B87F);
SDR 16 TDI (FFFF) TDO (87FE);
SDR 16 TDI (FFFF) TDO (60FF);
SDR 16 TDI (FFFF) TDO (FFFF);
SDR 16 TDI (FFFF) TDO (BF80);
SDR 16 TDI (FFFF) TDO (797D);
SDR 16 TDI (FFFF) TDO (7FFF);
SDR 16 TDI (FFFF) TDO (FFFF);
SDR 16 TDI (FFFF) TDO (BFFF);
SDR 16 TDI (FFFF) TDO (B39B);
SDR 16 TDI (FFFF) TDO (73E6);
SDR 16 TDI (FFFF) TDO (8EED);
SDR 16 TDI (FFFF) TDO (B273);
SDR 16 TDI (FFFF) TDO (B1F3);
SDR 16 TDI (FFFF) TDO (6466);
SDR 16 TDI (FFFF) TDO (3CCC);
SDR 16 TDI (FFFF) TDO (B18F);
SDR 16 TDI (FFFF) TDO (9899);
SDR 16 TDI (FFFF) TDO (77CC);
SDR 16 TDI (FFFF) TDO (CCC7);
SDR 16 TDI (FFFF) TDO (B99B);
SDR 16 TDI (FFFF) TDO (9BFF);
SDR 16 TDI (FFFF) TDO (7FFF);
SDR 16 TDI (FFFF) TDO (FFFF);
SDR 16 TDI (FFFF) TDO (BFFF);
SDR 16 TDI (FFFF) TDO (2763);
SDR 16 TDI (FFFF) TDO (6773);
SDR 16 TDI (FFFF) TDO (6663);
SDR 16 TDI (FFFF) TDO (B767);
SDR 16 TDI (FFFF) TDO (67B9);
SDR 16 TDI (FFFF) TDO (7367);
SDR 16 TDI (FFFF) TDO (7DDD);
SDR 16 TDI (FFFF) TDO (BB2D);
SDR 16 TDI (FFFF) TDO (CDDD);
SDR 16 TDI (FFFF) TDO (73DD);
SDR 16 TDI (FFFF) TDO (DDDA);
SDR 16 TDI (FFFF) TDO (B599);
SDR 16 TDI (FFFF) TDO (D9FD);
SDR 16 TDI (FFFF) TDO (7FFF);
SDR 16 TDI (FFFF) TDO (FFFF);
SDR 16 TDI (FFFF) TDO (BFFF);
SDR 16 TDI (FFFF) TDO (FFDF);
SDR 16 TDI (FFFF) TDO (7FDF);
SDR 16 TDI (FFFF) TDO (DFFD);
SDR 16 TDI (FFFF) TDO (BFBF);
SDR 16 TDI (FFFF) TDO (FFAF);
SDR 16 TDI (FFFF) TDO (7CFF);
SDR 16 TDI (FFFF) TDO (FFEE);
SDR 16 TDI (FFFF) TDO (BDD9);
SDR 16 TDI (FFFF) TDO (3BBB);
SDR 16 TDI (FFFF) TDO (7FFF);
SDR 16 TDI (FFFF) TDO (FFFF);
SDR 16 TDI (FFFF) TDO (B7F7);
SDR 16 TDI (FFFF) TDO (FFFF);
SDR 16 TDI (FFFF) TDO (7FFF);
SDR 16 TDI (FFFF) TDO (FFFF);
SDR 16 TDI (FFFF) TDO (BFFF);
SDR 16 TDI (FFFF) TDO (7FFF);
SDR 16 TDI (FFFF) TDO (77FF);
SDR 16 TDI (FFFF) TDO (6FFF);
SDR 16 TDI (FFFF) TDO (BFFF);
SDR 16 TDI (FFFF) TDO (6FFB);
SDR 16 TDI (FFFF) TDO (7FFF);
SDR 16 TDI (FFFF) TDO (7FFF);
SDR 16 TDI (FFFF) TDO (B7BF);
SDR 16 TDI (FFFF) TDO (FDFF);
SDR 16 TDI (FFFF) TDO (7F7E);
SDR 16 TDI (FFFF) TDO (FFFF);
SDR 16 TDI (FFFF) TDO (BFF7);
SDR 16 TDI (FFFF) TDO (DFFF);
SDR 16 TDI (FFFF) TDO (7FFF);
SDR 16 TDI (FFFF) TDO (FFFF);
SDR 16 TDI (FFFF) TDO (BFFF);
SDR 16 TDI (FFFF) TDO (E7FE);
SDR 16 TDI (FFFF) TDO (7FFF);
SDR 16 TDI (FFFF) TDO (FFFF);
SDR 16 TDI (FFFF) TDO (BF7E);
SDR 16 TDI (FFFF) TDO (FFFE);
SDR 16 TDI (FFFF) TDO (7FFF);
SDR 16 TDI (FFFF) TDO (FFFD);
SDR 16 TDI (FFFF) TDO (BFFF);
SDR 16 TDI (FFFF) TDO (FFFF);
SDR 16 TDI (FFFF) TDO (7FFF);
SDR 16 TDI (FFFF) TDO (DFFF);
SDR 16 TDI (FFFF) TDO (BBFF);
SDR 16 TDI (FFFF) TDO (FF7F);
SDR 16 TDI (FFFF) TDO (7FFF);
SDR 16 TDI (FFFF) TDO (FFFF);
SDR 16 TDI (FFFF) TDO (AFFF);
SDR 16 TDI (FFFF) TDO (FFFF);
SDR 16 TDI (FFFF) TDO (6FFF);
SDR 16 TDI (FFFF) TDO (7FFF);
SDR 16 TDI (FFFF) TDO (BFFF);
SDR 16 TDI (FFFF) TDO (5FFB);
SDR 16 TDI (FFFF) TDO (7FFF);
SDR 16 TDI (FFFF) TDO (FFFD);
SDR 16 TDI (FFFF) TDO (AFFF);
SDR 16 TDI (FFFF) TDO (FFFF);
SDR 16 TDI (FFFF) TDO (7FFE);
SDR 16 TDI (FFFF) TDO (DFFF);
SDR 16 TDI (FFFF) TDO (BFF7);
SDR 16 TDI (FFFF) TDO (FF7F);
SDR 16 TDI (FFFF) TDO (7DFF);
SDR 16 TDI (FFFF) TDO (FFFF);
SDR 16 TDI (FFFF) TDO (AFFF);
SDR 16 TDI (FFFF) TDO (77FF);
SDR 16 TDI (FFFF) TDO (7FFF);
SDR 16 TDI (FFFF) TDO (F7FF);
SDR 16 TDI (FFFF) TDO (BF7F);
SDR 16 TDI (FFFF) TDO (FFFE);
SDR 16 TDI (FFFF) TDO (7FFE);
SDR 16 TDI (FFFF) TDO (FFFF);
SDR 16 TDI (FFFF) TDO (BFBF);
SDR 16 TDI (FFFF) TDO (FDFF);
SDR 16 TDI (FFFF) TDO (7F7F);
SDR 16 TDI (FFFF) TDO (FFFF);
SDR 16 TDI (FFFF) TDO (BFFF);
SDR 16 TDI (FFFF) TDO (BFFF);
SDR 16 TDI (FFFF) TDO (7DFF);
SDR 16 TDI (FFFF) TDO (FFFF);
SDR 16 TDI (FFFF) TDO (BFFF);
SDR 16 TDI (FFFF) TDO (BFFF);
SDR 16 TDI (FFFF) TDO (7FFF);
SDR 16 TDI (FFFF) TDO (FFFF);
SDR 16 TDI (FFFF) TDO (BDFF);
SDR 16 TDI (FFFF) TDO (DFFD);
SDR 16 TDI (FFFF) TDO (7FFF);
SDR 16 TDI (FFFF) TDO (FF7F);
SDR 16 TDI (FFFF) TDO (BFDF);
SDR 16 TDI (FFFF) TDO (FEEF);
SDR 16 TDI (FFFF) TDO (7EFF);
SDR 16 TDI (FFFF) TDO (FFFF);
SDR 16 TDI (FFFF) TDO (BFEF);
SDR 16 TDI (FFFF) TDO (FFFF);
SDR 16 TDI (FFFF) TDO (7FFF);
SDR 16 TDI (FFFF) TDO (FFFF);
SDR 16 TDI (FFFF) TDO (BFFF);
SDR 16 TDI (FFFF) TDO (FFEF);
SDR 16 TDI (FFFF) TDO (7FFB);
SDR 16 TDI (FFFF) TDO (FFFF);
SDR 16 TDI (FFFF) TDO (BFFF);
SDR 16 TDI (FFFF) TDO (FFFF);
SDR 16 TDI (FFFF) TDO (7FFF);
SDR 16 TDI (FFFF) TDO (FEFF);
SDR 16 TDI (FFFF) TDO (BFFF);
SDR 16 TDI (FFFF) TDO (FFFF);
SDR 16 TDI (FFFF) TDO (7FBA);
SDR 16 TDI (FFFF) TDO (FFFF);
SDR 16 TDI (FFFF) TDO (BFDF);
SDR 16 TDI (FFFF) TDO (FFFF);
SDR 16 TDI (FFFF) TDO (7FFF);
SDR 16 TDI (FFFF) TDO (FFFF);
SDR 16 TDI (FFFF) TDO (BFFF);
SDR 16 TDI (FFFF) TDO (FEDF);
SDR 16 TDI (FFFF) TDO (7FFE);
SDR 16 TDI (FFFF) TDO (FFFF);
SDR 16 TDI (FFFF) TDO (BFBE);
SDR 16 TDI (FFFF) TDO (9FFF);
SDR 16 TDI (FFFF) TDO (6FBE);
SDR 16 TDI (FFFF) TDO (EF7B);
SDR 16 TDI (FFFF) TDO (B53F);
SDR 16 TDI (FFFF) TDO (FBFE);
SDR 16 TDI (FFFF) TDO (777D);
SDR 16 TDI (FFFF) TDO (FFBF);
SDR 16 TDI (FFFF) TDO (BFF7);
SDR 16 TDI (FFFF) TDO (EFFF);
SDR 16 TDI (FFFF) TDO (7FFF);
SDR 16 TDI (FFFF) TDO (FFFF);
SDR 16 TDI (FFFF) TDO (BFFF);
SDR 16 TDI (FFFF) TDO (BFFF);
SDR 16 TDI (FFFF) TDO (7FFB);
SDR 16 TDI (FFFF) TDO (FFFF);
SDR 16 TDI (FFFF) TDO (BEFF);
SDR 16 TDI (FFFF) TDO (FFFD);
SDR 16 TDI (FFFF) TDO (7FFF);
SDR 16 TDI (FFFF) TDO (FEFF);
SDR 16 TDI (FFFF) TDO (BFFF);
SDR 16 TDI (FFFF) TDO (FF6F);
SDR 16 TDI (FFFF) TDO (7DF7);
SDR 16 TDI (FFFF) TDO (FFFF);
SDR 16 TDI (FFFF) TDO (BFDF);
SDR 16 TDI (FFFF) TDO (FFFF);
SDR 16 TDI (FFFF) TDO (7FFF);
SDR 16 TDI (FFFF) TDO (FFFF);
SDR 16 TDI (FFFF) TDO (BFFF);
SDR 16 TDI (FFFF) TDO (FFFF);
SDR 16 TDI (FFFF) TDO (7FFF);
SDR 16 TDI (FFFF) TDO (75BD);
SDR 16 TDI (FFFF) TDO (BFFF);
SDR 16 TDI (FFFF) TDO (FFFF);
SDR 16 TDI (FFFF) TDO (77FF);
SDR 16 TDI (FFFF) TDO (FBDF);
SDR 16 TDI (FFFF) TDO (BFFF);
SDR 16 TDI (FFFF) TDO (FFFF);
SDR 16 TDI (FFFF) TDO (7FDE);
SDR 16 TDI (FFFF) TDO (BBFF);
SDR 16 TDI (FFFF) TDO (BFFF);
SDR 16 TDI (FFFF) TDO (FDD7);
SDR 16 TDI (FFFF) TDO (7FFF);
SDR 16 TDI (FFFF) TDO (FFFF);
SDR 16 TDI (FFFF) TDO (BFFF);
SDR 16 TDI (FFFF) TDO (FFFB);
SDR 16 TDI (FFFF) TDO (7FF7);
SDR 16 TDI (FFFF) TDO (FFFF);
SDR 16 TDI (FFFF) TDO (BF6F);
SDR 16 TDI (FFFF) TDO (FFFB);
SDR 16 TDI (FFFF) TDO (7DDF);
SDR 16 TDI (FFFF) TDO (EEBF);
SDR 16 TDI (FFFF) TDO (B7BF);
SDR 16 TDI (FFFF) TDO (FFFF);
SDR 16 TDI (FFFF) TDO (7777);
SDR 16 TDI (FFFF) TDO (FEDF);
SDR 16 TDI (FFFF) TDO (BFFF);
SDR 16 TDI (FFFF) TDO (FFFF);
SDR 16 TDI (FFFF) TDO (7FFF);
SDR 16 TDI (FFFF) TDO (FFFF);
SDR 16 TDI (FFFF) TDO (BFFF);
SDR 16 TDI (FFFF) TDO (FFFF);
SDR 16 TDI (FFFF) TDO (7FFF);
SDR 16 TDI (FFFF) TDO (FFFD);
SDR 16 TDI (FFFF) TDO (BFDF);
SDR 16 TDI (FFFF) TDO (FFFB);
SDR 16 TDI (FFFF) TDO (75CF);
SDR 16 TDI (FFFF) TDO (B77F);
SDR 16 TDI (FFFF) TDO (BFBF);
SDR 16 TDI (FFFF) TDO (FFFE);
SDR 16 TDI (FFFF) TDO (7F7D);
SDR 16 TDI (FFFF) TDO (FFDF);
SDR 16 TDI (FFFF) TDO (BFFF);
SDR 16 TDI (FFFF) TDO (EFF7);
SDR 16 TDI (FFFF) TDO (7FFF);
SDR 16 TDI (FFFF) TDO (FFFF);
SDR 16 TDI (FFFF) TDO (BFFF);
SDR 16 TDI (FFFF) TDO (FFF7);
SDR 16 TDI (FFFF) TDO (7FDE);
SDR 16 TDI (FFFF) TDO (EBBF);
SDR 16 TDI (FFFF) TDO (BFBF);
SDR 16 TDI (FFFF) TDO (FDFF);
SDR 16 TDI (FFFF) TDO (7FFF);
SDR 16 TDI (FFFF) TDO (FDDF);
SDR 16 TDI (FFFF) TDO (B7FF);
SDR 16 TDI (FFFF) TDO (FFFF);
SDR 16 TDI (FFFF) TDO (77EB);
SDR 16 TDI (FFFF) TDO (BAFF);
SDR 16 TDI (FFFF) TDO (BFFF);
SDR 16 TDI (FFFF) TDO (FBBF);
SDR 16 TDI (FFFF) TDO (7FFF);
SDR 16 TDI (FFFF) TDO (FFFF);
SDR 16 TDI (FFFF) TDO (A55F);
SDR 16 TDI (FFFF) TDO (FFFF);
SDR 16 TDI (FFFF) TDO (77FF);
SDR 16 TDI (FFFF) TDO (FFFF);
SDR 16 TDI (FFFF) TDO (BBB7);
SDR 16 TDI (FFFF) TDO (FFFF);
SDR 16 TDI (FFFF) TDO (7EFF);
SDR 16 TDI (FFFF) TDO (BFFF);
SDR 16 TDI (FFFF) TDO (BBDF);
SDR 16 TDI (FFFF) TDO (FDF7);
SDR 16 TDI (FFFF) TDO (7BFF);
SDR 16 TDI (FFFF) TDO (F97F);
SDR 16 TDI (FFFF) TDO (BCDF);
SDR 16 TDI (FFFF) TDO (BFF5);
SDR 16 TDI (FFFF) TDO (75FF);
SDR 16 TDI (FFFF) TDO (FFFF);
SDR 16 TDI (FFFF) TDO (AFFE);
SDR 16 TDI (FFFF) TDO (7B66);
SDR 16 TDI (FFFF) TDO (7FF7);
SDR 16 TDI (FFFF) TDO (32CE);
SDR 16 TDI (FFFF) TDO (BDFF);
SDR 16 TDI (FFFF) TDO (FFD7);
SDR 16 TDI (FFFF) TDO (77DF);
SDR 16 TDI (FFFF) TDO (7FFF);
SDR 16 TDI (FFFF) TDO (BFFF);
SDR 16 TDI (FFFF) TDO (FFFF);
SDR 16 TDI (FFFF) TDO (7DFF);
SDR 16 TDI (FFFF) TDO (FFFE);
SDR 16 TDI (FFFF) TDO (BFFF);
SDR 16 TDI (FFFF) TDO (EFFE);
SDR 16 TDI (FFFF) TDO (7DFF);
SDR 16 TDI (FFFF) TDO (FFFF);
SDR 16 TDI (FFFF) TDO (A55F);
SDR 16 TDI (FFFF) TDO (FEFF);
SDR 16 TDI (FFFF) TDO (7FFF);
SDR 16 TDI (FFFF) TDO (BFFF);
SDR 16 TDI (FFFF) TDO (AEFF);
SDR 16 TDI (FFFF) TDO (A7FF);
SDR 16 TDI (FFFF) TDO (7BBF);
SDR 16 TDI (FFFF) TDO (FEFE);
SDR 16 TDI (FFFF) TDO (BFFF);
SDR 16 TDI (FFFF) TDO (BFB3);
SDR 16 TDI (FFFF) TDO (7FDD);
SDR 16 TDI (FFFF) TDO (DFEF);
SDR 16 TDI (FFFF) TDO (BFFF);
SDR 16 TDI (FFFF) TDO (FFF4);
SDR 16 TDI (FFFF) TDO (75FF);
SDR 16 TDI (FFFF) TDO (FFFF);
SDR 16 TDI (FFFF) TDO (AAAF);
SDR 16 TDI (FFFF) TDO (77F7);
SDR 16 TDI (FFFF) TDO (7FDF);
SDR 16 TDI (FFFF) TDO (FFF7);
SDR 16 TDI (FFFF) TDO (BFFE);
SDR 16 TDI (FFFF) TDO (FFDF);
SDR 16 TDI (FFFF) TDO (7FFF);
SDR 16 TDI (FFFF) TDO (FFFF);
SDR 16 TDI (FFFF) TDO (BFBF);
SDR 16 TDI (FFFF) TDO (FFFF);
SDR 16 TDI (FFFF) TDO (7FFF);
SDR 16 TDI (FFFF) TDO (F77F);
SDR 16 TDI (FFFF) TDO (BF7B);
SDR 16 TDI (FFFF) TDO (BFFF);
SDR 16 TDI (FFFF) TDO (7DFF);
SDR 16 TDI (FFFF) TDO (FFFF);
SDR 16 TDI (FFFF) TDO (BFFF);
SDR 16 TDI (FFFF) TDO (FFAD);
SDR 16 TDI (FFFF) TDO (7FEB);
SDR 16 TDI (FFFF) TDO (EBDD);
SDR 16 TDI (FFFF) TDO (9FBF);
SDR 16 TDI (FFFF) TDO (FFFD);
SDR 16 TDI (FFFF) TDO (4EF7);
SDR 16 TDI (FFFF) TDO (FBFE);
SDR 16 TDI (FFFF) TDO (B7FF);
SDR 16 TDI (FFFF) TDO (EF5E);
SDR 16 TDI (FFFF) TDO (7FEF);
SDR 16 TDI (FFFF) TDO (FEFF);
SDR 16 TDI (FFFF) TDO (BFFF);
SDR 16 TDI (FFFF) TDO (F7FF);
SDR 16 TDI (FFFF) TDO (7FFF);
SDR 16 TDI (FFFF) TDO (FFFF);
SDR 16 TDI (FFFF) TDO (9FFF);
SDR 16 TDI (FFFF) TDO (FEFF);
SDR 16 TDI (FFFF) TDO (5FFA);
SDR 16 TDI (FFFF) TDO (FEFF);
SDR 16 TDI (FFFF) TDO (BFD7);
SDR 16 TDI (FFFF) TDO (DFFF);
SDR 16 TDI (FFFF) TDO (7FFD);
SDR 16 TDI (FFFF) TDO (FEFF);
SDR 16 TDI (FFFF) TDO (ADFD);
SDR 16 TDI (FFFF) TDO (AB7B);
SDR 16 TDI (FFFF) TDO (7FFD);
SDR 16 TDI (FFFF) TDO (DFEF);
SDR 16 TDI (FFFF) TDO (9DFF);
SDR 16 TDI (FFFF) TDO (FFFF);
SDR 16 TDI (FFFF) TDO (5FFF);
SDR 16 TDI (FFFF) TDO (FFFF);
SDR 16 TDI (FFFF) TDO (BFFF);
SDR 16 TDI (FFFF) TDO (7FE7);
SDR 16 TDI (FFFF) TDO (7FFA);
SDR 16 TDI (FFFF) TDO (BBDE);
SDR 16 TDI (FFFF) TDO (B55A);
SDR 16 TDI (FFFF) TDO (DFFD);
SDR 16 TDI (FFFF) TDO (7F4D);
SDR 16 TDI (FFFF) TDO (5BFE);
SDR 16 TDI (FFFF) TDO (9FFD);
SDR 16 TDI (FFFF) TDO (E7F6);
SDR 16 TDI (FFFF) TDO (5AEE);
SDR 16 TDI (FFFF) TDO (EC7D);
SDR 16 TDI (FFFF) TDO (BFFB);
SDR 16 TDI (FFFF) TDO (D7FE);
SDR 16 TDI (FFFF) TDO (7FFF);
SDR 16 TDI (FFFF) TDO (FFFF);
SDR 16 TDI (FFFF) TDO (BAAF);
SDR 16 TDI (FFFF) TDO (FC1F);
SDR 16 TDI (FFFF) TDO (7FF5);
SDR 16 TDI (FFFF) TDO (4EBF);
SDR 16 TDI (FFFF) TDO (8EFF);
SDR 16 TDI (FFFF) TDO (FFDF);
SDR 16 TDI (FFFF) TDO (4FBF);
SDR 16 TDI (FFFF) TDO (FCFD);
SDR 16 TDI (FFFF) TDO (B19F);
SDR 16 TDI (FFFF) TDO (9F69);
SDR 16 TDI (FFFF) TDO (7FFD);
SDR 16 TDI (FFFF) TDO (D39F);
SDR 16 TDI (FFFF) TDO (B87F);
SDR 16 TDI (FFFF) TDO (FFFF);
SDR 16 TDI (FFFF) TDO (7BFF);
SDR 16 TDI (FFFF) TDO (FFFF);
SDR 16 TDI (FFFF) TDO (9FFD);
SDR 16 TDI (FFFF) TDO (B3F8);
SDR 16 TDI (FFFF) TDO (4FCF);
SDR 16 TDI (FFFF) TDO (F563);
SDR 16 TDI (FFFF) TDO (BFB7);
SDR 16 TDI (FFFF) TDO (67EB);
SDR 16 TDI (FFFF) TDO (72FF);
SDR 16 TDI (FFFF) TDO (FFFF);
SDR 16 TDI (FFFF) TDO (AFFF);
SDR 16 TDI (FFFF) TDO (F89F);
SDR 16 TDI (FFFF) TDO (7FDF);
SDR 16 TDI (FFFF) TDO (FFEF);
SDR 16 TDI (FFFF) TDO (9FDF);
SDR 16 TDI (FFFF) TDO (AFFF);
SDR 16 TDI (FFFF) TDO (5FFF);
SDR 16 TDI (FFFF) TDO (FFFF);
SDR 16 TDI (FFFF) TDO (A55C);
SDR 16 TDI (FFFF) TDO (C2BF);
SDR 16 TDI (FFFF) TDO (7FC6);
SDR 16 TDI (FFFF) TDO (1F41);
SDR 16 TDI (FFFF) TDO (AB3D);
SDR 16 TDI (FFFF) TDO (7EF1);
SDR 16 TDI (FFFF) TDO (6607);
SDR 16 TDI (FFFF) TDO (F0F3);
SDR 16 TDI (FFFF) TDO (879F);
SDR 16 TDI (FFFF) TDO (080C);
SDR 16 TDI (FFFF) TDO (4FFF);
SDR 16 TDI (FFFF) TDO (F04F);
SDR 16 TDI (FFFF) TDO (B07E);
SDR 16 TDI (FFFF) TDO (07F5);
SDR 16 TDI (FFFF) TDO (6DFF);
SDR 16 TDI (FFFF) TDO (FFFF);
SDR 16 TDI (FFFF) TDO (AFFF);
SDR 16 TDI (FFFF) TDO (C30B);
SDR 16 TDI (FFFF) TDO (7FAB);
SDR 16 TDI (FFFF) TDO (6E01);
SDR 16 TDI (FFFF) TDO (8B01);
SDR 16 TDI (FFFF) TDO (6BD1);
SDR 16 TDI (FFFF) TDO (661E);
SDR 16 TDI (FFFF) TDO (10F3);
SDR 16 TDI (FFFF) TDO (A39B);
SDR 16 TDI (FFFF) TDO (C804);
SDR 16 TDI (FFFF) TDO (60FF);
SDR 16 TDI (FFFF) TDO (F80F);
SDR 16 TDI (FFFF) TDO (BC7E);
SDR 16 TDI (FFFF) TDO (2FFF);
SDR 16 TDI (FFFF) TDO (7DFF);
SDR 16 TDI (FFFF) TDO (FFFF);
SDR 16 TDI (FFFF) TDO (955C);
SDR 16 TDI (FFFF) TDO (303E);
SDR 16 TDI (FFFF) TDO (4FE0);
SDR 16 TDI (FFFF) TDO (1ECE);
SDR 16 TDI (FFFF) TDO (B97C);
SDR 16 TDI (FFFF) TDO (3FFD);
SDR 16 TDI (FFFF) TDO (7626);
SDR 16 TDI (FFFF) TDO (1DF0);
SDR 16 TDI (FFFF) TDO (A5FF);
SDR 16 TDI (FFFF) TDO (AC78);
SDR 16 TDI (FFFF) TDO (6F3C);
SDR 16 TDI (FFFF) TDO (300F);
SDR 16 TDI (FFFF) TDO (9806);
SDR 16 TDI (FFFF) TDO (67F5);
SDR 16 TDI (FFFF) TDO (47FF);
SDR 16 TDI (FFFF) TDO (FFFF);
SDR 16 TDI (FFFF) TDO (BFFC);
SDR 16 TDI (FFFF) TDO (303F);
SDR 16 TDI (FFFF) TDO (7FE0);
SDR 16 TDI (FFFF) TDO (1E8F);
SDR 16 TDI (FFFF) TDO (A730);
SDR 16 TDI (FFFF) TDO (3FFD);
SDR 16 TDI (FFFF) TDO (761F);
SDR 16 TDI (FFFF) TDO (FDF0);
SDR 16 TDI (FFFF) TDO (85FF);
SDR 16 TDI (FFFF) TDO (A870);
SDR 16 TDI (FFFF) TDO (4F3C);
SDR 16 TDI (FFFF) TDO (300F);
SDR 16 TDI (FFFF) TDO (B806);
SDR 16 TDI (FFFF) TDO (47FF);
SDR 16 TDI (FFFF) TDO (7FFF);
SDR 16 TDI (FFFF) TDO (FFFF);
SDR 16 TDI (FFFF) TDO (BFFF);
SDR 16 TDI (FFFF) TDO (33B1);
SDR 16 TDI (FFFF) TDO (73EE);
SDR 16 TDI (FFFF) TDO (E6E7);
SDR 16 TDI (FFFF) TDO (933B);
SDR 16 TDI (FFFF) TDO (21F9);
SDR 16 TDI (FFFF) TDO (4666);
SDR 16 TDI (FFFF) TDO (7CCC);
SDR 16 TDI (FFFF) TDO (B84F);
SDR 16 TDI (FFFF) TDO (9999);
SDR 16 TDI (FFFF) TDO (744E);
SDR 16 TDI (FFFF) TDO (E887);
SDR 16 TDI (FFFF) TDO (B93B);
SDR 16 TDI (FFFF) TDO (99DF);
SDR 16 TDI (FFFF) TDO (7FFF);
SDR 16 TDI (FFFF) TDO (FFFF);
SDR 16 TDI (FFFF) TDO (9FFF);
SDR 16 TDI (FFFF) TDO (6736);
SDR 16 TDI (FFFF) TDO (4F66);
SDR 16 TDI (FFFF) TDO (7677);
SDR 16 TDI (FFFF) TDO (B773);
SDR 16 TDI (FFFF) TDO (75BB);
SDR 16 TDI (FFFF) TDO (7737);
SDR 16 TDI (FFFF) TDO (7CD9);
SDR 16 TDI (FFFF) TDO (B995);
SDR 16 TDI (FFFF) TDO (1D9C);
SDR 16 TDI (FFFF) TDO (738C);
SDR 16 TDI (FFFF) TDO (CD9A);
SDR 16 TDI (FFFF) TDO (9099);
SDR 16 TDI (FFFF) TDO (9DDF);
SDR 16 TDI (FFFF) TDO (5FFF);
SDR 16 TDI (FFFF) TDO (FFFF);
SDR 16 TDI (FFFF) TDO (BFFF);
SDR 16 TDI (FFFF) TDO (BBF9);
SDR 16 TDI (FFFF) TDO (7FDF);
SDR 16 TDI (FFFF) TDO (EFEF);
SDR 16 TDI (FFFF) TDO (BFFF);
SDR 16 TDI (FFFF) TDO (FFB7);
SDR 16 TDI (FFFF) TDO (7EEF);
SDR 16 TDI (FFFF) TDO (FFFE);
SDR 16 TDI (FFFF) TDO (9EFF);
SDR 16 TDI (FFFF) TDO (7BFF);
SDR 16 TDI (FFFF) TDO (5E6F);
SDR 16 TDI (FFFF) TDO (FFEF);
SDR 16 TDI (FFFF) TDO (B77F);
SDR 16 TDI (FFFF) TDO (FFFF);
SDR 16 TDI (FFFF) TDO (7FFF);
SDR 16 TDI (FFFF) TDO (FFFF);
SDR 16 TDI (FFFF) TDO (BFFF);
SDR 16 TDI (FFFF) TDO (FFFF);
SDR 16 TDI (FFFF) TDO (6FFF);
SDR 16 TDI (FFFF) TDO (FFFF);
SDR 16 TDI (FFFF) TDO (BDBF);
SDR 16 TDI (FFFF) TDO (F7FE);
SDR 16 TDI (FFFF) TDO (5FFF);
SDR 16 TDI (FFFF) TDO (FEFF);
SDR 16 TDI (FFFF) TDO (B7FF);
SDR 16 TDI (FFFF) TDO (FFBF);
SDR 16 TDI (FFFF) TDO (7FD7);
SDR 16 TDI (FFFF) TDO (FFFF);
SDR 16 TDI (FFFF) TDO (BDFD);
SDR 16 TDI (FFFF) TDO (FFFF);
SDR 16 TDI (FFFF) TDO (7FFF);
SDR 16 TDI (FFFF) TDO (FFFF);
SDR 16 TDI (FFFF) TDO (BFFF);
SDR 16 TDI (FFFF) TDO (FFFF);
SDR 16 TDI (FFFF) TDO (5FFF);
SDR 16 TDI (FFFF) TDO (FAFD);
SDR 16 TDI (FFFF) TDO (BFDF);
SDR 16 TDI (FFFF) TDO (FFFB);
SDR 16 TDI (FFFF) TDO (76FF);
SDR 16 TDI (FFFF) TDO (FFFF);
SDR 16 TDI (FFFF) TDO (BBFF);
SDR 16 TDI (FFFF) TDO (EFFE);
SDR 16 TDI (FFFF) TDO (7FFF);
SDR 16 TDI (FFFF) TDO (F5FF);
SDR 16 TDI (FFFF) TDO (BFDF);
SDR 16 TDI (FFFF) TDO (FFFF);
SDR 16 TDI (FFFF) TDO (5FFF);
SDR 16 TDI (FFFF) TDO (FFFF);
SDR 16 TDI (FFFF) TDO (AFFF);
SDR 16 TDI (FFFF) TDO (FFFF);
SDR 16 TDI (FFFF) TDO (7FFF);
SDR 16 TDI (FFFF) TDO (FFFF);
SDR 16 TDI (FFFF) TDO (BFBF);
SDR 16 TDI (FFFF) TDO (F7FD);
SDR 16 TDI (FFFF) TDO (7FFF);
SDR 16 TDI (FFFF) TDO (FFFF);
SDR 16 TDI (FFFF) TDO (ABFF);
SDR 16 TDI (FFFF) TDO (FFDF);
SDR 16 TDI (FFFF) TDO (5FEF);
SDR 16 TDI (FFFF) TDO (F7FF);
SDR 16 TDI (FFFF) TDO (BBDD);
SDR 16 TDI (FFFF) TDO (FFFF);
SDR 16 TDI (FFFF) TDO (7DFF);
SDR 16 TDI (FFFF) TDO (FFFF);
SDR 16 TDI (FFFF) TDO (AFFF);
SDR 16 TDI (FFFF) TDO (FFFF);
SDR 16 TDI (FFFF) TDO (77FF);
SDR 16 TDI (FFFF) TDO (FFFD);
SDR 16 TDI (FFFF) TDO (BEDF);
SDR 16 TDI (FFFF) TDO (FFFB);
SDR 16 TDI (FFFF) TDO (57FF);
SDR 16 TDI (FFFF) TDO (FEFF);
SDR 16 TDI (FFFF) TDO (BFFF);
SDR 16 TDI (FFFF) TDO (FFFF);
SDR 16 TDI (FFFF) TDO (7FF7);
SDR 16 TDI (FFFF) TDO (FDFF);
SDR 16 TDI (FFFF) TDO (BFFF);
SDR 16 TDI (FFFF) TDO (FFFF);
SDR 16 TDI (FFFF) TDO (7DFF);
SDR 16 TDI (FFFF) TDO (FFFF);
SDR 16 TDI (FFFF) TDO (BBFF);
SDR 16 TDI (FFFF) TDO (7EEF);
SDR 16 TDI (FFFF) TDO (5FFB);
SDR 16 TDI (FFFF) TDO (FFFF);
SDR 16 TDI (FFFF) TDO (BFFF);
SDR 16 TDI (FFFF) TDO (7FFF);
SDR 16 TDI (FFFF) TDO (7FFF);
SDR 16 TDI (FFFF) TDO (FFFF);
SDR 16 TDI (FFFF) TDO (BFFF);
SDR 16 TDI (FFFF) TDO (B7FF);
SDR 16 TDI (FFFF) TDO (7FFF);
SDR 16 TDI (FFFF) TDO (FFBF);
SDR 16 TDI (FFFF) TDO (BFF6);
SDR 16 TDI (FFFF) TDO (FFFF);
SDR 16 TDI (FFFF) TDO (5FFF);
SDR 16 TDI (FFFF) TDO (FFFF);
SDR 16 TDI (FFFF) TDO (BFFF);
SDR 16 TDI (FFFF) TDO (FFFF);
SDR 16 TDI (FFFF) TDO (7FFF);
SDR 16 TDI (FFFF) TDO (FFFF);
SDR 16 TDI (FFFF) TDO (BFFF);
SDR 16 TDI (FFFF) TDO (FFFF);
SDR 16 TDI (FFFF) TDO (7FFF);
SDR 16 TDI (FFFF) TDO (FEFF);
SDR 16 TDI (FFFF) TDO (B7FF);
SDR 16 TDI (FFFF) TDO (FFFF);
SDR 16 TDI (FFFF) TDO (5A77);
SDR 16 TDI (FFFF) TDO (FFFF);
SDR 16 TDI (FFFF) TDO (BFFF);
SDR 16 TDI (FFFF) TDO (FFFF);
SDR 16 TDI (FFFF) TDO (7FFF);
SDR 16 TDI (FFFF) TDO (FFFF);
SDR 16 TDI (FFFF) TDO (BFFF);
SDR 16 TDI (FFFF) TDO (FDDF);
SDR 16 TDI (FFFF) TDO (7FFC);
SDR 16 TDI (FFFF) TDO (FFFF);
SDR 16 TDI (FFFF) TDO (BFFA);
SDR 16 TDI (FFFF) TDO (FBFF);
SDR 16 TDI (FFFF) TDO (5FFF);
SDR 16 TDI (FFFF) TDO (FFFF);
SDR 16 TDI (FFFF) TDO (BFDF);
SDR 16 TDI (FFFF) TDO (DFAE);
SDR 16 TDI (FFFF) TDO (7EFF);
SDR 16 TDI (FFFF) TDO (EFFF);
SDR 16 TDI (FFFF) TDO (BBFF);
SDR 16 TDI (FFFF) TDO (FFFF);
SDR 16 TDI (FFFF) TDO (7FFF);
SDR 16 TDI (FFFF) TDO (FFFF);
SDR 16 TDI (FFFF) TDO (BFFF);
SDR 16 TDI (FFFF) TDO (7FFF);
SDR 16 TDI (FFFF) TDO (5FFF);
SDR 16 TDI (FFFF) TDO (FFFF);
SDR 16 TDI (FFFF) TDO (BFFF);
SDR 16 TDI (FFFF) TDO (7FFF);
SDR 16 TDI (FFFF) TDO (7FFF);
SDR 16 TDI (FFFF) TDO (FEFF);
SDR 16 TDI (FFFF) TDO (B7FF);
SDR 16 TDI (FFFF) TDO (EFFF);
SDR 16 TDI (FFFF) TDO (7BBB);
SDR 16 TDI (FFFF) TDO (FF7F);
SDR 16 TDI (FFFF) TDO (BFEE);
SDR 16 TDI (FFFF) TDO (FFFF);
SDR 16 TDI (FFFF) TDO (5FFF);
SDR 16 TDI (FFFF) TDO (FFFF);
SDR 16 TDI (FFFF) TDO (BFFF);
SDR 16 TDI (FFFF) TDO (FFFF);
SDR 16 TDI (FFFF) TDO (7FFE);
SDR 16 TDI (FFFF) TDO (FFFF);
SDR 16 TDI (FFFF) TDO (BFFB);
SDR 16 TDI (FFFF) TDO (FFFF);
SDR 16 TDI (FFFF) TDO (7FBF);
SDR 16 TDI (FFFF) TDO (5FDF);
SDR 16 TDI (FFFF) TDO (BFFF);
SDR 16 TDI (FFFF) TDO (FFFF);
SDR 16 TDI (FFFF) TDO (5FFF);
SDR 16 TDI (FFFF) TDO (FFFF);
SDR 16 TDI (FFFF) TDO (BFFF);
SDR 16 TDI (FFFF) TDO (EF7F);
SDR 16 TDI (FFFF) TDO (6FFF);
SDR 16 TDI (FFFF) TDO (FFFF);
SDR 16 TDI (FFFF) TDO (BFFF);
SDR 16 TDI (FFFF) TDO (FFFF);
SDR 16 TDI (FFFF) TDO (7FF7);
SDR 16 TDI (FFFF) TDO (FFFF);
SDR 16 TDI (FFFF) TDO (BEFF);
SDR 16 TDI (FFFF) TDO (BFFB);
SDR 16 TDI (FFFF) TDO (5BEF);
SDR 16 TDI (FFFF) TDO (FFFA);
SDR 16 TDI (FFFF) TDO (BFFF);
SDR 16 TDI (FFFF) TDO (DFFF);
SDR 16 TDI (FFFF) TDO (6FFF);
SDR 16 TDI (FFFF) TDO (FFDF);
SDR 16 TDI (FFFF) TDO (BFFF);
SDR 16 TDI (FFFF) TDO (FFFF);
SDR 16 TDI (FFFF) TDO (7FFF);
SDR 16 TDI (FFFF) TDO (FFFF);
SDR 16 TDI (FFFF) TDO (BFFF);
SDR 16 TDI (FFFF) TDO (FFFB);
SDR 16 TDI (FFFF) TDO (5FFF);
SDR 16 TDI (FFFF) TDO (7FFF);
SDR 16 TDI (FFFF) TDO (BFF7);
SDR 16 TDI (FFFF) TDO (FFFE);
SDR 16 TDI (FFFF) TDO (77DF);
SDR 16 TDI (FFFF) TDO (DFF5);
SDR 16 TDI (FFFF) TDO (BEFF);
SDR 16 TDI (FFFF) TDO (DFFF);
SDR 16 TDI (FFFF) TDO (7FFF);
SDR 16 TDI (FFFF) TDO (FEDF);
SDR 16 TDI (FFFF) TDO (BF5F);
SDR 16 TDI (FFFF) TDO (FFFF);
SDR 16 TDI (FFFF) TDO (5FFF);
SDR 16 TDI (FFFF) TDO (FFFF);
SDR 16 TDI (FFFF) TDO (BFFF);
SDR 16 TDI (FFFF) TDO (FFFF);
SDR 16 TDI (FFFF) TDO (7FFF);
SDR 16 TDI (FFFF) TDO (FFFF);
SDR 16 TDI (FFFF) TDO (BEFF);
SDR 16 TDI (FFFF) TDO (BDFF);
SDR 16 TDI (FFFF) TDO (7DEF);
SDR 16 TDI (FFFF) TDO (7FEF);
SDR 16 TDI (FFFF) TDO (BBEF);
SDR 16 TDI (FFFF) TDO (FFFE);
SDR 16 TDI (FFFF) TDO (5FFF);
SDR 16 TDI (FFFF) TDO (FFFF);
SDR 16 TDI (FFFF) TDO (BFFF);
SDR 16 TDI (FFFF) TDO (F77F);
SDR 16 TDI (FFFF) TDO (6FFF);
SDR 16 TDI (FFFF) TDO (FFFF);
SDR 16 TDI (FFFF) TDO (A55F);
SDR 16 TDI (FFFF) TDO (FFFF);
SDR 16 TDI (FFFF) TDO (7FFF);
SDR 16 TDI (FFFF) TDO (FFFF);
SDR 16 TDI (FFFF) TDO (BF7F);
SDR 16 TDI (FFFF) TDO (FFFF);
SDR 16 TDI (FFFF) TDO (5FFF);
SDR 16 TDI (FFFF) TDO (FFFD);
SDR 16 TDI (FFFF) TDO (BFFF);
SDR 16 TDI (FFFF) TDO (FBFF);
SDR 16 TDI (FFFF) TDO (7FFF);
SDR 16 TDI (FFFF) TDO (FFFF);
SDR 16 TDI (FFFF) TDO (BFFF);
SDR 16 TDI (FFFF) TDO (FFFD);
SDR 16 TDI (FFFF) TDO (7BFF);
SDR 16 TDI (FFFF) TDO (FFFF);
SDR 16 TDI (FFFF) TDO (AFFF);
SDR 16 TDI (FFFF) TDO (EEE6);
SDR 16 TDI (FFFF) TDO (4FEE);
SDR 16 TDI (FFFF) TDO (F3EF);
SDR 16 TDI (FFFF) TDO (BEFF);
SDR 16 TDI (FFFF) TDO (FFFB);
SDR 16 TDI (FFFF) TDO (7733);
SDR 16 TDI (FFFF) TDO (FFFB);
SDR 16 TDI (FFFF) TDO (BF5F);
SDR 16 TDI (FFFF) TDO (FFBB);
SDR 16 TDI (FFFF) TDO (75FF);
SDR 16 TDI (FFFF) TDO (DFEF);
SDR 16 TDI (FFFF) TDO (BFFF);
SDR 16 TDI (FFFF) TDO (DEFF);
SDR 16 TDI (FFFF) TDO (5FFF);
SDR 16 TDI (FFFF) TDO (FFFF);
SDR 16 TDI (FFFF) TDO (A55F);
SDR 16 TDI (FFFF) TDO (BBBF);
SDR 16 TDI (FFFF) TDO (7FFF);
SDR 16 TDI (FFFF) TDO (FBFF);
SDR 16 TDI (FFFF) TDO (BFF7);
SDR 16 TDI (FFFF) TDO (FF6F);
SDR 16 TDI (FFFF) TDO (7FFD);
SDR 16 TDI (FFFF) TDO (7FFF);
SDR 16 TDI (FFFF) TDO (BEFF);
SDR 16 TDI (FFFF) TDO (7FFF);
SDR 16 TDI (FFFF) TDO (5FFF);
SDR 16 TDI (FFFF) TDO (FFFF);
SDR 16 TDI (FFFF) TDO (BFFF);
SDR 16 TDI (FFFF) TDO (FFFD);
SDR 16 TDI (FFFF) TDO (75FF);
SDR 16 TDI (FFFF) TDO (FFFF);
SDR 16 TDI (FFFF) TDO (AAAE);
SDR 16 TDI (FFFF) TDO (EFEE);
SDR 16 TDI (FFFF) TDO (7FEF);
SDR 16 TDI (FFFF) TDO (FF7B);
SDR 16 TDI (FFFF) TDO (BFFB);
SDR 16 TDI (FFFF) TDO (FFFD);
SDR 16 TDI (FFFF) TDO (5EFF);
SDR 16 TDI (FFFF) TDO (7FFB);
SDR 16 TDI (FFFF) TDO (BFFE);
SDR 16 TDI (FFFF) TDO (FFFF);
SDR 16 TDI (FFFF) TDO (76FF);
SDR 16 TDI (FFFF) TDO (FFFE);
SDR 16 TDI (FFFF) TDO (BFDF);
SDR 16 TDI (FFFF) TDO (FEFF);
SDR 16 TDI (FFFF) TDO (7DFF);
SDR 16 TDI (FFFF) TDO (FFFF);
SDR 16 TDI (FFFF) TDO (9FFF);
SDR 16 TDI (FFFF) TDO (FAFF);
SDR 16 TDI (FFFF) TDO (77FB);
SDR 16 TDI (FFFF) TDO (AFFF);
SDR 16 TDI (FFFF) TDO (BFBF);
SDR 16 TDI (FFFF) TDO (FFE7);
SDR 16 TDI (FFFF) TDO (7DBF);
SDR 16 TDI (FFFF) TDO (FFFE);
SDR 16 TDI (FFFF) TDO (BFFF);
SDR 16 TDI (FFFF) TDO (DFDF);
SDR 16 TDI (FFFF) TDO (7FFF);
SDR 16 TDI (FFFF) TDO (EFFF);
SDR 16 TDI (FFFF) TDO (9FFF);
SDR 16 TDI (FFFF) TDO (FDFF);
SDR 16 TDI (FFFF) TDO (7FFF);
SDR 16 TDI (FFFF) TDO (FFFF);
SDR 16 TDI (FFFF) TDO (BFFE);
SDR 16 TDI (FFFF) TDO (BFFF);
SDR 16 TDI (FFFF) TDO (7FFB);
SDR 16 TDI (FFFF) TDO (FFEF);
SDR 16 TDI (FFFF) TDO (BFFF);
SDR 16 TDI (FFFF) TDO (FFFF);
SDR 16 TDI (FFFF) TDO (6FEF);
SDR 16 TDI (FFFF) TDO (FFFF);
SDR 16 TDI (FFFF) TDO (BFDF);
SDR 16 TDI (FFFF) TDO (EBFB);
SDR 16 TDI (FFFF) TDO (5FFF);
SDR 16 TDI (FFFF) TDO (BFFF);
SDR 16 TDI (FFFF) TDO (BFFF);
SDR 16 TDI (FFFF) TDO (FFFF);
SDR 16 TDI (FFFF) TDO (7FFF);
SDR 16 TDI (FFFF) TDO (FFFF);
SDR 16 TDI (FFFF) TDO (BFFF);
SDR 16 TDI (FFFF) TDO (FADD);
SDR 16 TDI (FFFF) TDO (7FFB);
SDR 16 TDI (FFFF) TDO (B9FF);
SDR 16 TDI (FFFF) TDO (BFFF);
SDR 16 TDI (FFFF) TDO (FFD7);
SDR 16 TDI (FFFF) TDO (4A7E);
SDR 16 TDI (FFFF) TDO (FFFF);
SDR 16 TDI (FFFF) TDO (BF9F);
SDR 16 TDI (FFFF) TDO (F9FB);
SDR 16 TDI (FFFF) TDO (7DFF);
SDR 16 TDI (FFFF) TDO (FFFF);
SDR 16 TDI (FFFF) TDO (BFFF);
SDR 16 TDI (FFFF) TDO (DF7F);
SDR 16 TDI (FFFF) TDO (7FFF);
SDR 16 TDI (FFFF) TDO (FFFF);
SDR 16 TDI (FFFF) TDO (BEEF);
SDR 16 TDI (FFFF) TDO (157F);
SDR 16 TDI (FFFF) TDO (57F5);
SDR 16 TDI (FFFF) TDO (7FE7);
SDR 16 TDI (FFFF) TDO (BD7F);
SDR 16 TDI (FFFF) TDO (FFED);
SDR 16 TDI (FFFF) TDO (7FF3);
SDR 16 TDI (FFFF) TDO (7FFE);
SDR 16 TDI (FFFF) TDO (BFFF);
SDR 16 TDI (FFFF) TDO (FFFF);
SDR 16 TDI (FFFF) TDO (7BFF);
SDR 16 TDI (FFFF) TDO (EFFF);
SDR 16 TDI (FFFF) TDO (BFFF);
SDR 16 TDI (FFFF) TDO (FFFB);
SDR 16 TDI (FFFF) TDO (57FF);
SDR 16 TDI (FFFF) TDO (FFFF);
SDR 16 TDI (FFFF) TDO (BFFC);
SDR 16 TDI (FFFF) TDO (EFE6);
SDR 16 TDI (FFFF) TDO (6FEF);
SDR 16 TDI (FFFF) TDO (E6FB);
SDR 16 TDI (FFFF) TDO (BFB3);
SDR 16 TDI (FFFF) TDO (FF7B);
SDR 16 TDI (FFFF) TDO (778D);
SDR 16 TDI (FFFF) TDO (FFF1);
SDR 16 TDI (FFFF) TDO (BE7E);
SDR 16 TDI (FFFF) TDO (379D);
SDR 16 TDI (FFFF) TDO (56FF);
SDR 16 TDI (FFFF) TDO (5FDE);
SDR 16 TDI (FFFF) TDO (BFBF);
SDR 16 TDI (FFFF) TDO (FAFF);
SDR 16 TDI (FFFF) TDO (7FFF);
SDR 16 TDI (FFFF) TDO (FFFF);
SDR 16 TDI (FFFF) TDO (B99C);
SDR 16 TDI (FFFF) TDO (E802);
SDR 16 TDI (FFFF) TDO (7FCB);
SDR 16 TDI (FFFF) TDO (4F99);
SDR 16 TDI (FFFF) TDO (BFC3);
SDR 16 TDI (FFFF) TDO (FFF3);
SDR 16 TDI (FFFF) TDO (47BE);
SDR 16 TDI (FFFF) TDO (1FFF);
SDR 16 TDI (FFFF) TDO (BE1F);
SDR 16 TDI (FFFF) TDO (F999);
SDR 16 TDI (FFFF) TDO (7FFF);
SDR 16 TDI (FFFF) TDO (CF0F);
SDR 16 TDI (FFFF) TDO (B7E7);
SDR 16 TDI (FFFF) TDO (82F4);
SDR 16 TDI (FFFF) TDO (79FF);
SDR 16 TDI (FFFF) TDO (FFFF);
SDR 16 TDI (FFFF) TDO (97BC);
SDR 16 TDI (FFFF) TDO (A946);
SDR 16 TDI (FFFF) TDO (57B7);
SDR 16 TDI (FFFF) TDO (4B99);
SDR 16 TDI (FFFF) TDO (BF03);
SDR 16 TDI (FFFF) TDO (FFD3);
SDR 16 TDI (FFFF) TDO (47A8);
SDR 16 TDI (FFFF) TDO (1FFE);
SDR 16 TDI (FFFF) TDO (BE9E);
SDR 16 TDI (FFFF) TDO (9999);
SDR 16 TDI (FFFF) TDO (72FF);
SDR 16 TDI (FFFF) TDO (CF0D);
SDR 16 TDI (FFFF) TDO (9FE7);
SDR 16 TDI (FFFF) TDO (83FF);
SDR 16 TDI (FFFF) TDO (5DFF);
SDR 16 TDI (FFFF) TDO (FFFF);
SDR 16 TDI (FFFF) TDO (BDDF);
SDR 16 TDI (FFFF) TDO (443F);
SDR 16 TDI (FFFF) TDO (5FF2);
SDR 16 TDI (FFFF) TDO (0197);
SDR 16 TDI (FFFF) TDO (BC0F);
SDR 16 TDI (FFFF) TDO (FFF6);
SDR 16 TDI (FFFF) TDO (6DFF);
SDR 16 TDI (FFFF) TDO (9FFF);
SDR 16 TDI (FFFF) TDO (BE1F);
SDR 16 TDI (FFFF) TDO (FFFF);
SDR 16 TDI (FFFF) TDO (5FFF);
SDR 16 TDI (FFFF) TDO (0F0F);
SDR 16 TDI (FFFF) TDO (BFE7);
SDR 16 TDI (FFFF) TDO (84F5);
SDR 16 TDI (FFFF) TDO (6BFF);
SDR 16 TDI (FFFF) TDO (FFFF);
SDR 16 TDI (FFFF) TDO (BEF7);
SDR 16 TDI (FFFF) TDO (E43C);
SDR 16 TDI (FFFF) TDO (67F6);
SDR 16 TDI (FFFF) TDO (0197);
SDR 16 TDI (FFFF) TDO (BC0F);
SDR 16 TDI (FFFF) TDO (FFF6);
SDR 16 TDI (FFFF) TDO (4DA1);
SDR 16 TDI (FFFF) TDO (9FF4);
SDR 16 TDI (FFFF) TDO (BEFF);
SDR 16 TDI (FFFF) TDO (9FFF);
SDR 16 TDI (FFFF) TDO (7EFF);
SDR 16 TDI (FFFF) TDO (FF0F);
SDR 16 TDI (FFFF) TDO (BFE7);
SDR 16 TDI (FFFF) TDO (85FF);
SDR 16 TDI (FFFF) TDO (7FFF);
SDR 16 TDI (FFFF) TDO (FFFF);
SDR 16 TDI (FFFF) TDO (BEFF);
SDR 16 TDI (FFFF) TDO (B337);
SDR 16 TDI (FFFF) TDO (53EE);
SDR 16 TDI (FFFF) TDO (6EEF);
SDR 16 TDI (FFFF) TDO (B333);
SDR 16 TDI (FFFF) TDO (B1E1);
SDR 16 TDI (FFFF) TDO (626E);
SDR 16 TDI (FFFF) TDO (7CC8);
SDR 16 TDI (FFFF) TDO (B90B);
SDR 16 TDI (FFFF) TDO (9B99);
SDR 16 TDI (FFFF) TDO (73CC);
SDR 16 TDI (FFFF) TDO (8CC7);
SDR 16 TDI (FFFF) TDO (99B9);
SDR 16 TDI (FFFF) TDO (99FF);
SDR 16 TDI (FFFF) TDO (5FFF);
SDR 16 TDI (FFFF) TDO (FFFF);
SDR 16 TDI (FFFF) TDO (BFFF);
SDR 16 TDI (FFFF) TDO (3777);
SDR 16 TDI (FFFF) TDO (6147);
SDR 16 TDI (FFFF) TDO (6667);
SDR 16 TDI (FFFF) TDO (B777);
SDR 16 TDI (FFFF) TDO (75BB);
SDR 16 TDI (FFFF) TDO (7727);
SDR 16 TDI (FFFF) TDO (7DDD);
SDR 16 TDI (FFFF) TDO (9BAD);
SDR 16 TDI (FFFF) TDO (C9CD);
SDR 16 TDI (FFFF) TDO (59DD);
SDR 16 TDI (FFFF) TDO (DDCA);
SDR 16 TDI (FFFF) TDO (B59D);
SDR 16 TDI (FFFF) TDO (99FF);
SDR 16 TDI (FFFF) TDO (7FFF);
SDR 16 TDI (FFFF) TDO (FFFF);
SDR 16 TDI (FFFF) TDO (BDF7);
SDR 16 TDI (FFFF) TDO (FBBB);
SDR 16 TDI (FFFF) TDO (7FDE);
SDR 16 TDI (FFFF) TDO (FFFF);
SDR 16 TDI (FFFF) TDO (BFBB);
SDR 16 TDI (FFFF) TDO (FF17);
SDR 16 TDI (FFFF) TDO (4FFE);
SDR 16 TDI (FFFF) TDO (FFFE);
SDR 16 TDI (FFFF) TDO (BFDC);
SDR 16 TDI (FFFF) TDO (FFBF);
SDR 16 TDI (FFFF) TDO (77FF);
SDR 16 TDI (FFFF) TDO (EF7F);
SDR 16 TDI (FFFF) TDO (B7FF);
SDR 16 TDI (FFFF) TDO (F7FF);
SDR 16 TDI (FFFF) TDO (7FFF);
SDR 16 TDI (FFFF) TDO (FFFF);
SDR 16 TDI (FFFF) TDO (9FFF);
SDR 16 TDI (FFFF) TDO (EDFF);
SDR 16 TDI (FFFF) TDO (5FFF);
SDR 16 TDI (FFFF) TDO (FFFF);
SDR 16 TDI (FFFF) TDO (BFFF);
SDR 16 TDI (FFFF) TDO (7FFE);
SDR 16 TDI (FFFF) TDO (73BE);
SDR 16 TDI (FFFF) TDO (FFFF);
SDR 16 TDI (FFFF) TDO (BEFF);
SDR 16 TDI (FFFF) TDO (FFFF);
SDR 16 TDI (FFFF) TDO (7FFF);
SDR 16 TDI (FFFF) TDO (FFFF);
SDR 16 TDI (FFFF) TDO (BFFF);
SDR 16 TDI (FFFF) TDO (F7FF);
SDR 16 TDI (FFFF) TDO (5FFF);
SDR 16 TDI (FFFF) TDO (FFFF);
SDR 16 TDI (FFFF) TDO (BFFF);
SDR 16 TDI (FFFF) TDO (FFFF);
SDR 16 TDI (FFFF) TDO (77FF);
SDR 16 TDI (FFFF) TDO (FFFF);
SDR 16 TDI (FFFF) TDO (BEEF);
SDR 16 TDI (FFFF) TDO (FFF7);
SDR 16 TDI (FFFF) TDO (7FFF);
SDR 16 TDI (FFFF) TDO (FFFD);
SDR 16 TDI (FFFF) TDO (BFBF);
SDR 16 TDI (FFFF) TDO (EEFF);
SDR 16 TDI (FFFF) TDO (5FBF);
SDR 16 TDI (FFFF) TDO (FFDF);
SDR 16 TDI (FFFF) TDO (BEFF);
SDR 16 TDI (FFFF) TDO (FFFF);
SDR 16 TDI (FFFF) TDO (7FFF);
SDR 16 TDI (FFFF) TDO (FFFF);
SDR 16 TDI (FFFF) TDO (AFFF);
SDR 16 TDI (FFFF) TDO (FDFF);
SDR 16 TDI (FFFF) TDO (7FFF);
SDR 16 TDI (FFFF) TDO (FFFF);
SDR 16 TDI (FFFF) TDO (BFFF);
SDR 16 TDI (FFFF) TDO (FFFE);
SDR 16 TDI (FFFF) TDO (55FE);
SDR 16 TDI (FFFF) TDO (FFFD);
SDR 16 TDI (FFFF) TDO (BFBF);
SDR 16 TDI (FFFF) TDO (FFFF);
SDR 16 TDI (FFFF) TDO (7FFF);
SDR 16 TDI (FFFF) TDO (FFFF);
SDR 16 TDI (FFFF) TDO (BFFF);
SDR 16 TDI (FFFF) TDO (F7FF);
SDR 16 TDI (FFFF) TDO (7DFF);
SDR 16 TDI (FFFF) TDO (FFFF);
SDR 16 TDI (FFFF) TDO (AFFF);
SDR 16 TDI (FFFF) TDO (DFFF);
SDR 16 TDI (FFFF) TDO (5FFF);
SDR 16 TDI (FFFF) TDO (FFFF);
SDR 16 TDI (FFFF) TDO (BFFF);
SDR 16 TDI (FFFF) TDO (BFFF);
SDR 16 TDI (FFFF) TDO (7FBF);
SDR 16 TDI (FFFF) TDO (FFFF);
SDR 16 TDI (FFFF) TDO (BF7F);
SDR 16 TDI (FFFF) TDO (FFFF);
SDR 16 TDI (FFFF) TDO (7FFF);
SDR 16 TDI (FFFF) TDO (FFDF);
SDR 16 TDI (FFFF) TDO (9FFF);
SDR 16 TDI (FFFF) TDO (FFFF);
SDR 16 TDI (FFFF) TDO (7DFF);
SDR 16 TDI (FFFF) TDO (FFFF);
SDR 16 TDI (FFFF) TDO (BFFF);
SDR 16 TDI (FFFF) TDO (FFF7);
SDR 16 TDI (FFFF) TDO (7FFF);
SDR 16 TDI (FFFF) TDO (FFFF);
SDR 16 TDI (FFFF) TDO (B5FB);
SDR 16 TDI (FFFF) TDO (EFFF);
SDR 16 TDI (FFFF) TDO (77FB);
SDR 16 TDI (FFFF) TDO (FF7F);
SDR 16 TDI (FFFF) TDO (BFFF);
SDR 16 TDI (FFFF) TDO (FFF7);
SDR 16 TDI (FFFF) TDO (5BF7);
SDR 16 TDI (FFFF) TDO (FFEF);
SDR 16 TDI (FFFF) TDO (BFFF);
SDR 16 TDI (FFFF) TDO (7BFF);
SDR 16 TDI (FFFF) TDO (7FFF);
SDR 16 TDI (FFFF) TDO (FFFF);
SDR 16 TDI (FFFF) TDO (BFFF);
SDR 16 TDI (FFFF) TDO (FFFF);
SDR 16 TDI (FFFF) TDO (7FFF);
SDR 16 TDI (FFFF) TDO (FFFF);
SDR 16 TDI (FFFF) TDO (AFFD);
SDR 16 TDI (FFFF) TDO (FFFF);
SDR 16 TDI (FFFF) TDO (5FFF);
SDR 16 TDI (FFFF) TDO (EFFE);
SDR 16 TDI (FFFF) TDO (BFFF);
SDR 16 TDI (FFFF) TDO (FFFD);
SDR 16 TDI (FFFF) TDO (7FFF);
SDR 16 TDI (FFFF) TDO (EFFF);
SDR 16 TDI (FFFF) TDO (BFEF);
SDR 16 TDI (FFFF) TDO (FFFF);
SDR 16 TDI (FFFF) TDO (7FFF);
SDR 16 TDI (FFFF) TDO (FFFF);
SDR 16 TDI (FFFF) TDO (BFFF);
SDR 16 TDI (FFFF) TDO (FFF7);
SDR 16 TDI (FFFF) TDO (5FFF);
SDR 16 TDI (FFFF) TDO (FFFF);
SDR 16 TDI (FFFF) TDO (BAFF);
SDR 16 TDI (FFFF) TDO (EFFF);
SDR 16 TDI (FFFF) TDO (77FD);
SDR 16 TDI (FFFF) TDO (EFFF);
SDR 16 TDI (FFFF) TDO (BFFF);
SDR 16 TDI (FFFF) TDO (FFEF);
SDR 16 TDI (FFFF) TDO (7FFB);
SDR 16 TDI (FFFF) TDO (FFEF);
SDR 16 TDI (FFFF) TDO (BFFE);
SDR 16 TDI (FFFF) TDO (FFFF);
SDR 16 TDI (FFFF) TDO (5FFF);
SDR 16 TDI (FFFF) TDO (FFFF);
SDR 16 TDI (FFFF) TDO (BFFF);
SDR 16 TDI (FFFF) TDO (FFFF);
SDR 16 TDI (FFFF) TDO (7FFF);
SDR 16 TDI (FFFF) TDO (FFFF);
SDR 16 TDI (FFFF) TDO (BFF5);
SDR 16 TDI (FFFF) TDO (FFFF);
SDR 16 TDI (FFFF) TDO (7FFF);
SDR 16 TDI (FFFF) TDO (FFBF);
SDR 16 TDI (FFFF) TDO (BFFF);
SDR 16 TDI (FFFF) TDO (FFFD);
SDR 16 TDI (FFFF) TDO (57FF);
SDR 16 TDI (FFFF) TDO (FFFF);
SDR 16 TDI (FFFF) TDO (BFFF);
SDR 16 TDI (FFFF) TDO (FBFF);
SDR 16 TDI (FFFF) TDO (7FFF);
SDR 16 TDI (FFFF) TDO (FFFF);
SDR 16 TDI (FFFF) TDO (BFFF);
SDR 16 TDI (FFFF) TDO (FFFF);
SDR 16 TDI (FFFF) TDO (7FEF);
SDR 16 TDI (FFFF) TDO (FFFF);
SDR 16 TDI (FFFF) TDO (BFFF);
SDR 16 TDI (FFFF) TDO (FFFF);
SDR 16 TDI (FFFF) TDO (5FFD);
SDR 16 TDI (FFFF) TDO (EFFF);
SDR 16 TDI (FFFF) TDO (BFFF);
SDR 16 TDI (FFFF) TDO (FFFF);
SDR 16 TDI (FFFF) TDO (7FFF);
SDR 16 TDI (FFFF) TDO (FFFF);
SDR 16 TDI (FFFF) TDO (BFFF);
SDR 16 TDI (FFFF) TDO (D7FF);
SDR 16 TDI (FFFF) TDO (7FFF);
SDR 16 TDI (FFFF) TDO (FFFF);
SDR 16 TDI (FFFF) TDO (BFFF);
SDR 16 TDI (FFFF) TDO (E7FF);
SDR 16 TDI (FFFF) TDO (4FFF);
SDR 16 TDI (FFFF) TDO (BFFF);
SDR 16 TDI (FFFF) TDO (BEFF);
SDR 16 TDI (FFFF) TDO (FFFF);
SDR 16 TDI (FFFF) TDO (7FFF);
SDR 16 TDI (FFFF) TDO (EF7F);
SDR 16 TDI (FFFF) TDO (BFBF);
SDR 16 TDI (FFFF) TDO (FFFF);
SDR 16 TDI (FFFF) TDO (7FFF);
SDR 16 TDI (FFFF) TDO (BFFF);
SDR 16 TDI (FFFF) TDO (BFFF);
SDR 16 TDI (FFFF) TDO (FFFF);
SDR 16 TDI (FFFF) TDO (5FFF);
SDR 16 TDI (FFFF) TDO (FFFF);
SDR 16 TDI (FFFF) TDO (BFFF);
SDR 16 TDI (FFFF) TDO (DFFF);
SDR 16 TDI (FFFF) TDO (7FF7);
SDR 16 TDI (FFFF) TDO (FFFF);
SDR 16 TDI (FFFF) TDO (BDFF);
SDR 16 TDI (FFFF) TDO (BFFF);
SDR 16 TDI (FFFF) TDO (7FFF);
SDR 16 TDI (FFFF) TDO (FFFF);
SDR 16 TDI (FFFF) TDO (BFFF);
SDR 16 TDI (FFFF) TDO (FFFF);
SDR 16 TDI (FFFF) TDO (5FFF);
SDR 16 TDI (FFFF) TDO (FFFF);
SDR 16 TDI (FFFF) TDO (BFFF);
SDR 16 TDI (FFFF) TDO (FFFF);
SDR 16 TDI (FFFF) TDO (7FFF);
SDR 16 TDI (FFFF) TDO (FFFF);
SDR 16 TDI (FFFF) TDO (BFFF);
SDR 16 TDI (FFFF) TDO (F7FF);
SDR 16 TDI (FFFF) TDO (6FFF);
SDR 16 TDI (FFFF) TDO (DFFF);
SDR 16 TDI (FFFF) TDO (9FFF);
SDR 16 TDI (FFFF) TDO (FFFF);
SDR 16 TDI (FFFF) TDO (7FFB);
SDR 16 TDI (FFFF) TDO (FFBF);
SDR 16 TDI (FFFF) TDO (BFBF);
SDR 16 TDI (FFFF) TDO (FFFF);
SDR 16 TDI (FFFF) TDO (7FFF);
SDR 16 TDI (FFFF) TDO (BFFF);
SDR 16 TDI (FFFF) TDO (BFFF);
SDR 16 TDI (FFFF) TDO (B7FF);
SDR 16 TDI (FFFF) TDO (7FFF);
SDR 16 TDI (FFFF) TDO (FFFF);
SDR 16 TDI (FFFF) TDO (BFFF);
SDR 16 TDI (FFFF) TDO (FFFD);
SDR 16 TDI (FFFF) TDO (5FFB);
SDR 16 TDI (FFFF) TDO (FFFF);
SDR 16 TDI (FFFF) TDO (BFFF);
SDR 16 TDI (FFFF) TDO (FFFF);
SDR 16 TDI (FFFF) TDO (7FFF);
SDR 16 TDI (FFFF) TDO (FFFF);
SDR 16 TDI (FFFF) TDO (BFFF);
SDR 16 TDI (FFFF) TDO (FFFF);
SDR 16 TDI (FFFF) TDO (7FFF);
SDR 16 TDI (FFFF) TDO (FFFF);
SDR 16 TDI (FFFF) TDO (9FFF);
SDR 16 TDI (FFFF) TDO (FFFF);
SDR 16 TDI (FFFF) TDO (7FFF);
SDR 16 TDI (FFFF) TDO (FFFF);
SDR 16 TDI (FFFF) TDO (BFFF);
SDR 16 TDI (FFFF) TDO (FDFF);
SDR 16 TDI (FFFF) TDO (7FFF);
SDR 16 TDI (FFFF) TDO (FFFF);
SDR 16 TDI (FFFF) TDO (BFFE);
SDR 16 TDI (FFFF) TDO (FFF7);
SDR 16 TDI (FFFF) TDO (6FFF);
SDR 16 TDI (FFFF) TDO (FFFF);
SDR 16 TDI (FFFF) TDO (BFFF);
SDR 16 TDI (FFFF) TDO (F7FF);
SDR 16 TDI (FFFF) TDO (5FFF);
SDR 16 TDI (FFFF) TDO (FFFF);
SDR 16 TDI (FFFF) TDO (BEEF);
SDR 16 TDI (FFFF) TDO (FFFF);
SDR 16 TDI (FFFF) TDO (7FFF);
SDR 16 TDI (FFFF) TDO (FFFF);
SDR 16 TDI (FFFF) TDO (BFFF);
SDR 16 TDI (FFFF) TDO (FF9B);
SDR 16 TDI (FFFF) TDO (77FF);
SDR 16 TDI (FFFF) TDO (FFFF);
SDR 16 TDI (FFFF) TDO (BE3F);
SDR 16 TDI (FFFF) TDO (DFFF);
SDR 16 TDI (FFFF) TDO (5FFF);
SDR 16 TDI (FFFF) TDO (FFCF);
SDR 16 TDI (FFFF) TDO (BFFF);
SDR 16 TDI (FFFF) TDO (BFFF);
SDR 16 TDI (FFFF) TDO (7FF8);
SDR 16 TDI (FFFF) TDO (FFFF);
SDR 16 TDI (FFFF) TDO (BFDF);
SDR 16 TDI (FFFF) TDO (FFFF);
SDR 16 TDI (FFFF) TDO (7FFF);
SDR 16 TDI (FFFF) TDO (FFFF);
SDR 16 TDI (FFFF) TDO (BFFF);
SDR 16 TDI (FFFF) TDO (FE76);
SDR 16 TDI (FFFF) TDO (4FFB);
SDR 16 TDI (FFFF) TDO (FFFF);
SDR 16 TDI (FFFF) TDO (BFFF);
SDR 16 TDI (FFFF) TDO (FFF7);
SDR 16 TDI (FFFF) TDO (6FFF);
SDR 16 TDI (FFFF) TDO (FFFF);
SDR 16 TDI (FFFF) TDO (BFFF);
SDR 16 TDI (FFFF) TDO (EFFF);
SDR 16 TDI (FFFF) TDO (7FFF);
SDR 16 TDI (FFFF) TDO (FFFF);
SDR 16 TDI (FFFF) TDO (BEBF);
SDR 16 TDI (FFFF) TDO (FFFF);
SDR 16 TDI (FFFF) TDO (5FFF);
SDR 16 TDI (FFFF) TDO (FFFF);
SDR 16 TDI (FFFF) TDO (BFFF);
SDR 16 TDI (FFFF) TDO (FFDF);
SDR 16 TDI (FFFF) TDO (7DFB);
SDR 16 TDI (FFFF) TDO (3FFF);
SDR 16 TDI (FFFF) TDO (BFE5);
SDR 16 TDI (FFFF) TDO (DFFF);
SDR 16 TDI (FFFF) TDO (7FFF);
SDR 16 TDI (FFFF) TDO (FFF9);
SDR 16 TDI (FFFF) TDO (B33F);
SDR 16 TDI (FFFF) TDO (BFFF);
SDR 16 TDI (FFFF) TDO (5FFF);
SDR 16 TDI (FFFF) TDO (999F);
SDR 16 TDI (FFFF) TDO (BFE7);
SDR 16 TDI (FFFF) TDO (FFFF);
SDR 16 TDI (FFFF) TDO (7FFF);
SDR 16 TDI (FFFF) TDO (FFFF);
SDR 16 TDI (FFFF) TDO (BFFF);
SDR 16 TDI (FFFF) TDO (FFFF);
SDR 16 TDI (FFFF) TDO (7FFF);
SDR 16 TDI (FFFF) TDO (FFFF);
SDR 16 TDI (FFFF) TDO (BFFF);
SDR 16 TDI (FFFF) TDO (FFFD);
SDR 16 TDI (FFFF) TDO (5BFF);
SDR 16 TDI (FFFF) TDO (FFFF);
SDR 16 TDI (FFFF) TDO (BFFF);
SDR 16 TDI (FFFF) TDO (FFFF);
SDR 16 TDI (FFFF) TDO (7FFF);
SDR 16 TDI (FFFF) TDO (FFFF);
SDR 16 TDI (FFFF) TDO (BFFF);
SDR 16 TDI (FFFF) TDO (FFFF);
SDR 16 TDI (FFFF) TDO (7FFF);
SDR 16 TDI (FFFF) TDO (FFFF);
SDR 16 TDI (FFFF) TDO (BFFC);
SDR 16 TDI (FFFF) TDO (F9E7);
SDR 16 TDI (FFFF) TDO (59FF);
SDR 16 TDI (FFFF) TDO (FFFF);
SDR 16 TDI (FFFF) TDO (BFFF);
SDR 16 TDI (FFFF) TDO (FCF9);
SDR 16 TDI (FFFF) TDO (7FFF);
SDR 16 TDI (FFFF) TDO (FFFF);
SDR 16 TDI (FFFF) TDO (BFE7);
SDR 16 TDI (FFFF) TDO (FFFF);
SDR 16 TDI (FFFF) TDO (7FFF);
SDR 16 TDI (FFFF) TDO (FFF3);
SDR 16 TDI (FFFF) TDO (BCFF);
SDR 16 TDI (FFFF) TDO (FFFF);
SDR 16 TDI (FFFF) TDO (5FFF);
SDR 16 TDI (FFFF) TDO (FFFF);
SDR 16 TDI (FFFF) TDO (BFFF);
SDR 16 TDI (FFFF) TDO (FFFF);
SDR 16 TDI (FFFF) TDO (7FFF);
SDR 16 TDI (FFFF) TDO (FFFF);
SDR 16 TDI (FFFF) TDO (BFFF);
SDR 16 TDI (FFFF) TDO (FFFF);
SDR 16 TDI (FFFF) TDO (7FFF);
SDR 16 TDI (FFFF) TDO (FFFF);
SDR 16 TDI (FFFF) TDO (9FFF);
SDR 16 TDI (FFFF) TDO (FFFF);
SDR 16 TDI (FFFF) TDO (5FFF);
SDR 16 TDI (FFFF) TDO (FFFF);
SDR 16 TDI (FFFF) TDO (BFFF);
SDR 16 TDI (FFFF) TDO (FFFF);
SDR 16 TDI (FFFF) TDO (7FFF);
SDR 16 TDI (FFFF) TDO (FFFF);
SDR 16 TDI (FFFF) TDO (BFFF);
SDR 16 TDI (FFFF) TDO (FFFF);
SDR 16 TDI (FFFF) TDO (7FFF);
SDR 16 TDI (FFFF) TDO (FFFF);
SDR 16 TDI (FFFF) TDO (BFFF);
SDR 16 TDI (FFFF) TDO (FFFF);
SDR 16 TDI (FFFF) TDO (7FFF);
SDR 16 TDI (FFFF) TDO (FFFF);
SDR 16 TDI (FFFF) TDO (BFFF);
SDR 16 TDI (FFFF) TDO (FFFF);
SDR 16 TDI (FFFF) TDO (7FFF);
SDR 16 TDI (FFFF) TDO (FFFF);
SDR 16 TDI (FFFF) TDO (BFFF);
SDR 16 TDI (FFFF) TDO (FFFF);
SDR 16 TDI (FFFF) TDO (7FFF);
SDR 16 TDI (FFFF) TDO (FFFF);
SDR 16 TDI (FFFF) TDO (BFFF);
SDR 16 TDI (FFFF) TDO (FFFF);
SDR 16 TDI (FFFF) TDO (7FFF);
SDR 16 TDI (FFFF) TDO (FFFF);
SDR 16 TDI (FFFF) TDO (BFFF);
SDR 16 TDI (FFFF) TDO (FFFF);
SDR 16 TDI (FFFF) TDO (7FFF);
SDR 16 TDI (FFFF) TDO (FFFF);
SDR 16 TDI (FFFF) TDO (BFFF);
SDR 16 TDI (FFFF) TDO (FFFF);
SDR 16 TDI (FFFF) TDO (7FFF);
SDR 16 TDI (FFFF) TDO (FFFF);
SDR 16 TDI (FFFF) TDO (BFFF);
SDR 16 TDI (FFFF) TDO (FFFF);
SDR 16 TDI (FFFF) TDO (7FFF);
SDR 16 TDI (FFFF) TDO (FFFF);
SDR 16 TDI (FFFF) TDO (BFFF);
SDR 16 TDI (FFFF) TDO (FFFF);
SDR 16 TDI (FFFF) TDO (7FFF);
SDR 16 TDI (FFFF) TDO (FFFF);
SDR 16 TDI (FFFF) TDO (BFFF);
SDR 16 TDI (FFFF) TDO (FFFF);
SDR 16 TDI (FFFF) TDO (7FFF);
SDR 16 TDI (FFFF) TDO (FFFF);
SDR 16 TDI (FFFF) TDO (BFFF);
SDR 16 TDI (FFFF) TDO (FFFF);
SDR 16 TDI (FFFF) TDO (7FFF);
SDR 16 TDI (FFFF) TDO (FFFF);
SDR 16 TDI (FFFF) TDO (BFFF);
SDR 16 TDI (FFFF) TDO (FFFF);
SDR 16 TDI (FFFF) TDO (7FFF);
SDR 16 TDI (FFFF) TDO (FFFF);
SDR 16 TDI (FFFF) TDO (BFFF);
SDR 16 TDI (FFFF) TDO (FFFF);
SDR 16 TDI (FFFF) TDO (7FFF);
SDR 16 TDI (FFFF) TDO (FFFF);
SDR 16 TDI (FFFF) TDO (BFFF);
SDR 16 TDI (FFFF) TDO (FFFF);
SDR 16 TDI (FFFF) TDO (7FFF);
SDR 16 TDI (FFFF) TDO (FFFF);
SDR 16 TDI (FFFF) TDO (BFFF);
SDR 16 TDI (FFFF) TDO (FFFF);
SDR 16 TDI (FFFF) TDO (7FFF);
SDR 16 TDI (FFFF) TDO (FFFF);
SDR 16 TDI (FFFF) TDO (BFFF);
SDR 16 TDI (FFFF) TDO (FFFF);
SDR 16 TDI (FFFF) TDO (7FFF);
SDR 16 TDI (FFFF) TDO (FFFF);
SDR 16 TDI (FFFF) TDO (BFFF);
SDR 16 TDI (FFFF) TDO (FFFF);
SDR 16 TDI (FFFF) TDO (7FFF);
SDR 16 TDI (FFFF) TDO (FFFF);
SDR 16 TDI (FFFF) TDO (BFFF);
SDR 16 TDI (FFFF) TDO (FFFF);
SDR 16 TDI (FFFF) TDO (7FFF);
SDR 16 TDI (FFFF) TDO (FFFF);
SDR 16 TDI (FFFF) TDO (BFFF);
SDR 16 TDI (FFFF) TDO (FFFF);
SDR 16 TDI (FFFF) TDO (7FFF);
SDR 16 TDI (FFFF) TDO (FFFF);
SDR 16 TDI (FFFF) TDO (BFFF);
SDR 16 TDI (FFFF) TDO (FFFF);
SDR 16 TDI (FFFF) TDO (7FFF);
SDR 16 TDI (FFFF) TDO (FFFF);
SDR 16 TDI (FFFF) TDO (BFFF);
SDR 16 TDI (FFFF) TDO (FFFF);
SDR 16 TDI (FFFF) TDO (7FFF);
SDR 16 TDI (FFFF) TDO (FFFF);
SDR 16 TDI (FFFF) TDO (BFFF);
SDR 16 TDI (FFFF) TDO (FFFF);
SDR 16 TDI (FFFF) TDO (7FFF);
SDR 16 TDI (FFFF) TDO (FFFF);
SDR 16 TDI (FFFF) TDO (BFFF);
SDR 16 TDI (FFFF) TDO (FFFF);
SDR 16 TDI (FFFF) TDO (7FFF);
SDR 16 TDI (FFFF) TDO (FFFF);
SDR 16 TDI (FFFF) TDO (BFFF);
SDR 16 TDI (FFFF) TDO (FFFF);
SDR 16 TDI (FFFF) TDO (7FFF);
SDR 16 TDI (FFFF) TDO (FFFF);
SDR 16 TDI (FFFF) TDO (BFFF);
SDR 16 TDI (FFFF) TDO (FFFF);
SDR 16 TDI (FFFF) TDO (7FFF);
SDR 16 TDI (FFFF) TDO (FFFF);
SDR 16 TDI (FFFF) TDO (BFFF);
SDR 16 TDI (FFFF) TDO (FFFF);
SDR 16 TDI (FFFF) TDO (7FFF);
SDR 16 TDI (FFFF) TDO (FFFF);
SDR 16 TDI (FFFF) TDO (BFFF);
SDR 16 TDI (FFFF) TDO (FFFF);
SDR 16 TDI (FFFF) TDO (7FFF);
SDR 16 TDI (FFFF) TDO (FFFF);
SDR 16 TDI (FFFF) TDO (BFFF);
SDR 16 TDI (FFFF) TDO (FFFF);
SDR 16 TDI (FFFF) TDO (7FFF);
SDR 16 TDI (FFFF) TDO (FFFF);
SDR 16 TDI (FFFF) TDO (BFFF);
SDR 16 TDI (FFFF) TDO (FFFF);
SDR 16 TDI (FFFF) TDO (7FFF);
SDR 16 TDI (FFFF) TDO (FFFF);
SDR 16 TDI (FFFF) TDO (BFFF);
SDR 16 TDI (FFFF) TDO (FFFF);
SDR 16 TDI (FFFF) TDO (7FFF);
SDR 16 TDI (FFFF) TDO (FFFF);
SDR 16 TDI (FFFF) TDO (BFFF);
SDR 16 TDI (FFFF) TDO (FFFF);
SDR 16 TDI (FFFF) TDO (7FFF);
SDR 16 TDI (FFFF) TDO (FFFF);
SDR 16 TDI (FFFF) TDO (BFFF);
SDR 16 TDI (FFFF) TDO (FFFF);
SDR 16 TDI (FFFF) TDO (7FFF);
SDR 16 TDI (FFFF) TDO (FFFF);
SDR 16 TDI (FFFF) TDO (BFFF);
SDR 16 TDI (FFFF) TDO (FFFF);
SDR 16 TDI (FFFF) TDO (7FFF);
SDR 16 TDI (FFFF) TDO (FFFF);
SDR 16 TDI (FFFF) TDO (BFFF);
SDR 16 TDI (FFFF) TDO (FFFF);
SDR 16 TDI (FFFF) TDO (7FFF);
SDR 16 TDI (FFFF) TDO (FFFF);
SDR 16 TDI (FFFF) TDO (BFFF);
SDR 16 TDI (FFFF) TDO (FFFF);
SDR 16 TDI (FFFF) TDO (7FFF);
SDR 16 TDI (FFFF) TDO (FFFF);
SDR 16 TDI (FFFF) TDO (BFFF);
SDR 16 TDI (FFFF) TDO (FFFF);
SDR 16 TDI (FFFF) TDO (7FFF);
SDR 16 TDI (FFFF) TDO (FFFF);
SDR 16 TDI (FFFF) TDO (BFFF);
SDR 16 TDI (FFFF) TDO (FFFF);
SDR 16 TDI (FFFF) TDO (7FFF);
SDR 16 TDI (FFFF) TDO (FFFF);
SDR 16 TDI (FFFF) TDO (BFFF);
SDR 16 TDI (FFFF) TDO (FFFF);
SDR 16 TDI (FFFF) TDO (7FFF);
SDR 16 TDI (FFFF) TDO (FFFF);
SDR 16 TDI (FFFF) TDO (BFFF);
SDR 16 TDI (FFFF) TDO (FFFF);
SDR 16 TDI (FFFF) TDO (7FFF);
SDR 16 TDI (FFFF) TDO (FFFF);
SDR 16 TDI (FFFF) TDO (BFFF);
SDR 16 TDI (FFFF) TDO (FFFF);
SDR 16 TDI (FFFF) TDO (7FFF);
SDR 16 TDI (FFFF) TDO (FFFF);
SDR 16 TDI (FFFF) TDO (BFFF);
SDR 16 TDI (FFFF) TDO (FFFF);
SDR 16 TDI (FFFF) TDO (7FFF);
SDR 16 TDI (FFFF) TDO (FFFF);
SDR 16 TDI (FFFF) TDO (BFFF);
SDR 16 TDI (FFFF) TDO (FFFF);
SDR 16 TDI (FFFF) TDO (7FFF);
SDR 16 TDI (FFFF) TDO (FFFF);
SDR 16 TDI (FFFF) TDO (BFFF);
SDR 16 TDI (FFFF) TDO (FFFF);
SDR 16 TDI (FFFF) TDO (7FFF);
SDR 16 TDI (FFFF) TDO (FFFF);
SDR 16 TDI (FFFF) TDO (BFFF);
SDR 16 TDI (FFFF) TDO (FFFF);
SDR 16 TDI (FFFF) TDO (7FFF);
SDR 16 TDI (FFFF) TDO (FFFF);
SDR 16 TDI (FFFF) TDO (BFFF);
SDR 16 TDI (FFFF) TDO (FFFF);
SDR 16 TDI (FFFF) TDO (7FFF);
SDR 16 TDI (FFFF) TDO (FFFF);
SDR 16 TDI (FFFF) TDO (BFFF);
SDR 16 TDI (FFFF) TDO (FFFF);
SDR 16 TDI (FFFF) TDO (7FFF);
SDR 16 TDI (FFFF) TDO (FFFF);
SDR 16 TDI (FFFF) TDO (BFFF);
SDR 16 TDI (FFFF) TDO (FFFF);
SDR 16 TDI (FFFF) TDO (7FFF);
SDR 16 TDI (FFFF) TDO (FFFF);
SDR 16 TDI (FFFF) TDO (BFFF);
SDR 16 TDI (FFFF) TDO (FFFF);
SDR 16 TDI (FFFF) TDO (7FFF);
SDR 16 TDI (FFFF) TDO (FFFF);
SDR 16 TDI (FFFF) TDO (BFFF);
SDR 16 TDI (FFFF) TDO (FFFF);
SDR 16 TDI (FFFF) TDO (7FFF);
SDR 16 TDI (FFFF) TDO (FFFF);
SDR 16 TDI (FFFF) TDO (BFFF);
SDR 16 TDI (FFFF) TDO (FFFF);
SDR 16 TDI (FFFF) TDO (7FFF);
SDR 16 TDI (FFFF) TDO (FFFF);
SDR 16 TDI (FFFF) TDO (BFFF);
SDR 16 TDI (FFFF) TDO (FFFF);
SDR 16 TDI (FFFF) TDO (7FFF);
SDR 16 TDI (FFFF) TDO (FFFF);
SDR 16 TDI (FFFF) TDO (BFFF);
SDR 16 TDI (FFFF) TDO (FFFF);
SIR 10 TDI (203);
RUNTEST 4 TCK;
SDR 13 TDI (0001);
SIR 10 TDI (205);
RUNTEST 4 TCK;
SDR 16 TDI (FFFF) TDO (FFFF) MASK (FFFF);
SDR 16 TDI (FFFF) TDO (FFFF);
SDR 16 TDI (FFFF) TDO (FFFF);
SDR 16 TDI (FFFF) TDO (FFFF);
SDR 16 TDI (FFFF) TDO (FFFF);
SDR 16 TDI (FFFF) TDO (FFFF);
SDR 16 TDI (FFFF) TDO (FFFF);
SDR 16 TDI (FFFF) TDO (FFFF);
SDR 16 TDI (FFFF) TDO (FFFF);
SDR 16 TDI (FFFF) TDO (FFFF);
SDR 16 TDI (FFFF) TDO (FFFF);
SDR 16 TDI (FFFF) TDO (FFFF);
SDR 16 TDI (FFFF) TDO (FFFF);
SDR 16 TDI (FFFF) TDO (FFFF);
SDR 16 TDI (FFFF) TDO (FFFF);
SDR 16 TDI (FFFF) TDO (FFFF);
SDR 16 TDI (FFFF) TDO (FFFF);
SDR 16 TDI (FFFF) TDO (FFFF);
SDR 16 TDI (FFFF) TDO (FFFF);
SDR 16 TDI (FFFF) TDO (FFFF);
SDR 16 TDI (FFFF) TDO (FFFF);
SDR 16 TDI (FFFF) TDO (FFFF);
SDR 16 TDI (FFFF) TDO (FFFF);
SDR 16 TDI (FFFF) TDO (FFFF);
SDR 16 TDI (FFFF) TDO (FFFF);
SDR 16 TDI (FFFF) TDO (FFFF);
SDR 16 TDI (FFFF) TDO (FFFF);
SDR 16 TDI (FFFF) TDO (FFFF);
SDR 16 TDI (FFFF) TDO (FFFF);
SDR 16 TDI (FFFF) TDO (FFFF);
SDR 16 TDI (FFFF) TDO (FFFF);
SDR 16 TDI (FFFF) TDO (FFFF);
SDR 16 TDI (FFFF) TDO (FFFF);
SDR 16 TDI (FFFF) TDO (FFFF);
SDR 16 TDI (FFFF) TDO (FFFF);
SDR 16 TDI (FFFF) TDO (FFFF);
SDR 16 TDI (FFFF) TDO (FFFF);
SDR 16 TDI (FFFF) TDO (FFFF);
SDR 16 TDI (FFFF) TDO (FFFF);
SDR 16 TDI (FFFF) TDO (FFFF);
SDR 16 TDI (FFFF) TDO (FFFF);
SDR 16 TDI (FFFF) TDO (FFFF);
SDR 16 TDI (FFFF) TDO (FFFF);
SDR 16 TDI (FFFF) TDO (FFFF);
SDR 16 TDI (FFFF) TDO (FFFF);
SDR 16 TDI (FFFF) TDO (FFFF);
SDR 16 TDI (FFFF) TDO (FFFF);
SDR 16 TDI (FFFF) TDO (FFFF);
SDR 16 TDI (FFFF) TDO (FFFF);
SDR 16 TDI (FFFF) TDO (FFFF);
SDR 16 TDI (FFFF) TDO (FFFF);
SDR 16 TDI (FFFF) TDO (FFFF);
SDR 16 TDI (FFFF) TDO (FFFF);
SDR 16 TDI (FFFF) TDO (FFFF);
SDR 16 TDI (FFFF) TDO (FFFF);
SDR 16 TDI (FFFF) TDO (FFFF);
SDR 16 TDI (FFFF) TDO (FFFF);
SDR 16 TDI (FFFF) TDO (FFFF);
SDR 16 TDI (FFFF) TDO (FFFF);
SDR 16 TDI (FFFF) TDO (FFFF);
SDR 16 TDI (FFFF) TDO (FFFF);
SDR 16 TDI (FFFF) TDO (FFFF);
SDR 16 TDI (FFFF) TDO (FFFF);
SDR 16 TDI (FFFF) TDO (FFFF);
SDR 16 TDI (FFFF) TDO (FFFF);
SDR 16 TDI (FFFF) TDO (FFFF);
SDR 16 TDI (FFFF) TDO (FFFF);
SDR 16 TDI (FFFF) TDO (FFFF);
SDR 16 TDI (FFFF) TDO (FFFF);
SDR 16 TDI (FFFF) TDO (FFFF);
SDR 16 TDI (FFFF) TDO (FFFF);
SDR 16 TDI (FFFF) TDO (FFFF);
SDR 16 TDI (FFFF) TDO (FFFF);
SDR 16 TDI (FFFF) TDO (FFFF);
SDR 16 TDI (FFFF) TDO (FFFF);
SDR 16 TDI (FFFF) TDO (FFFF);
SDR 16 TDI (FFFF) TDO (FFFF);
SDR 16 TDI (FFFF) TDO (FFFF);
SDR 16 TDI (FFFF) TDO (FFFF);
SDR 16 TDI (FFFF) TDO (FFFF);
SDR 16 TDI (FFFF) TDO (FFFF);
SDR 16 TDI (FFFF) TDO (FFFF);
SDR 16 TDI (FFFF) TDO (FFFF);
SDR 16 TDI (FFFF) TDO (FFFF);
SDR 16 TDI (FFFF) TDO (FFFF);
SDR 16 TDI (FFFF) TDO (FFFF);
SDR 16 TDI (FFFF) TDO (FFFF);
SDR 16 TDI (FFFF) TDO (FFFF);
SDR 16 TDI (FFFF) TDO (FFFF);
SDR 16 TDI (FFFF) TDO (FFFF);
SDR 16 TDI (FFFF) TDO (FFFF);
SDR 16 TDI (FFFF) TDO (FFFF);
SDR 16 TDI (FFFF) TDO (FFFF);
SDR 16 TDI (FFFF) TDO (FFFF);
SDR 16 TDI (FFFF) TDO (FFFF);
SDR 16 TDI (FFFF) TDO (FFFF);
SDR 16 TDI (FFFF) TDO (FFFF);
SDR 16 TDI (FFFF) TDO (FFFF);
SDR 16 TDI (FFFF) TDO (FFFF);
SDR 16 TDI (FFFF) TDO (FFFF);
SDR 16 TDI (FFFF) TDO (FFFF);
SDR 16 TDI (FFFF) TDO (FFFF);
SDR 16 TDI (FFFF) TDO (FFFF);
SDR 16 TDI (FFFF) TDO (FFFF);
SDR 16 TDI (FFFF) TDO (FFFF);
SDR 16 TDI (FFFF) TDO (FFFF);
SDR 16 TDI (FFFF) TDO (FFFF);
SDR 16 TDI (FFFF) TDO (FFFF);
SDR 16 TDI (FFFF) TDO (FFFF);
SDR 16 TDI (FFFF) TDO (FFFF);
SDR 16 TDI (FFFF) TDO (FFFF);
SDR 16 TDI (FFFF) TDO (FFFF);
SDR 16 TDI (FFFF) TDO (FFFF);
SDR 16 TDI (FFFF) TDO (FFFF);
SDR 16 TDI (FFFF) TDO (FFFF);
SDR 16 TDI (FFFF) TDO (FFFF);
SDR 16 TDI (FFFF) TDO (FFFF);
SDR 16 TDI (FFFF) TDO (FFFF);
SDR 16 TDI (FFFF) TDO (FFFF);
SDR 16 TDI (FFFF) TDO (FFFF);
SDR 16 TDI (FFFF) TDO (FFFF);
SDR 16 TDI (FFFF) TDO (FFFF);
SDR 16 TDI (FFFF) TDO (FFFF);
SDR 16 TDI (FFFF) TDO (FFFF);
SDR 16 TDI (FFFF) TDO (FFFF);
SDR 16 TDI (FFFF) TDO (FFFF);
SDR 16 TDI (FFFF) TDO (FFFF);
SDR 16 TDI (FFFF) TDO (FFFF);
SDR 16 TDI (FFFF) TDO (FFFF);
SDR 16 TDI (FFFF) TDO (FFFF);
SDR 16 TDI (FFFF) TDO (FFFF);
SDR 16 TDI (FFFF) TDO (FFFF);
SDR 16 TDI (FFFF) TDO (FFFF);
SDR 16 TDI (FFFF) TDO (FFFF);
SDR 16 TDI (FFFF) TDO (FFFF);
SDR 16 TDI (FFFF) TDO (FFFF);
SDR 16 TDI (FFFF) TDO (FFFF);
SDR 16 TDI (FFFF) TDO (FFFF);
SDR 16 TDI (FFFF) TDO (FFFF);
SDR 16 TDI (FFFF) TDO (FFFF);
SDR 16 TDI (FFFF) TDO (FFFF);
SDR 16 TDI (FFFF) TDO (FFFF);
SDR 16 TDI (FFFF) TDO (FFFF);
SDR 16 TDI (FFFF) TDO (FFFF);
SDR 16 TDI (FFFF) TDO (FFFF);
SDR 16 TDI (FFFF) TDO (FFFF);
SDR 16 TDI (FFFF) TDO (FFFF);
SDR 16 TDI (FFFF) TDO (FFFF);
SDR 16 TDI (FFFF) TDO (FFFF);
SDR 16 TDI (FFFF) TDO (FFFF);
SDR 16 TDI (FFFF) TDO (FFFF);
SDR 16 TDI (FFFF) TDO (FFFF);
SDR 16 TDI (FFFF) TDO (FFFF);
SDR 16 TDI (FFFF) TDO (FFFF);
SDR 16 TDI (FFFF) TDO (FFFF);
SDR 16 TDI (FFFF) TDO (FFFF);
SDR 16 TDI (FFFF) TDO (FFFF);
SDR 16 TDI (FFFF) TDO (FFFF);
SDR 16 TDI (FFFF) TDO (FFFF);
SDR 16 TDI (FFFF) TDO (FFFF);
SDR 16 TDI (FFFF) TDO (FFFF);
SDR 16 TDI (FFFF) TDO (FFFF);
SDR 16 TDI (FFFF) TDO (FFFF);
SDR 16 TDI (FFFF) TDO (FFFF);
SDR 16 TDI (FFFF) TDO (FFFF);
SDR 16 TDI (FFFF) TDO (FFFF);
SDR 16 TDI (FFFF) TDO (FFFF);
SDR 16 TDI (FFFF) TDO (FFFF);
SDR 16 TDI (FFFF) TDO (FFFF);
SDR 16 TDI (FFFF) TDO (FFFF);
SDR 16 TDI (FFFF) TDO (FFFF);
SDR 16 TDI (FFFF) TDO (FFFF);
SDR 16 TDI (FFFF) TDO (FFFF);
SDR 16 TDI (FFFF) TDO (FFFF);
SDR 16 TDI (FFFF) TDO (FFFF);
SDR 16 TDI (FFFF) TDO (FFFF);
SDR 16 TDI (FFFF) TDO (FFFF);
SDR 16 TDI (FFFF) TDO (FFFF);
SDR 16 TDI (FFFF) TDO (FFFF);
SDR 16 TDI (FFFF) TDO (FFFF);
SDR 16 TDI (FFFF) TDO (FFFF);
SDR 16 TDI (FFFF) TDO (FFFF);
SDR 16 TDI (FFFF) TDO (FFFF);
SDR 16 TDI (FFFF) TDO (FFFF);
SDR 16 TDI (FFFF) TDO (FFFF);
SDR 16 TDI (FFFF) TDO (FFFF);
SDR 16 TDI (FFFF) TDO (FFFF);
SDR 16 TDI (FFFF) TDO (FFFF);
SDR 16 TDI (FFFF) TDO (FFFF);
SDR 16 TDI (FFFF) TDO (FFFF);
SDR 16 TDI (FFFF) TDO (FFFF);
SDR 16 TDI (FFFF) TDO (FFFF);
SDR 16 TDI (FFFF) TDO (FFFF);
SDR 16 TDI (FFFF) TDO (FFFF);
SDR 16 TDI (FFFF) TDO (FFFF);
SDR 16 TDI (FFFF) TDO (FFFF);
SDR 16 TDI (FFFF) TDO (FFFF);
SDR 16 TDI (FFFF) TDO (FFFF);
SDR 16 TDI (FFFF) TDO (FFFF);
SDR 16 TDI (FFFF) TDO (FFFF);
SDR 16 TDI (FFFF) TDO (FFFF);
SDR 16 TDI (FFFF) TDO (FFFF);
SDR 16 TDI (FFFF) TDO (FFFF);
SDR 16 TDI (FFFF) TDO (FFFF);
SDR 16 TDI (FFFF) TDO (FFFF);
SDR 16 TDI (FFFF) TDO (FFFF);
SDR 16 TDI (FFFF) TDO (FFFF);
SDR 16 TDI (FFFF) TDO (FFFF);
SDR 16 TDI (FFFF) TDO (FFFF);
SDR 16 TDI (FFFF) TDO (FFFF);
SDR 16 TDI (FFFF) TDO (FFFF);
SDR 16 TDI (FFFF) TDO (FFFF);
SDR 16 TDI (FFFF) TDO (FFFF);
SDR 16 TDI (FFFF) TDO (FFFF);
SDR 16 TDI (FFFF) TDO (FFFF);
SDR 16 TDI (FFFF) TDO (FFFF);
SDR 16 TDI (FFFF) TDO (FFFF);
SDR 16 TDI (FFFF) TDO (FFFF);
SDR 16 TDI (FFFF) TDO (FFFF);
SDR 16 TDI (FFFF) TDO (FFFF);
SDR 16 TDI (FFFF) TDO (FFFF);
SDR 16 TDI (FFFF) TDO (FFFF);
SDR 16 TDI (FFFF) TDO (FFFF);
SDR 16 TDI (FFFF) TDO (FFFF);
SDR 16 TDI (FFFF) TDO (FFFF);
SDR 16 TDI (FFFF) TDO (FFFF);
SDR 16 TDI (FFFF) TDO (FFFF);
SDR 16 TDI (FFFF) TDO (FFFF);
SDR 16 TDI (FFFF) TDO (FFFF);
SDR 16 TDI (FFFF) TDO (FFFF);
SDR 16 TDI (FFFF) TDO (FFFF);
SDR 16 TDI (FFFF) TDO (FFFF);
SDR 16 TDI (FFFF) TDO (FFFF);
SDR 16 TDI (FFFF) TDO (FFFF);
SDR 16 TDI (FFFF) TDO (FFFF);
SDR 16 TDI (FFFF) TDO (FFFF);
SDR 16 TDI (FFFF) TDO (FFFF);
SDR 16 TDI (FFFF) TDO (FFFF);
SDR 16 TDI (FFFF) TDO (FFFF);
SDR 16 TDI (FFFF) TDO (FFFF);
SDR 16 TDI (FFFF) TDO (FFFF);
SDR 16 TDI (FFFF) TDO (FFFF);
SDR 16 TDI (FFFF) TDO (FFFF);
SDR 16 TDI (FFFF) TDO (FFFF);
SDR 16 TDI (FFFF) TDO (FFFF);
SDR 16 TDI (FFFF) TDO (FFFF);
SDR 16 TDI (FFFF) TDO (FFFF);
SDR 16 TDI (FFFF) TDO (FFFF);
SDR 16 TDI (FFFF) TDO (FFFF);
SDR 16 TDI (FFFF) TDO (FFFF);
SDR 16 TDI (FFFF) TDO (FFFF);
SDR 16 TDI (FFFF) TDO (FFFF);
SDR 16 TDI (FFFF) TDO (FFFF);
SDR 16 TDI (FFFF) TDO (FFFF);
SDR 16 TDI (FFFF) TDO (FFFF);
SDR 16 TDI (FFFF) TDO (FFFF);
SDR 16 TDI (FFFF) TDO (FFFF);
SDR 16 TDI (FFFF) TDO (FFFF);
SDR 16 TDI (FFFF) TDO (FFFF);
SDR 16 TDI (FFFF) TDO (FFFF);
SDR 16 TDI (FFFF) TDO (FFFF);
SDR 16 TDI (FFFF) TDO (FFFF);
SDR 16 TDI (FFFF) TDO (FFFF);
SDR 16 TDI (FFFF) TDO (FFFF);
SDR 16 TDI (FFFF) TDO (FFFF);
SDR 16 TDI (FFFF) TDO (FFFF);
SDR 16 TDI (FFFF) TDO (FFFF);
SDR 16 TDI (FFFF) TDO (FFFF);
SDR 16 TDI (FFFF) TDO (FFFF);
SDR 16 TDI (FFFF) TDO (FFFF);
SDR 16 TDI (FFFF) TDO (FFFF);
SDR 16 TDI (FFFF) TDO (FFFF);
SDR 16 TDI (FFFF) TDO (FFFF);
SDR 16 TDI (FFFF) TDO (FFFF);
SDR 16 TDI (FFFF) TDO (FFFF);
SDR 16 TDI (FFFF) TDO (FFFF);
SDR 16 TDI (FFFF) TDO (FFFF);
SDR 16 TDI (FFFF) TDO (FFFF);
SDR 16 TDI (FFFF) TDO (FFFF);
SDR 16 TDI (FFFF) TDO (FFFF);
SDR 16 TDI (FFFF) TDO (FFFF);
SDR 16 TDI (FFFF) TDO (FFFF);
SDR 16 TDI (FFFF) TDO (FFFF);
SDR 16 TDI (FFFF) TDO (FFFF);
SDR 16 TDI (FFFF) TDO (FFFF);
SDR 16 TDI (FFFF) TDO (FFFF);
SDR 16 TDI (FFFF) TDO (FFFF);
SDR 16 TDI (FFFF) TDO (FFFF);
SDR 16 TDI (FFFF) TDO (FFFF);
SDR 16 TDI (FFFF) TDO (FFFF);
SDR 16 TDI (FFFF) TDO (FFFF);
SDR 16 TDI (FFFF) TDO (FFFF);
SDR 16 TDI (FFFF) TDO (FFFF);
SDR 16 TDI (FFFF) TDO (FFFF);
SDR 16 TDI (FFFF) TDO (FFFF);
SDR 16 TDI (FFFF) TDO (FFFF);
SDR 16 TDI (FFFF) TDO (FFFF);
SDR 16 TDI (FFFF) TDO (FFFF);
SDR 16 TDI (FFFF) TDO (FFFF);
SDR 16 TDI (FFFF) TDO (FFFF);
SDR 16 TDI (FFFF) TDO (FFFF);
SDR 16 TDI (FFFF) TDO (FFFF);
SDR 16 TDI (FFFF) TDO (FFFF);
SDR 16 TDI (FFFF) TDO (FFFF);
SDR 16 TDI (FFFF) TDO (FFFF);
SDR 16 TDI (FFFF) TDO (FFFF);
SDR 16 TDI (FFFF) TDO (FFFF);
SDR 16 TDI (FFFF) TDO (FFFF);
SDR 16 TDI (FFFF) TDO (FFFF);
SDR 16 TDI (FFFF) TDO (FFFF);
SDR 16 TDI (FFFF) TDO (FFFF);
SDR 16 TDI (FFFF) TDO (FFFF);
SDR 16 TDI (FFFF) TDO (FFFF);
SDR 16 TDI (FFFF) TDO (FFFF);
SDR 16 TDI (FFFF) TDO (FFFF);
SDR 16 TDI (FFFF) TDO (FFFF);
SDR 16 TDI (FFFF) TDO (FFFF);
SDR 16 TDI (FFFF) TDO (FFFF);
SDR 16 TDI (FFFF) TDO (FFFF);
SDR 16 TDI (FFFF) TDO (FFFF);
SDR 16 TDI (FFFF) TDO (FFFF);
SDR 16 TDI (FFFF) TDO (FFFF);
SDR 16 TDI (FFFF) TDO (FFFF);
SDR 16 TDI (FFFF) TDO (FFFF);
SDR 16 TDI (FFFF) TDO (FFFF);
SDR 16 TDI (FFFF) TDO (FFFF);
SDR 16 TDI (FFFF) TDO (FFFF);
SDR 16 TDI (FFFF) TDO (FFFF);
SDR 16 TDI (FFFF) TDO (FFFF);
SDR 16 TDI (FFFF) TDO (FFFF);
SDR 16 TDI (FFFF) TDO (FFFF);
SDR 16 TDI (FFFF) TDO (FFFF);
SDR 16 TDI (FFFF) TDO (FFFF);
SDR 16 TDI (FFFF) TDO (FFFF);
SDR 16 TDI (FFFF) TDO (FFFF);
SDR 16 TDI (FFFF) TDO (FFFF);
SDR 16 TDI (FFFF) TDO (FFFF);
SDR 16 TDI (FFFF) TDO (FFFF);
SDR 16 TDI (FFFF) TDO (FFFF);
SDR 16 TDI (FFFF) TDO (FFFF);
SDR 16 TDI (FFFF) TDO (FFFF);
SDR 16 TDI (FFFF) TDO (FFFF);
SDR 16 TDI (FFFF) TDO (FFFF);
SDR 16 TDI (FFFF) TDO (FFFF);
SDR 16 TDI (FFFF) TDO (FFFF);
SDR 16 TDI (FFFF) TDO (FFFF);
SDR 16 TDI (FFFF) TDO (FFFF);
SDR 16 TDI (FFFF) TDO (FFFF);
SDR 16 TDI (FFFF) TDO (FFFF);
SDR 16 TDI (FFFF) TDO (FFFF);
SDR 16 TDI (FFFF) TDO (FFFF);
SDR 16 TDI (FFFF) TDO (FFFF);
SDR 16 TDI (FFFF) TDO (FFFF);
SDR 16 TDI (FFFF) TDO (FFFF);
SDR 16 TDI (FFFF) TDO (FFFF);
SDR 16 TDI (FFFF) TDO (FFFF);
SDR 16 TDI (FFFF) TDO (FFFF);
SDR 16 TDI (FFFF) TDO (FFFF);
SDR 16 TDI (FFFF) TDO (FFFF);
SDR 16 TDI (FFFF) TDO (FFFF);
SDR 16 TDI (FFFF) TDO (FFFF);
SDR 16 TDI (FFFF) TDO (FFFF);
SDR 16 TDI (FFFF) TDO (FFFF);
SDR 16 TDI (FFFF) TDO (FFFF);
SDR 16 TDI (FFFF) TDO (FFFF);
SDR 16 TDI (FFFF) TDO (FFFF);
SDR 16 TDI (FFFF) TDO (FFFF);
SDR 16 TDI (FFFF) TDO (FFFF);
SDR 16 TDI (FFFF) TDO (FFFF);
SDR 16 TDI (FFFF) TDO (FFFF);
SDR 16 TDI (FFFF) TDO (FFFF);
SDR 16 TDI (FFFF) TDO (FFFF);
SDR 16 TDI (FFFF) TDO (FFFF);
SDR 16 TDI (FFFF) TDO (FFFF);
SDR 16 TDI (FFFF) TDO (FFFF);
SDR 16 TDI (FFFF) TDO (FFFF);
SDR 16 TDI (FFFF) TDO (FFFF);
SDR 16 TDI (FFFF) TDO (FFFF);
SDR 16 TDI (FFFF) TDO (FFFF);
SDR 16 TDI (FFFF) TDO (FFFF);
SDR 16 TDI (FFFF) TDO (FFFF);
SDR 16 TDI (FFFF) TDO (FFFF);
SDR 16 TDI (FFFF) TDO (FFFF);
SDR 16 TDI (FFFF) TDO (FFFF);
SDR 16 TDI (FFFF) TDO (FFFF);
SDR 16 TDI (FFFF) TDO (FFFF);
SDR 16 TDI (FFFF) TDO (FFFF);
SDR 16 TDI (FFFF) TDO (FFFF);
SDR 16 TDI (FFFF) TDO (FFFF);
SDR 16 TDI (FFFF) TDO (FFFF);
SDR 16 TDI (FFFF) TDO (FFFF);
SDR 16 TDI (FFFF) TDO (FFFF);
SDR 16 TDI (FFFF) TDO (FFFF);
SDR 16 TDI (FFFF) TDO (FFFF);
SDR 16 TDI (FFFF) TDO (FFFF);
SDR 16 TDI (FFFF) TDO (FFFF);
SDR 16 TDI (FFFF) TDO (FFFF);
SDR 16 TDI (FFFF) TDO (FFFF);
SDR 16 TDI (FFFF) TDO (FFFF);
SDR 16 TDI (FFFF) TDO (FFFF);
SDR 16 TDI (FFFF) TDO (FFFF);
SDR 16 TDI (FFFF) TDO (FFFF);
SDR 16 TDI (FFFF) TDO (FFFF);
SDR 16 TDI (FFFF) TDO (FFFF);
SDR 16 TDI (FFFF) TDO (FFFF);
SDR 16 TDI (FFFF) TDO (FFFF);
SDR 16 TDI (FFFF) TDO (FFFF);
SDR 16 TDI (FFFF) TDO (FFFF);
SDR 16 TDI (FFFF) TDO (FFFF);
SDR 16 TDI (FFFF) TDO (FFFF);
SDR 16 TDI (FFFF) TDO (FFFF);
SDR 16 TDI (FFFF) TDO (FFFF);
SDR 16 TDI (FFFF) TDO (FFFF);
SDR 16 TDI (FFFF) TDO (FFFF);
SDR 16 TDI (FFFF) TDO (FFFF);
SDR 16 TDI (FFFF) TDO (FFFF);
SDR 16 TDI (FFFF) TDO (FFFF);
SDR 16 TDI (FFFF) TDO (FFFF);
SDR 16 TDI (FFFF) TDO (FFFF);
SDR 16 TDI (FFFF) TDO (FFFF);
SDR 16 TDI (FFFF) TDO (FFFF);
SDR 16 TDI (FFFF) TDO (FFFF);
SDR 16 TDI (FFFF) TDO (FFFF);
SDR 16 TDI (FFFF) TDO (FFFF);
SDR 16 TDI (FFFF) TDO (FFFF);
SDR 16 TDI (FFFF) TDO (FFFF);
SDR 16 TDI (FFFF) TDO (FFFF);
SDR 16 TDI (FFFF) TDO (FFFF);
SDR 16 TDI (FFFF) TDO (FFFF);
SDR 16 TDI (FFFF) TDO (FFFF);
SDR 16 TDI (FFFF) TDO (FFFF);
SDR 16 TDI (FFFF) TDO (FFFF);
SDR 16 TDI (FFFF) TDO (FFFF);
SDR 16 TDI (FFFF) TDO (FFFF);
SDR 16 TDI (FFFF) TDO (FFFF);
SDR 16 TDI (FFFF) TDO (FFFF);
SDR 16 TDI (FFFF) TDO (FFFF);
SDR 16 TDI (FFFF) TDO (FFFF);
SDR 16 TDI (FFFF) TDO (FFFF);
SDR 16 TDI (FFFF) TDO (FFFF);
SDR 16 TDI (FFFF) TDO (FFFF);
SDR 16 TDI (FFFF) TDO (FFFF);
SDR 16 TDI (FFFF) TDO (FFFF);
SDR 16 TDI (FFFF) TDO (FFFF);
SDR 16 TDI (FFFF) TDO (FFFF);
SDR 16 TDI (FFFF) TDO (FFFF);
SDR 16 TDI (FFFF) TDO (FFFF);
SDR 16 TDI (FFFF) TDO (FFFF);
SDR 16 TDI (FFFF) TDO (FFFF);
SDR 16 TDI (FFFF) TDO (FFFF);
SDR 16 TDI (FFFF) TDO (FFFF);
SDR 16 TDI (FFFF) TDO (FFFF);
SDR 16 TDI (FFFF) TDO (FFFF);
SDR 16 TDI (FFFF) TDO (FFFF);
SDR 16 TDI (FFFF) TDO (FFFF);
SDR 16 TDI (FFFF) TDO (FFFF);
SDR 16 TDI (FFFF) TDO (FFFF);
SDR 16 TDI (FFFF) TDO (FFFF);
SDR 16 TDI (FFFF) TDO (FFFF);
SDR 16 TDI (FFFF) TDO (FFFF);
SDR 16 TDI (FFFF) TDO (FFFF);
SDR 16 TDI (FFFF) TDO (FFFF);
SDR 16 TDI (FFFF) TDO (FFFF);
SDR 16 TDI (FFFF) TDO (FFFF);
SDR 16 TDI (FFFF) TDO (FFFF);
SDR 16 TDI (FFFF) TDO (FFFF);
SDR 16 TDI (FFFF) TDO (FFFF);
SDR 16 TDI (FFFF) TDO (FFFF);
SDR 16 TDI (FFFF) TDO (FFFF);
SDR 16 TDI (FFFF) TDO (FFFF);
SDR 16 TDI (FFFF) TDO (FFFF);
SDR 16 TDI (FFFF) TDO (FFFF);
SDR 16 TDI (FFFF) TDO (FFFF);
SDR 16 TDI (FFFF) TDO (FFFF);
SDR 16 TDI (FFFF) TDO (FFFF);
SDR 16 TDI (FFFF) TDO (FFFF);
SDR 16 TDI (FFFF) TDO (FFFF);
SDR 16 TDI (FFFF) TDO (FFFF);
SDR 16 TDI (FFFF) TDO (FFFF);
SDR 16 TDI (FFFF) TDO (FFFF);
SDR 16 TDI (FFFF) TDO (FFFF);
SDR 16 TDI (FFFF) TDO (FFFF);
SDR 16 TDI (FFFF) TDO (FFFF);
SDR 16 TDI (FFFF) TDO (FFFF);
SDR 16 TDI (FFFF) TDO (FFFF);
SDR 16 TDI (FFFF) TDO (FFFF);
SDR 16 TDI (FFFF) TDO (FFFF);
SDR 16 TDI (FFFF) TDO (FFFF);
SDR 16 TDI (FFFF) TDO (FFFF);
SDR 16 TDI (FFFF) TDO (FFFF);
SDR 16 TDI (FFFF) TDO (FFFF);
SDR 16 TDI (FFFF) TDO (FFFF);
SDR 16 TDI (FFFF) TDO (FFFF);
SDR 16 TDI (FFFF) TDO (FFFF);
SDR 16 TDI (FFFF) TDO (FFFF);
SDR 16 TDI (FFFF) TDO (FFFF);
SDR 16 TDI (FFFF) TDO (FFFF);
SDR 16 TDI (FFFF) TDO (FFFF);
SDR 16 TDI (FFFF) TDO (FFFF);
SDR 16 TDI (FFFF) TDO (FFFF);
SDR 16 TDI (FFFF) TDO (FFFF);
SDR 16 TDI (FFFF) TDO (FFFF);
SDR 16 TDI (FFFF) TDO (FFFF);
SDR 16 TDI (FFFF) TDO (FFFF);
SDR 16 TDI (FFFF) TDO (FFFF);
SDR 16 TDI (FFFF) TDO (FFFF);
SDR 16 TDI (FFFF) TDO (FFFF);
SDR 16 TDI (FFFF) TDO (FFFF);
SDR 16 TDI (FFFF) TDO (FFFF);
SDR 16 TDI (FFFF) TDO (FFFF);
SDR 16 TDI (FFFF) TDO (FFFF);
SDR 16 TDI (FFFF) TDO (FFFF);
SIR 10 TDI (203);
RUNTEST 4 TCK;
SDR 13 TDI (0000);
SIR 10 TDI (2F4);
RUNTEST 4 TCK;
SDR 16 TDI (7BFF);
RUNTEST 10 TCK;
SDR 16 TDI (FFFF);
RUNTEST 10 TCK;
SDR 16 TDI (BFFF);
RUNTEST 10 TCK;
SDR 16 TDI (FFFF);
RUNTEST 10 TCK;
SIR 10 TDI (201);
RUNTEST 103 TCK;
SIR 10 TDI (3FF);
RUNTEST 100 TCK;
STATE IDLE;
